patient_id,visit_id,x0,x1,x2,x3,x4,x5,x6,x7,diagnosis
P-0052,V0052-4,-1.535,-0.141,2.453,-0.094,-1.537,0.377,-1.598,0.713,0
P-0145,V0145-2,-0.661,0.011,0.19,0.051,0.975,2.657,0.401,0.118,1
P-0301,V0301-6,0.622,-0.154,-0.005,1.118,-1.117,0.698,-0.108,1.791,1
P-0381,V0381-1,0.433,2.642,1.929,0.179,-0.529,2.426,0.621,0.223,0
P-0399,V0399-0,-1.197,-0.205,-0.535,0.966,0.067,1.121,-1.627,-1.218,0
P-0311,V0311-0,-1.167,0.267,-0.031,0.145,0.897,0.577,0.401,-0.84,0
P-0150,V0150-6,1.009,-0.47,-1.335,-0.554,0.69,1.735,-0.29,-0.613,1
P-0070,V0070-5,-0.538,0.345,-0.792,0.195,0.09,-0.744,0.128,0.129,0
P-0123,V0123-0,0.317,0.505,0.463,-0.646,0.538,-0.362,1.772,0.316,0
P-0378,V0378-1,-0.997,-0.769,1.6,-0.182,-1.089,1.35,-0.13,-1.396,1
P-0093,V0093-1,-0.347,-0.393,-2.12,-1.177,0.934,1.934,-0.957,2.287,1
P-0281,V0281-3,0.414,0.088,-0.025,0.437,1.162,1.349,-0.825,0.886,0
P-0370,V0370-2,0.513,0.671,-1.463,0.95,-0.025,-0.549,0.412,-1.306,1
P-0084,V0084-3,0.08,0.715,1.123,0.72,-1.942,-0.075,-1.118,0.203,0
P-0492,V0492-6,-1.843,0.236,1.182,0.478,-0.085,2.671,1.098,-2.924,0
P-0310,V0310-4,0.301,-0.357,0.978,-0.581,2.26,1.632,0.185,0.7,1
P-0405,V0405-6,0.225,0.486,1.243,0.422,-1.33,0.879,0.656,-0.511,1
P-0217,V0217-4,-0.196,-0.088,1.607,0.957,-0.679,-0.271,-0.301,-0.976,0
P-0101,V0101-1,0.728,0.265,0.536,0.174,-0.698,0.859,-1.082,-1.355,1
P-0397,V0397-3,-0.599,-0.118,0.543,0.775,-0.595,0.372,1.483,-0.993,0
P-0077,V0077-1,0.993,0.604,0.54,-0.649,-0.904,-0.468,0.075,1.196,1
P-0010,V0010-5,0.676,-1.79,0.26,1.65,-0.191,0.99,-1.399,-0.037,1
P-0002,V0002-1,-0.512,0.882,0.638,1.515,-1.55,0.441,-0.484,0.47,1
P-0252,V0252-4,1.107,-0.276,0.272,-2.232,-0.147,0.29,-1.363,-1.678,1
P-0491,V0491-2,-0.062,0.605,-0.61,0.068,0.489,0.495,1.504,-0.902,0
P-0191,V0191-3,0.906,-1.962,1.325,1.989,-0.308,2.059,-0.694,-1.024,0
P-0439,V0439-2,-0.473,2.357,-0.526,3.225,0.037,-0.767,-0.361,0.516,1
P-0259,V0259-2,0.908,0.393,-0.936,-0.209,1.125,-1.844,0.746,-0.7,0
P-0094,V0094-2,-0.375,-0.086,0.041,-2.344,1.336,-2.748,-0.25,-0.325,0
P-0419,V0419-2,0.64,0.511,0.516,-0.865,0.228,1.205,-1.37,-0.486,1
P-0107,V0107-1,-1.137,-1.057,0.152,-2.218,0.099,-0.268,2.671,0.354,0
P-0166,V0166-3,-0.796,1.799,0.789,-1.07,-0.899,-1.513,-1.05,-0.503,0
P-0298,V0298-6,0.774,-0.128,-1.688,0.67,-0.932,2.039,-0.014,-1.737,0
P-0118,V0118-0,-1.431,-0.811,-0.112,0.915,-0.714,-0.861,-3.215,-0.886,0
P-0237,V0237-6,-0.766,-0.576,1.034,-3.052,-0.448,-0.816,-0.081,2.332,1
P-0122,V0122-2,0.209,-0.771,0.272,0.012,-0.22,-2.087,0.469,-0.111,1
P-0386,V0386-4,1.511,-0.236,-0.969,2.085,-1.191,4.14,1.103,0.125,1
P-0028,V0028-0,0.994,2.15,1.983,0.679,0.13,0.72,0.025,-0.226,1
P-0153,V0153-1,-0.234,-0.675,0.647,-0.491,0.12,1.804,0.438,-0.5,1
P-0366,V0366-2,0.16,-0.445,0.264,-0.16,0.926,-0.384,0.001,1.3,0
P-0230,V0230-3,2.025,1.353,0.21,-0.177,0.169,-0.055,1.272,0.222,1
P-0081,V0081-1,1.359,-0.258,1.242,1.225,-1.167,-0.46,-0.492,0.743,1
P-0188,V0188-7,-1.607,-0.768,-1.949,-1.007,-0.535,0.49,-1.909,0.728,0
P-0098,V0098-1,-1.189,-0.158,0.579,-0.861,-0.659,-0.819,0.814,-1.856,0
P-0336,V0336-6,0.909,-1.601,-1.277,0.478,-0.313,-0.749,1.039,-0.383,0
P-0271,V0271-0,-0.805,-1.55,0.679,0.305,0.874,1.542,1.906,0.026,1
P-0267,V0267-1,0.669,-0.467,0.117,0.157,-1.524,0.949,0.665,-0.129,1
P-0177,V0177-1,-0.361,-2.655,0.277,-1.381,0.697,0.035,1.292,0.41,1
P-0034,V0034-3,0.762,0.986,0.575,-1.408,0.549,-1.331,-0.429,-1.256,1
P-0208,V0208-3,2.664,-0.623,0.522,-0.174,0.149,1.624,0.119,0.574,0
P-0113,V0113-2,0.325,-0.728,0.445,-0.483,-0.028,1.317,-0.392,0.003,1
P-0376,V0376-4,2.701,-0.53,-0.56,0.305,0.256,-0.351,-0.27,-1.631,1
P-0059,V0059-7,-1.028,0.854,-0.575,-0.18,0.283,0.843,-0.467,0.822,0
P-0468,V0468-0,0.5,1.765,0.213,1.086,-0.614,-0.315,-0.573,-0.049,1
P-0122,V0122-1,0.731,-1.085,0.498,0.033,-0.799,-2.264,0.041,0.093,1
P-0138,V0138-0,-0.755,-1.068,-0.437,1.364,1.516,1.218,-0.781,-0.141,0
P-0163,V0163-0,-0.904,0.857,-0.697,0.737,0.034,0.321,-0.742,-0.446,0
P-0020,V0020-3,-1.079,-0.157,0.182,-0.337,2.017,0.25,0.241,0.278,0
P-0450,V0450-6,0.734,0.369,-2.276,1.066,-0.132,0.438,-0.127,-0.104,0
P-0434,V0434-3,0.569,1.147,0.231,-0.754,0.988,0.639,0.318,1.103,0
P-0028,V0028-3,0.866,1.371,1.735,0.421,-0.329,0.629,0.2,-0.527,1
P-0140,V0140-3,-0.797,0.307,0.117,1.906,-0.568,-0.339,-1.12,-0.3,0
P-0159,V0159-1,0.457,-1.295,0.398,2.431,-0.56,1.118,-1.845,-0.414,0
P-0089,V0089-0,0.035,0.635,0.697,0.145,-1.561,1.434,-0.577,0.297,1
P-0395,V0395-1,-0.145,1.194,-1.115,1.77,-1.875,0.073,0.866,-1.436,0
P-0168,V0168-5,0.048,0.648,-1.102,-0.43,1.947,0.31,-0.786,-1.404,0
P-0499,V0499-1,-2.225,-1.602,0.969,-0.239,-1.919,0.869,-1.351,1.836,0
P-0246,V0246-2,-0.761,-0.35,1.462,-0.422,-0.501,1.7,-1.231,0.267,0
P-0013,V0013-1,-1.109,-0.027,1.401,2.797,0.598,0.018,1.294,0.461,0
P-0225,V0225-5,0.49,-0.177,1.891,1.533,0.64,-0.566,-0.233,-0.992,1
P-0048,V0048-1,1.013,-0.998,2.285,-0.544,0.842,-0.805,0.492,0.079,0
P-0402,V0402-2,-0.943,1.031,-0.688,0.534,-1.24,0.336,1.111,1.436,0
P-0179,V0179-4,0.134,-0.716,0.487,-0.27,-1.636,0.331,0.158,0.566,1
P-0211,V0211-5,-1.369,-1.568,-1.174,1.554,0.257,-0.486,-1.46,1.474,0
P-0038,V0038-4,0.38,1.346,-0.215,0.204,-0.986,0.686,0.506,-0.092,1
P-0106,V0106-6,-0.088,0.358,0.919,2.113,-0.47,-1.608,-0.464,-1.729,0
P-0469,V0469-1,-0.828,0.736,-0.628,-0.783,0.086,-1.47,-0.119,-1.889,0
P-0371,V0371-0,-0.563,0.26,-0.355,-0.846,1.37,-0.163,0.324,-0.066,0
P-0387,V0387-3,0.843,1.231,0.931,-1.03,-0.686,-0.246,0.903,0.197,1
P-0138,V0138-5,-1.138,-0.828,-0.403,1.276,1.514,0.116,-0.696,0.191,0
P-0261,V0261-0,-1.87,-2.018,0.173,-0.267,0.602,-1.302,0.642,-0.51,0
P-0188,V0188-5,-1.388,-1.742,-2.201,-0.13,0.158,0.517,-1.656,1.186,0
P-0332,V0332-2,-0.525,-0.481,-1.163,1.475,-0.347,0.015,-2.571,2.658,0
P-0101,V0101-6,0.45,0.171,0.535,-0.171,-1.06,0.829,-0.786,-1.675,1
P-0430,V0430-2,1.453,-1.431,-0.7,0.342,-0.434,-0.378,-1.144,-0.497,1
P-0060,V0060-4,-0.01,1.689,-0.959,-0.115,0.993,-0.74,-0.834,0.3,0
P-0206,V0206-0,0.663,0.025,0.418,-0.502,2.165,-0.917,-0.233,0.644,1
P-0464,V0464-2,0.541,3.003,0.274,0.968,1.052,-1.181,2.209,-0.706,0
P-0461,V0461-0,0.05,-1.139,-0.779,1.388,-0.152,-0.475,0.281,-0.739,0
P-0107,V0107-0,-1.189,-0.598,0.83,-2.539,-0.334,0.187,2.345,1.396,0
P-0474,V0474-6,-1.812,-1.298,-0.223,0.378,0.242,0.391,1.464,0.562,1
P-0011,V0011-1,-1.171,0.465,-0.551,0.33,-1.025,0.696,-0.956,-0.887,1
P-0170,V0170-0,-0.562,0.692,-0.35,-2.187,-0.808,1.37,1.365,0.685,1
P-0432,V0432-0,-0.569,2.346,-0.686,0.652,-1.248,-0.815,-0.103,-0.71,1
P-0451,V0451-3,-1.084,1.073,-0.686,-0.797,-1.747,-0.285,-2.411,-0.151,0
P-0281,V0281-5,0.844,-0.198,-0.423,0.361,1.619,1.727,-0.437,1.459,0
P-0390,V0390-0,-2.162,0.378,-0.827,1.29,1.116,-0.899,-0.773,0.078,0
P-0016,V0016-0,1.222,-0.383,1.966,-0.545,1.807,-1.37,-1.498,-1.128,1
P-0304,V0304-2,0.535,-0.948,1.261,-0.593,-0.381,0.411,-0.456,-1.633,1
P-0179,V0179-3,0.581,-1.261,1.135,-0.109,-2.281,0.523,-0.142,0.768,1
P-0104,V0104-3,1.739,1.38,-0.074,-0.127,0.755,0.222,-0.126,-0.243,1
P-0243,V0243-1,0.781,-0.658,-1.395,1.347,-1.47,-0.541,2.096,-0.279,1
P-0249,V0249-0,-1.202,0.038,-1.83,0.889,1.464,0.241,0.348,-1.066,1
P-0345,V0345-6,0.286,-0.16,-1.043,0.471,1.75,2.265,2.14,-0.209,1
P-0031,V0031-1,-1.048,-0.274,1.195,0.863,0.938,-0.447,-1.012,1.896,0
P-0225,V0225-4,1.143,-0.157,1.491,1.306,1.228,-0.291,0.02,-1.134,1
P-0080,V0080-0,0.533,-2.374,1.39,-0.325,0.255,0.499,1.843,-0.34,1
P-0278,V0278-1,2.506,-0.45,0.896,-0.673,0.436,-2.612,1.498,-1.661,1
P-0173,V0173-1,1.615,0.073,0.392,-0.646,-1.478,-0.94,-1.522,-1.6,0
P-0063,V0063-6,0.402,0.285,-0.908,0.793,-0.483,0.039,1.09,-0.187,1
P-0317,V0317-5,0.589,0.191,-0.369,1.519,-0.668,0.61,-0.884,-0.423,0
P-0418,V0418-4,-1.044,-1.248,-0.541,-1.069,-0.861,1.191,0.423,-0.161,1
P-0382,V0382-4,1.166,-1.964,-0.771,-0.628,-1.927,-0.51,-0.836,-2.669,1
P-0207,V0207-7,-0.806,-0.342,-2.134,-0.763,0.408,-0.663,0.382,-0.892,1
P-0197,V0197-0,0.127,-1.147,0.71,-2.304,1.785,-0.222,-0.405,1.157,1
P-0413,V0413-2,0.213,0.269,-0.84,-1.684,1.015,-1.307,0.179,-2.022,1
P-0074,V0074-4,0.52,1.283,-1.648,0.319,0.902,-0.234,0.78,-0.004,0
P-0309,V0309-2,0.388,0.135,1.718,0.21,-0.421,-1.499,-0.819,0.608,0
P-0317,V0317-2,1.649,-0.2,-0.24,1.085,-0.761,0.929,-0.492,0.079,0
P-0324,V0324-1,-0.497,0.214,2.794,1.359,0.586,1.704,0.448,0.276,0
P-0134,V0134-5,0.621,-0.316,-0.567,-0.254,0.02,0.847,0.489,-0.404,1
P-0407,V0407-5,-0.249,1.288,-1.541,-0.085,0.647,-0.964,-0.132,0.841,0
P-0021,V0021-2,-1.067,-2.972,-0.315,-2.262,0.864,-1.538,-0.208,-0.886,1
P-0085,V0085-1,-0.534,-0.24,0.835,1.099,0.454,1.886,1.32,0.069,0
P-0408,V0408-3,0.467,-1.781,1.385,-0.553,1.152,-0.581,-0.487,0.865,1
P-0134,V0134-6,0.875,-0.059,-0.1,0.73,0.887,0.652,0.469,-0.214,1
P-0197,V0197-7,0.387,-1.266,0.66,-2.662,1.503,-0.547,-0.976,1.118,1
P-0171,V0171-1,-0.057,-1.117,0.119,1.766,0.249,-0.335,0.325,0.924,1
P-0234,V0234-2,-0.926,0.7,-0.746,-0.237,1.293,1.521,-0.391,-0.416,0
P-0141,V0141-5,0.6,1.134,-0.877,1.676,0.317,-0.369,-0.643,-1.916,1
P-0435,V0435-0,0.281,-2.431,-1.49,-0.81,0.312,1.026,1.113,1.059,1
P-0493,V0493-2,-1.202,1.711,0.041,-2.327,-0.611,0.317,1.12,-1.589,0
P-0266,V0266-5,-0.742,0.241,-1.338,0.047,-0.794,-0.9,-0.709,1.065,1
P-0430,V0430-0,1.219,-1.203,-0.224,0.675,-0.637,-1.084,-1.053,-0.015,1
P-0226,V0226-1,-0.953,0.905,-0.862,-0.728,-1.038,1.248,-0.342,-0.541,1
P-0414,V0414-1,2.447,0.203,-0.839,-0.013,0.801,-1.191,-1.352,-0.643,0
P-0078,V0078-6,-1.368,1.834,-0.876,-0.246,-1.779,-0.948,-0.779,1.227,0
P-0409,V0409-2,0.969,-0.215,0.562,1.801,0.318,-0.816,1.371,1.005,0
P-0197,V0197-6,0.126,-0.759,0.753,-2.073,1.419,-0.447,0.13,1.522,1
P-0017,V0017-6,0.868,0.068,-0.841,-0.425,0.505,0.263,-0.694,0.538,1
P-0264,V0264-1,0.924,0.367,0.274,1.192,-1.323,0.577,0.86,2.234,1
P-0228,V0228-3,1.749,-0.336,-0.493,-0.241,0.46,-0.899,-1.508,-0.881,1
P-0004,V0004-3,-0.527,0.74,0.646,0.17,-1.439,-0.911,-0.639,2.039,1
P-0282,V0282-4,0.783,1.285,0.246,-1.988,0.908,-0.711,-0.087,-0.347,0
P-0444,V0444-2,1.121,-1.4,-0.269,-1.071,1.305,0.234,0.422,0.792,1
P-0051,V0051-5,-0.025,-0.901,-0.094,-2.032,-0.354,-0.321,2.259,-0.631,1
P-0084,V0084-0,0.183,0.115,1.515,1.247,-2.085,-0.084,-1.156,0.075,0
P-0091,V0091-5,-3.292,1.147,1.769,-1.458,1.172,0.176,0.271,-0.225,0
P-0366,V0366-0,-0.252,0.102,-0.457,-0.158,0.966,-0.269,-0.538,1.054,0
P-0056,V0056-3,1.132,-0.406,0.742,2.372,-0.488,-1.118,1.233,-1.261,1
P-0112,V0112-1,1.691,-0.114,0.133,1.058,-2.073,-1.03,-0.224,1.504,0
P-0146,V0146-3,0.417,-0.158,-1.768,1.845,-0.683,0.895,-0.324,-1.725,1
P-0422,V0422-1,0.57,-2.083,-0.769,-0.815,0.536,0.514,-1.313,-0.036,0
P-0155,V0155-1,-2.236,-0.914,-0.159,-1.914,-0.055,0.477,0.101,-0.952,0
P-0337,V0337-1,-0.893,0.095,0.289,-0.189,-1.345,0.203,-0.373,0.709,1
P-0381,V0381-0,1.109,2.246,1.621,-0.091,-1.467,2.183,0.935,0.327,0
P-0050,V0050-4,0.271,-0.582,0.374,-1.344,-1.132,-1.17,-1.18,0.074,1
P-0070,V0070-7,-0.726,0.546,-0.428,0.68,0.181,-1.42,-0.574,0.698,0
P-0091,V0091-1,-3.528,1.257,1.684,-0.786,1.173,0.584,0.427,-0.184,0
P-0143,V0143-4,0.585,-0.463,-0.807,-0.036,0.515,-0.488,-1.063,-1.588,0
P-0042,V0042-4,-0.289,-0.485,-2.129,-0.424,-1.459,0.585,-1.123,0.449,1
P-0089,V0089-6,0.231,0.373,0.704,-0.517,-1.635,0.012,-0.53,0.472,1
P-0025,V0025-0,-1.218,0.329,-0.238,0.117,1.192,1.14,0.149,-0.57,0
P-0207,V0207-5,-0.921,-0.419,-2.134,-1.513,1.002,-1.098,0.295,-1.311,1
P-0406,V0406-6,0.579,-0.771,0.352,-0.445,-0.129,-0.329,-0.064,0.755,1
P-0215,V0215-0,-0.825,0.257,-1.199,-0.987,1.219,-0.515,0.675,-0.772,0
P-0229,V0229-1,1.512,1.338,0.431,1.222,0.557,-0.93,-1.819,-1.303,1
P-0387,V0387-2,0.844,0.653,0.23,-1.259,-0.648,-0.644,0.939,0.916,1
P-0040,V0040-4,-0.814,-0.331,-0.793,-1.543,0.221,-0.313,-1.5,0.169,1
P-0251,V0251-5,-0.609,-1.256,2.23,-0.783,0.331,1.339,1.928,1.32,1
P-0153,V0153-7,-0.224,-0.28,0.413,-0.542,0.333,1.236,1.023,-0.367,1
P-0426,V0426-3,0.139,-0.635,-1.229,0.049,0.168,0.554,0.489,-0.414,1
P-0103,V0103-6,-0.176,1.43,1.006,0.04,1.643,1.126,1.301,-1.285,1
P-0053,V0053-1,1.217,-0.149,-0.077,-1.923,-0.497,-0.938,1.309,-1.905,0
P-0300,V0300-1,1.288,1.036,0.49,-1.336,-0.543,0.571,-0.658,-0.207,0
P-0298,V0298-4,0.099,-0.629,-1.312,0.339,-1.322,1.943,-0.403,-1.354,0
P-0199,V0199-0,1.764,-3.025,-1.1,-0.606,-1.26,-0.152,-1.074,-0.335,1
P-0191,V0191-4,0.263,-1.349,1.331,1.432,-0.351,2.26,-0.71,-0.783,0
P-0309,V0309-6,0.52,0.866,2.182,0.468,0.224,-1.465,-0.971,0.762,0
P-0489,V0489-1,-0.283,1.374,0.89,-1.38,0.268,-1.833,0.0,-0.991,0
P-0296,V0296-6,0.899,0.625,0.343,0.42,0.096,0.708,0.855,-0.4,1
P-0375,V0375-2,-1.661,0.146,-0.121,-0.166,-1.19,-0.927,0.89,-0.353,1
P-0302,V0302-5,0.032,-0.74,-0.931,-0.802,-2.128,-0.727,1.312,0.419,0
P-0112,V0112-2,1.667,-0.101,0.497,0.691,-1.689,-1.283,-0.675,0.513,0
P-0052,V0052-0,-1.506,-0.832,1.922,0.32,-1.926,0.71,-2.001,-0.28,0
P-0306,V0306-3,0.715,0.929,-0.924,-0.189,0.343,-0.41,0.251,0.946,1
P-0022,V0022-5,0.902,1.161,-0.755,-0.217,0.196,0.629,-0.352,2.302,1
P-0308,V0308-0,1.488,0.427,-0.034,1.873,-0.144,1.143,0.574,-1.017,0
P-0493,V0493-0,-1.202,1.341,0.017,-2.158,-0.742,-0.336,1.397,-1.759,0
P-0120,V0120-2,0.457,-1.91,0.173,0.805,0.217,0.789,-0.942,-0.504,0
P-0134,V0134-3,1.465,-0.162,-0.302,0.02,1.468,0.405,0.478,-0.151,1
P-0069,V0069-2,-0.035,0.937,-0.473,-0.265,0.55,-0.886,0.623,-0.327,0
P-0153,V0153-2,-0.326,-0.237,0.753,-0.429,0.382,2.128,0.996,0.221,1
P-0163,V0163-3,-0.906,-0.084,-0.268,0.894,-0.726,0.098,-0.184,-0.439,0
P-0473,V0473-6,-1.103,-0.479,-1.596,-0.686,0.74,0.117,0.965,-1.231,0
P-0488,V0488-0,0.333,-1.885,-1.05,-0.734,0.711,-0.303,-0.841,-0.802,1
P-0486,V0486-7,1.338,-0.186,2.433,0.28,-0.922,-0.844,-0.607,-0.311,1
P-0358,V0358-0,-0.246,-1.964,-0.007,-1.115,0.677,0.004,1.86,-1.212,1
P-0415,V0415-1,1.086,0.749,1.868,-1.928,-0.713,-1.387,0.662,0.369,0
P-0001,V0001-4,-0.964,-0.155,0.061,1.576,-0.778,-0.055,-1.129,-0.721,0
P-0235,V0235-2,-1.186,-1.167,-0.418,-0.131,-0.761,-1.326,0.446,0.165,0
P-0083,V0083-2,-0.339,-0.859,0.485,-0.235,0.071,-1.37,0.173,0.737,1
P-0198,V0198-4,-0.595,0.69,0.144,0.392,0.625,-0.091,0.901,-0.759,0
P-0329,V0329-5,-1.254,2.091,1.551,0.131,-0.196,-0.01,1.012,0.198,0
P-0435,V0435-3,0.222,-2.092,-0.472,-0.705,0.461,1.283,1.095,1.392,1
P-0310,V0310-0,-0.228,0.477,1.398,-0.114,2.411,1.379,-0.102,0.698,1
P-0231,V0231-3,2.674,-0.971,0.56,0.172,1.115,0.315,-0.962,0.014,1
P-0390,V0390-3,-2.296,-0.133,-1.174,1.217,1.634,-0.868,-0.813,0.385,0
P-0057,V0057-3,-0.567,1.087,1.154,0.654,1.368,0.875,0.99,0.888,0
P-0405,V0405-1,0.666,-0.143,1.058,0.776,-0.841,0.461,0.678,-0.717,1
P-0435,V0435-2,0.587,-1.786,-1.377,-0.475,0.56,1.069,0.361,0.984,1
P-0348,V0348-0,0.219,-0.203,0.721,-0.297,-1.196,-0.752,1.561,0.192,0
P-0322,V0322-2,0.339,-1.079,-1.181,-0.086,0.27,0.555,-0.94,-1.04,1
P-0354,V0354-4,-1.243,0.604,0.292,0.779,-0.613,0.331,-1.032,-0.714,1
P-0128,V0128-0,0.236,-0.183,1.272,0.51,0.56,1.112,-0.22,-0.796,1
P-0104,V0104-2,0.838,2.01,-0.343,-0.296,0.778,0.227,-0.596,-0.005,1
P-0034,V0034-4,0.795,1.044,0.915,-0.939,0.003,-1.406,-1.35,-0.75,1
P-0287,V0287-2,0.309,-1.936,0.559,-1.21,-0.544,-0.085,2.551,0.465,0
P-0370,V0370-4,0.249,1.115,-1.652,0.914,0.842,-0.141,0.875,-0.805,1
P-0146,V0146-1,1.015,-0.437,-1.203,1.824,-0.472,0.161,0.003,-1.491,1
P-0322,V0322-0,0.966,-1.354,-1.447,-0.347,-0.14,0.351,-0.43,-1.286,1
P-0275,V0275-1,0.581,-0.044,-1.681,-0.901,1.475,1.582,-0.854,0.75,0
P-0380,V0380-2,-0.419,-0.859,1.566,0.566,-0.528,0.581,0.82,0.164,1
P-0123,V0123-2,0.127,0.352,0.215,0.169,0.263,-1.337,1.618,-0.234,0
P-0086,V0086-3,1.513,0.212,0.054,-1.161,-0.921,-0.886,0.218,-1.356,1
P-0229,V0229-3,2.267,1.474,0.451,0.478,0.765,-0.806,-1.861,-1.223,1
P-0363,V0363-6,1.51,-0.723,0.717,-0.99,0.106,-1.603,1.065,1.514,1
P-0396,V0396-0,1.26,-1.218,1.26,-0.318,1.757,0.184,-0.919,-1.797,0
P-0032,V0032-0,1.219,0.258,1.76,-1.717,1.303,-0.458,-0.25,-2.149,1
P-0072,V0072-4,-1.112,0.759,0.302,0.243,0.897,0.902,-0.847,0.103,0
P-0431,V0431-3,-0.076,0.395,0.01,-2.319,-0.189,-0.157,-0.883,0.87,0
P-0193,V0193-1,2.321,0.254,-0.363,-0.572,0.752,-1.112,0.234,2.324,1
P-0034,V0034-6,1.55,0.624,0.124,-1.456,0.237,-0.958,-1.288,-0.517,1
P-0445,V0445-3,-0.637,-0.048,-1.353,-1.157,2.405,-0.371,-0.018,0.252,0
P-0268,V0268-1,-0.732,0.12,-0.043,-0.547,-1.023,1.74,-0.969,-0.235,0
P-0150,V0150-0,1.468,-0.536,-1.006,-0.604,0.872,0.473,-0.676,-0.063,1
P-0104,V0104-5,0.594,1.982,-0.231,0.317,1.231,0.564,-0.223,-0.467,1
P-0142,V0142-2,0.403,-0.328,0.062,1.83,-1.778,-0.458,-0.247,-0.702,1
P-0133,V0133-2,-0.478,-2.164,-0.697,0.311,-0.864,-0.879,0.654,0.704,1
P-0446,V0446-5,-1.221,0.655,-0.883,-0.423,-0.428,-0.404,-0.613,0.195,0
P-0087,V0087-4,1.297,0.158,-0.461,-0.145,-0.478,-0.975,-1.202,-1.989,0
P-0097,V0097-4,-0.904,-1.216,-0.885,-0.951,-1.506,0.469,1.113,-0.175,1
P-0047,V0047-0,-2.151,-0.708,-1.277,1.446,0.876,-0.715,-0.645,-0.414,0
P-0080,V0080-1,0.672,-1.498,2.132,-0.816,0.449,0.146,1.08,-0.222,1
P-0202,V0202-0,0.011,-1.46,0.081,-1.848,-0.856,-0.577,1.046,0.414,0
P-0311,V0311-5,-1.272,0.151,-0.132,-0.009,1.465,0.564,-0.189,-0.375,0
P-0473,V0473-3,-1.137,-0.737,-1.583,-0.345,0.474,0.049,0.168,-2.152,0
P-0478,V0478-3,-0.43,0.55,-1.15,-0.333,0.597,0.598,0.343,3.312,0
P-0326,V0326-0,-0.057,-1.231,-1.815,-1.358,-0.613,0.01,0.484,0.381,1
P-0011,V0011-2,-0.478,0.384,-0.877,0.771,-0.64,1.173,-0.765,-1.361,1
P-0496,V0496-2,-0.045,1.26,0.91,-0.532,0.333,-0.065,1.268,0.683,0
P-0302,V0302-1,-0.427,-0.773,-0.642,-0.723,-1.695,-0.409,2.141,0.923,0
P-0071,V0071-1,-1.295,0.338,-0.2,-0.012,-0.254,1.838,-0.125,0.324,0
P-0079,V0079-4,1.266,-0.806,0.516,-0.555,1.102,0.402,1.325,1.14,1
P-0115,V0115-5,-0.325,-0.385,-0.235,0.062,-0.354,-1.391,0.481,-0.582,0
P-0376,V0376-7,2.431,-0.41,-1.188,-0.284,-0.293,0.034,-0.075,-1.064,1
P-0130,V0130-1,0.799,-0.158,-1.1,1.467,1.777,-0.774,-0.033,0.833,0
P-0484,V0484-2,1.676,2.555,0.0,-0.242,-0.806,-0.681,-0.376,0.833,1
P-0460,V0460-3,-0.946,1.352,1.189,0.031,0.059,-0.914,-0.688,0.046,0
P-0498,V0498-5,-0.728,-2.766,-0.653,-0.978,0.594,0.315,-0.899,0.912,0
P-0148,V0148-2,-0.248,-0.175,-0.135,-1.875,-0.799,0.031,0.593,-0.167,1
P-0034,V0034-1,0.939,0.949,0.534,-1.191,0.386,-1.043,-0.878,-0.896,1
P-0401,V0401-3,1.18,-1.072,2.276,0.25,-0.226,0.347,-1.522,-2.311,1
P-0014,V0014-2,-0.78,-0.255,-0.025,-1.052,0.821,-1.02,-0.989,0.419,0
P-0251,V0251-3,-0.581,-1.883,1.962,-1.258,0.545,1.014,1.885,1.669,1
P-0224,V0224-1,0.759,0.524,-1.544,-0.596,0.724,0.083,1.338,-0.45,1
P-0121,V0121-2,0.623,0.887,1.592,0.212,0.975,0.878,-1.384,-3.387,0
P-0149,V0149-7,1.456,-0.827,-0.923,-3.295,1.041,1.146,0.44,-0.238,1
P-0490,V0490-3,1.154,0.587,1.668,0.834,0.455,-1.315,-1.792,0.819,1
P-0420,V0420-2,0.539,0.452,-0.58,0.594,-2.095,-1.86,0.409,-0.55,0
P-0285,V0285-3,0.788,-0.602,0.243,-0.734,0.543,1.362,-0.566,1.717,1
P-0297,V0297-0,-0.946,0.464,0.62,0.078,0.114,0.616,0.921,1.697,0
P-0206,V0206-2,0.491,0.843,0.051,-0.225,1.971,-0.765,-0.814,1.009,1
P-0120,V0120-3,0.765,-1.8,0.454,0.44,0.319,0.791,-0.824,-0.147,0
P-0156,V0156-1,0.748,-0.938,-0.831,4.007,-0.172,0.407,-0.475,1.73,1
P-0039,V0039-2,-0.158,1.924,-0.329,2.346,-0.606,-1.533,1.014,0.528,0
P-0212,V0212-1,0.959,0.923,0.859,2.43,1.032,0.785,-1.217,-0.491,1
P-0018,V0018-1,-1.905,-1.091,2.51,0.949,-1.188,0.864,-0.172,-0.205,0
P-0185,V0185-3,-2.066,0.353,1.202,2.409,-0.372,0.779,1.099,-0.882,0
P-0482,V0482-0,1.203,-0.627,0.413,-1.168,1.073,-1.034,-1.016,-0.095,1
P-0029,V0029-0,1.343,-0.421,0.123,2.833,-0.368,2.032,-0.076,-0.355,0
P-0423,V0423-1,-0.213,-0.563,-1.398,2.21,-0.009,-0.284,0.308,-0.973,0
P-0220,V0220-0,-0.651,0.282,0.211,1.031,-0.314,-0.273,0.234,-1.151,0
P-0416,V0416-4,0.854,-0.958,0.59,-0.566,-0.337,-0.215,1.623,-0.742,1
P-0460,V0460-1,-0.826,1.109,0.898,0.168,0.099,-0.956,-1.105,-0.213,0
P-0121,V0121-1,0.62,0.793,1.511,-0.131,0.81,0.439,-1.068,-2.936,0
P-0169,V0169-0,1.694,-0.374,-0.876,0.216,1.509,-0.743,2.457,0.33,1
P-0002,V0002-0,-1.144,0.713,-0.029,2.05,-1.171,0.583,-0.043,0.38,1
P-0173,V0173-2,1.694,-0.255,0.486,-0.273,-1.008,-0.95,-1.097,-1.219,0
P-0095,V0095-1,0.72,-0.132,0.586,-0.514,-0.564,-1.339,-1.591,-0.654,1
P-0265,V0265-2,0.4,-1.483,-0.769,-0.958,1.022,-0.85,-0.156,0.216,1
P-0162,V0162-0,-0.696,-0.155,-0.705,0.275,1.265,-0.656,-0.571,-0.879,0
P-0421,V0421-2,-1.744,1.307,-2.42,-0.158,1.575,-0.358,-0.176,1.46,0
P-0078,V0078-3,-1.869,1.66,-0.649,-0.193,-1.471,-1.333,-0.537,0.999,0
P-0444,V0444-5,0.096,-0.762,-0.143,-0.937,1.4,0.736,0.4,0.877,1
P-0378,V0378-0,-0.376,0.35,2.145,-0.214,-0.778,1.719,-0.242,-1.422,1
P-0207,V0207-1,-1.029,-1.662,-1.788,-1.264,1.019,-1.178,0.667,-0.857,1
P-0159,V0159-2,0.123,-1.516,0.154,2.101,-0.648,1.041,-2.111,-0.364,0
P-0070,V0070-4,-0.215,0.551,-0.818,0.216,0.133,-1.158,-0.803,0.436,0
P-0130,V0130-0,1.05,-0.406,-0.517,0.456,1.778,-0.85,0.267,1.211,0
P-0426,V0426-0,0.392,-1.248,-0.953,0.011,-0.091,0.751,0.447,-0.483,1
P-0065,V0065-1,2.722,1.692,-0.582,-0.647,-0.042,0.201,-2.935,-1.859,1
P-0114,V0114-3,0.556,0.483,-1.95,1.108,-0.367,-0.651,-1.267,0.088,0
P-0484,V0484-1,1.569,2.466,0.467,-1.047,-1.475,0.019,0.093,0.24,1
P-0012,V0012-3,-0.265,-1.216,-0.749,0.442,2.174,-0.488,1.744,0.395,1
P-0218,V0218-6,-0.854,-1.728,1.321,0.018,-0.433,-0.216,-1.105,-0.149,0
P-0161,V0161-0,1.737,-0.863,2.034,-2.499,1.614,1.234,0.151,-0.48,1
P-0246,V0246-1,-0.347,-1.616,1.916,-0.101,-0.163,1.498,-1.388,0.225,0
P-0490,V0490-2,1.149,-0.323,2.271,0.905,-0.341,-1.411,-1.795,-0.06,1
P-0133,V0133-3,-1.375,-2.063,-1.113,0.295,-0.722,0.087,0.606,0.533,1
P-0078,V0078-0,-1.381,1.614,-0.469,-0.259,-1.184,-1.254,-1.055,1.339,0
P-0390,V0390-4,-2.56,-0.586,-1.502,1.672,1.337,-0.873,-0.344,0.071,0
P-0258,V0258-4,1.448,-0.262,-0.971,0.951,0.472,0.707,1.01,1.827,0
P-0345,V0345-3,0.443,-0.106,-1.023,0.583,0.902,1.622,2.649,0.034,1
P-0281,V0281-0,0.174,-0.783,-0.072,1.098,1.286,1.022,-0.718,0.929,0
P-0150,V0150-2,1.296,0.159,-1.468,0.148,1.095,1.186,-0.294,-0.226,1
P-0136,V0136-1,-1.218,0.583,0.871,-0.513,-2.237,0.11,-1.002,-0.927,1
P-0301,V0301-1,0.522,-0.25,0.029,1.194,-0.461,0.887,0.79,1.231,1
P-0112,V0112-3,1.222,0.022,0.823,0.905,-2.057,-1.475,-0.17,1.117,0
P-0333,V0333-0,-0.33,0.328,0.456,-1.54,0.708,2.102,0.089,0.506,0
P-0419,V0419-3,0.219,-0.127,0.283,-0.606,0.194,0.906,-0.922,-0.492,1
P-0049,V0049-4,0.434,-0.256,-0.139,1.414,0.002,-1.104,0.104,-0.12,0
P-0408,V0408-1,0.996,-2.316,2.274,-1.067,2.052,-0.376,-0.902,0.786,1
P-0384,V0384-1,-0.994,-1.03,-0.207,0.613,-1.963,0.031,-0.419,1.71,1
P-0410,V0410-5,0.356,-0.267,0.096,-1.201,-0.499,0.435,-0.264,-0.174,0
P-0119,V0119-3,-0.809,1.446,1.183,-0.829,-0.179,0.311,-0.664,-0.821,0
P-0310,V0310-5,-0.063,0.617,0.799,-0.259,1.983,1.592,-0.091,0.002,1
P-0282,V0282-3,1.124,1.908,1.008,-1.381,0.496,-0.628,0.136,0.2,0
P-0483,V0483-4,-0.798,-0.401,-0.965,-1.329,0.513,-0.227,2.444,1.334,0
P-0210,V0210-3,-1.2,-0.215,0.735,-0.239,-0.768,1.11,0.238,1.261,0
P-0151,V0151-3,0.112,1.916,0.398,1.368,0.798,0.757,-0.391,-1.151,0
P-0109,V0109-1,2.614,1.729,1.807,0.689,0.227,-0.711,0.375,0.371,0
P-0233,V0233-0,1.151,-2.718,-0.089,1.063,0.296,-1.754,-0.41,-1.381,1
P-0173,V0173-3,1.516,0.28,0.19,-0.953,-1.29,-0.377,-0.611,-1.53,0
P-0146,V0146-6,1.081,-0.769,-2.04,1.236,-0.315,0.764,0.227,-1.641,1
P-0156,V0156-0,-0.106,-0.646,-0.906,3.331,0.316,-0.064,-0.211,1.966,1
P-0097,V0097-1,-0.515,-0.787,0.139,-0.617,-1.0,0.116,1.071,-1.021,1
P-0220,V0220-3,-0.768,0.808,-0.049,0.557,-0.676,-0.158,0.099,-1.082,0
P-0161,V0161-6,1.71,-0.915,2.264,-2.445,1.138,1.43,0.393,-0.902,1
P-0132,V0132-0,0.232,-0.648,-0.077,1.23,1.926,-0.921,0.074,0.159,0
P-0132,V0132-5,-0.533,-0.852,0.154,0.894,1.542,-0.482,-0.111,0.185,0
P-0447,V0447-0,-0.147,0.508,0.135,1.04,0.96,-0.153,-1.652,-0.924,0
P-0172,V0172-4,0.289,0.123,1.561,-0.353,-0.736,1.403,-1.684,-0.754,0
P-0311,V0311-6,-0.85,0.351,-0.019,0.162,0.818,0.283,-0.011,-0.515,0
P-0052,V0052-5,-1.709,-0.551,2.205,-0.175,-2.041,1.142,-1.22,0.364,0
P-0235,V0235-1,-0.257,-0.904,-0.031,-0.484,-1.54,-1.717,0.535,0.644,0
P-0410,V0410-3,-0.169,0.131,0.342,-1.372,-0.446,0.227,-0.691,-0.527,0
P-0046,V0046-2,1.885,-1.859,1.166,-0.103,0.05,0.261,0.294,2.893,1
P-0351,V0351-0,0.535,0.699,0.055,0.237,-0.499,1.239,0.455,0.226,0
P-0039,V0039-6,-0.277,2.211,-0.703,2.272,-0.367,-1.309,1.063,0.572,0
P-0495,V0495-6,-0.329,0.519,0.263,-0.047,-0.24,1.534,1.828,2.093,0
P-0099,V0099-1,-2.053,-0.024,0.291,-0.303,-0.227,-1.067,0.098,0.907,1
P-0254,V0254-3,1.336,-1.226,-0.783,-0.655,1.112,1.361,-0.685,0.203,1
P-0114,V0114-5,0.279,0.534,-1.258,2.023,-0.63,-0.112,-1.431,-0.23,0
P-0305,V0305-5,0.497,-0.547,0.459,2.017,-0.887,0.789,1.236,0.938,1
P-0166,V0166-4,-1.83,1.618,1.071,-1.181,-1.186,-1.078,-0.463,-0.43,0
P-0483,V0483-0,-0.573,-0.605,-0.461,-1.276,0.373,-0.608,2.289,1.951,0
P-0109,V0109-0,2.342,1.504,1.226,0.564,-0.318,-0.929,0.809,-0.179,0
P-0063,V0063-1,0.378,-0.044,-1.164,0.837,-0.043,-0.868,1.244,-0.289,1
P-0497,V0497-0,0.189,-0.276,-1.538,-1.948,-0.049,0.109,-0.249,-0.274,0
P-0286,V0286-0,-0.185,0.898,-0.445,0.544,0.772,0.431,0.488,0.02,1
P-0424,V0424-1,-0.748,1.322,0.819,-1.727,0.443,-1.328,-0.071,0.247,0
P-0412,V0412-1,0.115,2.706,-1.9,0.402,0.754,0.999,1.392,1.159,0
P-0295,V0295-2,-1.624,-1.449,0.277,0.335,0.111,-0.163,1.013,-2.457,0
P-0259,V0259-0,0.636,0.483,-0.518,-0.739,0.941,-2.153,0.975,-0.543,0
P-0227,V0227-4,0.499,-0.735,1.96,0.073,1.194,-0.57,0.29,-0.786,0
P-0066,V0066-0,-1.649,-0.782,0.019,0.631,-0.198,0.584,1.599,0.67,0
P-0158,V0158-1,0.574,1.602,2.43,1.984,1.026,-0.606,0.607,2.463,1
P-0182,V0182-3,0.254,0.941,0.066,0.818,-0.211,1.265,-0.779,0.823,1
P-0085,V0085-4,-0.16,-0.248,1.305,0.936,0.713,1.368,0.633,-0.346,0
P-0203,V0203-1,-0.941,-1.062,0.244,0.205,0.924,-1.2,-0.734,-0.17,0
P-0328,V0328-1,-0.117,1.233,-0.799,-0.451,0.886,-0.647,0.518,0.56,0
P-0222,V0222-4,-0.581,0.085,1.541,0.944,1.699,-0.19,-0.693,0.431,1
P-0147,V0147-1,0.782,1.661,0.879,-0.156,0.047,-1.784,-0.209,0.532,1
P-0153,V0153-6,-1.063,-0.218,0.131,-0.696,0.069,1.575,0.665,-0.69,1
P-0392,V0392-3,-1.543,0.577,0.658,-0.36,0.991,-0.585,0.912,-1.204,0
P-0154,V0154-1,-0.159,-1.412,-0.538,1.017,-0.201,0.893,0.372,-1.188,1
P-0224,V0224-0,1.502,0.601,-1.129,-0.534,0.196,-0.098,1.557,-0.578,1
P-0313,V0313-1,-0.55,-0.004,0.232,1.032,-0.212,-0.934,-0.757,-0.455,0
P-0403,V0403-2,0.797,-1.867,0.134,-1.023,0.092,-0.28,1.285,0.232,0
P-0133,V0133-0,-0.858,-1.869,-0.588,-0.05,-0.411,-0.908,0.368,0.863,1
P-0089,V0089-5,-0.352,0.192,0.736,-0.527,-1.712,1.075,-0.278,0.013,1
P-0323,V0323-2,-1.945,-1.848,0.616,0.018,1.028,0.228,-0.766,-0.55,0
P-0327,V0327-1,0.324,-1.318,0.293,-1.587,-0.054,-0.622,-0.115,-0.287,0
P-0021,V0021-0,-1.273,-2.414,-0.228,-2.12,0.663,-1.464,-0.852,-0.264,1
P-0243,V0243-3,0.889,0.289,-1.611,0.684,-1.2,-1.481,1.748,0.039,1
P-0317,V0317-0,1.386,-0.131,-0.481,1.455,-0.699,0.459,-0.258,0.298,0
P-0177,V0177-3,0.137,-1.782,0.249,-1.104,0.57,0.087,1.607,0.295,1
P-0318,V0318-0,-0.987,-1.317,0.677,-1.781,-0.492,1.077,2.076,1.995,0
P-0308,V0308-3,2.027,1.074,0.31,2.138,0.481,0.642,0.457,-0.834,0
P-0051,V0051-6,0.026,-0.555,-0.092,-1.855,0.024,-0.023,2.118,-0.767,1
P-0448,V0448-4,1.895,0.22,0.132,0.971,0.112,-0.376,-0.986,-0.123,1
P-0148,V0148-4,-0.042,-0.242,-0.044,-1.948,-1.32,0.012,-0.231,-0.62,1
P-0337,V0337-2,-0.983,-0.979,0.186,0.534,-1.137,-0.268,-0.424,0.171,1
P-0450,V0450-1,0.259,0.324,-2.483,0.778,0.652,0.561,0.233,0.051,0
P-0045,V0045-2,-1.166,-1.508,-0.398,1.362,-0.39,-0.833,-0.589,0.547,1
P-0242,V0242-6,-1.446,0.762,-0.848,-0.499,0.138,-0.914,-0.513,0.105,0
P-0413,V0413-4,0.068,0.77,-0.557,-1.369,1.004,-1.518,-0.31,-1.936,1
P-0350,V0350-3,-0.349,-1.348,-1.132,-0.499,-0.188,-3.433,1.684,-0.728,0
P-0272,V0272-1,-1.423,-1.494,0.927,-0.896,-0.588,-1.269,-1.662,1.054,0
P-0469,V0469-4,-1.276,0.432,-0.126,-0.901,-0.163,-2.473,-0.156,-1.66,0
P-0402,V0402-0,-0.559,0.231,-0.371,-0.44,-0.867,0.564,0.402,1.262,0
P-0214,V0214-3,-0.924,0.223,0.784,0.398,-1.485,0.077,1.134,-0.018,1
P-0157,V0157-0,-0.911,2.279,-2.28,0.484,1.227,-0.702,1.125,-0.923,0
P-0056,V0056-0,0.488,-0.262,1.168,1.762,-0.364,-1.099,1.081,-1.56,1
P-0318,V0318-1,-1.593,-0.478,0.618,-1.641,0.455,0.672,1.613,1.659,0
P-0175,V0175-7,-0.209,0.398,0.208,-0.158,-0.99,0.58,-0.512,-0.387,0
P-0418,V0418-1,-0.992,-1.06,-0.356,-0.46,-0.058,1.387,0.278,0.557,1
P-0339,V0339-3,-0.669,0.55,-0.318,-0.156,0.616,1.967,-0.161,-1.065,0
P-0125,V0125-1,0.527,0.347,0.066,0.295,0.232,-0.891,-0.205,-0.213,1
P-0098,V0098-2,-0.896,-0.821,0.174,-0.927,-0.706,-1.035,1.377,-1.027,0
P-0376,V0376-6,2.43,-0.345,-0.437,-0.272,-0.652,0.198,-0.052,-1.64,1
P-0068,V0068-0,1.428,-2.828,0.452,0.081,-0.205,0.117,0.07,-0.59,1
P-0239,V0239-2,-2.006,-0.637,0.583,0.195,0.476,-1.148,1.561,-1.082,0
P-0111,V0111-1,-0.774,-0.164,-0.74,0.452,-0.043,0.227,0.176,-0.021,0
P-0161,V0161-1,1.141,-1.34,2.131,-2.904,2.017,1.099,-0.228,-0.618,1
P-0339,V0339-4,-1.113,0.574,-0.4,-0.665,0.532,2.113,0.538,-1.145,0
P-0190,V0190-2,-1.764,0.523,0.212,-2.021,-0.001,1.13,-2.208,-1.436,0
P-0072,V0072-1,-1.537,0.914,0.014,0.089,-0.015,1.376,-0.291,0.049,0
P-0072,V0072-0,-1.373,0.319,0.683,0.153,0.044,1.187,-0.706,-0.11,0
P-0327,V0327-5,-0.613,-0.161,0.373,-0.818,0.152,-0.17,-0.388,-0.753,0
P-0301,V0301-5,0.493,-0.385,-0.2,1.528,-0.84,1.009,-0.101,1.583,1
P-0042,V0042-0,-1.051,-0.782,-2.015,-0.223,-0.641,0.537,-0.645,1.345,1
P-0401,V0401-1,1.236,-0.191,1.335,0.204,-0.378,0.172,-1.417,-1.943,1
P-0132,V0132-1,0.141,-1.149,-0.865,0.803,1.187,-0.86,0.254,-0.207,0
P-0141,V0141-4,1.257,0.363,-1.015,1.034,0.193,0.231,-1.291,-1.724,1
P-0159,V0159-4,0.707,-1.637,0.087,2.02,-0.145,1.353,-1.597,-0.212,0
P-0134,V0134-4,0.601,-0.348,-0.535,0.083,0.404,1.108,1.311,0.121,1
P-0231,V0231-0,2.619,-1.178,0.075,-0.373,1.144,0.955,-0.945,-0.337,1
P-0211,V0211-6,-1.2,-1.957,-0.982,1.577,0.548,-0.018,-1.417,1.465,0
P-0064,V0064-2,1.652,-1.978,-0.771,0.99,0.296,-0.04,-0.41,1.823,1
P-0000,V0000-6,-1.388,1.391,0.665,0.612,-0.37,-0.096,1.643,-1.879,0
P-0421,V0421-0,-1.365,1.109,-2.997,-0.151,1.607,-0.553,-0.038,1.486,0
P-0345,V0345-7,0.155,-0.026,-1.041,0.884,0.942,1.338,2.201,-0.204,1
P-0062,V0062-3,-0.319,-0.043,1.669,-0.153,-1.16,-0.135,1.419,0.045,0
P-0002,V0002-4,-1.126,1.073,-0.031,1.56,-1.078,1.004,-1.028,-0.053,1
P-0067,V0067-0,2.339,0.232,1.491,-0.15,-1.365,0.283,-1.193,-1.802,0
P-0049,V0049-5,0.676,-0.02,-0.11,1.628,-0.046,-0.856,-0.415,0.391,0
P-0101,V0101-5,0.042,0.125,0.956,0.601,-1.294,0.779,-1.74,-1.648,1
P-0350,V0350-1,0.071,-0.417,-1.096,-0.268,-0.309,-3.113,1.894,-0.001,0
P-0492,V0492-1,-1.46,0.524,1.055,0.155,-0.006,1.878,0.853,-2.191,0
P-0382,V0382-1,0.434,-2.306,-0.793,0.583,-1.486,0.173,-0.78,-1.967,1
P-0188,V0188-0,-0.68,-1.886,-1.959,-0.218,0.468,1.027,-1.748,1.157,0
P-0014,V0014-0,-0.458,0.124,-0.301,-0.386,1.074,-1.197,-0.708,0.805,0
P-0081,V0081-6,1.231,-0.8,1.122,1.361,-1.515,0.613,-0.801,0.895,1
P-0309,V0309-4,0.694,0.199,1.716,0.374,0.023,-1.638,-0.866,1.01,0
P-0450,V0450-4,0.552,1.028,-2.558,0.679,0.221,0.971,0.885,0.305,0
P-0244,V0244-3,-0.955,-0.834,0.647,0.24,-0.678,0.432,0.832,-0.148,0
P-0365,V0365-2,0.012,-0.154,0.29,0.512,0.516,-0.744,-0.633,-0.267,0
P-0065,V0065-3,2.111,1.649,-0.643,-0.674,0.073,0.672,-2.81,-1.45,1
P-0103,V0103-4,-0.511,1.546,0.78,0.196,1.086,1.214,1.14,-1.689,1
P-0113,V0113-0,1.085,-0.283,0.204,0.046,-0.841,1.29,-0.172,-0.144,1
P-0136,V0136-0,-2.019,1.07,0.721,-1.12,-1.955,0.778,-0.379,-1.099,1
P-0320,V0320-0,1.422,0.489,-0.109,0.718,0.204,-1.676,0.074,1.235,1
P-0181,V0181-0,0.7,0.926,-1.463,-0.763,-1.185,-1.351,0.806,-0.943,0
P-0386,V0386-1,0.992,0.619,-0.692,1.892,-1.119,3.922,1.112,0.352,1
P-0299,V0299-7,-0.671,-2.503,0.343,2.175,0.517,-1.088,-0.679,-0.512,0
P-0472,V0472-2,0.411,-0.867,-0.92,-0.046,-0.5,0.173,-0.571,1.285,1
P-0290,V0290-2,-2.651,-0.093,-0.93,-0.343,0.126,-1.317,1.645,2.217,0
P-0402,V0402-1,-0.551,0.384,-0.394,0.167,-0.927,0.257,0.951,1.637,0
P-0485,V0485-2,0.042,-0.544,0.006,0.037,1.525,-0.762,1.335,-1.314,1
P-0160,V0160-0,-0.779,-1.103,0.407,-0.636,-0.182,-0.417,0.804,-0.114,0
P-0257,V0257-0,0.164,0.82,0.883,-0.449,-1.154,0.254,-1.633,1.23,1
P-0436,V0436-2,0.962,0.209,-0.206,-1.818,0.209,0.46,0.483,1.325,0
P-0405,V0405-3,0.154,-0.208,1.183,0.456,-1.048,0.73,0.365,-0.499,1
P-0493,V0493-3,-0.968,1.902,0.462,-1.907,-0.128,-0.049,1.556,-1.769,0
P-0027,V0027-2,0.256,1.186,-1.848,-0.546,0.812,1.117,0.541,-1.304,0
P-0319,V0319-1,-1.193,1.461,0.864,-0.377,-0.344,0.082,-1.592,-1.956,0
P-0232,V0232-1,0.939,-0.359,-0.905,0.547,-0.559,-0.16,1.401,0.785,1
P-0364,V0364-1,0.891,0.688,-1.746,0.04,0.087,-2.265,-0.753,0.142,1
P-0343,V0343-3,-0.252,1.28,-0.121,-1.08,-1.845,-0.895,-1.805,-0.132,0
P-0009,V0009-4,-0.263,-0.876,0.704,0.536,-0.166,0.206,-0.116,-2.028,1
P-0055,V0055-3,-0.407,0.19,0.684,-0.759,0.668,0.351,-0.274,-1.963,0
P-0116,V0116-2,0.398,2.056,-0.832,0.622,-0.571,0.707,0.652,0.635,1
P-0357,V0357-0,-0.4,-0.688,-0.068,1.986,-0.015,0.771,-0.165,0.804,1
P-0485,V0485-0,0.122,-0.578,0.636,-0.275,1.386,-0.252,1.848,-1.512,1
P-0454,V0454-1,0.106,0.947,0.519,0.904,-0.493,1.828,0.338,-0.172,0
P-0217,V0217-0,-0.172,-0.537,1.804,1.215,-0.176,0.815,-0.282,-0.973,0
P-0398,V0398-1,0.754,-1.262,-0.108,1.795,0.113,1.522,0.903,-2.05,1
P-0061,V0061-4,-0.096,-1.076,0.671,0.815,-1.251,0.212,-0.578,-1.158,1
P-0166,V0166-0,-1.425,1.526,0.952,-0.915,-1.472,-1.074,-0.745,-0.498,0
P-0366,V0366-4,0.332,-0.563,-0.291,-0.554,1.027,-0.218,0.284,1.217,0
P-0445,V0445-6,-0.965,0.197,-0.595,-0.469,2.783,-0.238,-0.254,0.647,0
P-0241,V0241-2,-0.774,-0.776,-0.01,0.066,0.798,1.184,0.572,-1.026,0
P-0260,V0260-1,-0.754,0.189,-1.102,1.562,1.453,1.606,0.769,0.437,0
P-0003,V0003-3,-0.054,0.594,0.043,0.351,1.692,0.483,1.109,2.564,0
P-0493,V0493-1,-0.816,1.715,0.499,-1.978,-0.063,-0.311,1.779,-1.923,0
P-0211,V0211-3,-1.228,-2.818,-1.25,1.2,0.419,0.051,-1.51,1.636,0
P-0321,V0321-1,0.191,0.07,-0.419,-0.453,1.467,0.172,0.007,1.548,0
P-0059,V0059-4,-1.035,0.906,-0.735,-0.519,0.663,1.005,-0.776,1.72,0
P-0090,V0090-3,0.868,0.514,0.733,2.112,0.829,0.67,1.035,-1.422,1
P-0040,V0040-2,-1.287,0.015,-0.371,-1.179,0.158,-0.398,-0.958,-0.274,1
P-0035,V0035-0,0.395,-0.973,-0.017,0.585,-0.091,-0.435,-1.174,0.287,1
P-0419,V0419-0,-0.546,0.933,0.356,-0.665,-0.196,1.848,-0.848,-0.554,1
P-0123,V0123-4,0.097,0.313,0.511,-1.009,0.374,-0.018,1.617,0.307,0
P-0474,V0474-1,-1.588,-1.544,-0.828,0.947,0.158,0.003,1.946,0.268,1
P-0492,V0492-3,-1.885,0.386,1.105,0.157,-0.252,2.171,0.775,-2.707,0
P-0179,V0179-5,0.891,-1.231,1.281,0.18,-2.178,0.476,0.14,-0.171,1
P-0050,V0050-6,-0.042,-0.3,0.146,-1.071,-1.476,-0.637,-1.674,0.537,1
P-0071,V0071-3,-0.954,0.685,-0.269,0.282,-0.678,1.531,0.217,0.632,0
P-0233,V0233-2,1.205,-2.787,0.037,0.602,0.634,-2.282,-0.24,-1.96,1
P-0462,V0462-3,2.561,-0.872,0.153,0.862,0.278,-1.173,0.97,-0.193,1
P-0293,V0293-6,-0.874,-1.093,-1.588,-1.854,-0.285,-1.697,0.781,0.46,1
P-0349,V0349-4,-0.385,-1.836,0.574,0.846,0.175,1.855,0.644,-1.047,1
P-0344,V0344-0,-0.536,-1.476,0.178,-0.107,0.991,2.759,1.242,-0.53,0
P-0222,V0222-2,-0.596,-0.979,0.939,1.055,2.079,0.748,-0.6,0.197,1
P-0029,V0029-4,1.914,-0.046,0.128,2.261,-0.748,2.16,0.66,-0.215,0
P-0066,V0066-1,-1.725,-0.591,-0.349,0.509,0.071,0.797,2.362,0.962,0
P-0289,V0289-1,-0.553,1.396,-0.524,0.37,-0.112,2.038,-1.668,-0.539,0
P-0005,V0005-5,0.253,-0.987,-2.457,-0.37,-0.025,-0.472,-1.117,0.467,1
P-0208,V0208-1,2.751,0.045,-0.56,0.104,-0.121,0.775,0.491,0.321,0
P-0210,V0210-6,-0.886,0.398,1.001,-0.054,-0.88,0.944,0.67,0.95,0
P-0320,V0320-4,1.523,0.514,-0.671,0.873,0.822,-2.056,0.355,1.069,1
P-0141,V0141-2,1.347,1.279,-0.947,1.153,0.506,0.504,-1.208,-0.865,1
P-0002,V0002-2,-1.317,0.907,0.475,2.277,-0.842,0.187,-0.366,0.723,1
P-0294,V0294-6,-0.229,-0.955,-0.339,-0.879,-2.567,-0.997,-0.819,-1.298,0
P-0127,V0127-0,-0.839,-0.055,0.748,-0.323,-0.706,0.454,0.402,-0.223,0
P-0174,V0174-1,-0.615,-0.262,2.251,-1.677,-0.34,0.366,-1.395,-0.408,1
P-0268,V0268-4,-0.643,0.154,-0.081,-0.602,-0.77,1.056,-1.053,-0.192,0
P-0431,V0431-5,0.12,0.242,-0.325,-2.652,0.444,-0.325,-0.541,1.487,0
P-0077,V0077-0,0.714,0.591,0.499,-1.044,-0.75,-1.144,0.169,1.34,1
P-0234,V0234-3,-0.855,0.804,-1.368,-0.636,1.645,1.844,-0.264,-0.089,0
P-0012,V0012-0,-0.538,-1.256,-0.488,1.387,1.697,-0.727,0.785,-0.391,1
P-0237,V0237-2,-0.331,0.139,1.459,-2.946,-0.44,-0.968,0.308,2.801,1
P-0132,V0132-4,0.113,-0.373,-0.439,0.965,1.491,-0.637,0.006,-0.157,0
P-0210,V0210-2,-0.948,-0.505,0.796,0.316,-1.17,0.332,0.419,0.748,0
P-0087,V0087-1,2.864,-0.447,-0.678,-0.519,-0.613,-0.924,-1.073,-1.559,0
P-0050,V0050-0,-0.293,-0.222,0.351,-1.065,-0.938,-0.739,-1.244,-0.373,1
P-0238,V0238-7,1.104,0.838,0.483,0.421,2.043,0.975,0.286,1.887,1
P-0060,V0060-1,-0.116,1.595,-1.178,0.122,0.55,-0.738,0.118,-0.108,0
P-0423,V0423-5,0.48,0.153,-1.091,2.672,0.038,-0.54,0.332,-0.901,0
P-0309,V0309-1,0.789,1.273,1.656,0.216,0.547,-1.685,-1.649,0.372,0
P-0262,V0262-1,-0.425,1.012,-0.114,-1.269,-0.139,0.699,1.8,1.444,0
P-0444,V0444-0,0.718,-1.678,-0.608,-1.216,0.757,0.19,0.462,1.109,1
P-0088,V0088-1,-0.014,-0.744,1.609,-1.039,0.232,0.335,-0.427,1.644,1
P-0052,V0052-3,-1.625,-0.37,2.386,0.026,-1.401,0.824,-0.87,0.599,0
P-0349,V0349-2,-0.59,-1.999,0.633,1.237,0.145,1.623,0.927,-0.593,1
P-0140,V0140-1,-0.875,-0.102,0.065,1.663,-0.3,-0.83,-1.276,-0.711,0
P-0376,V0376-0,2.434,-0.323,-0.42,-0.254,-0.313,0.802,0.515,-0.912,1
P-0376,V0376-1,1.907,-0.044,-0.447,0.239,-0.458,-0.276,-0.108,-1.364,1
P-0203,V0203-2,-0.494,-1.067,0.245,0.236,0.626,-0.198,-0.574,-0.286,0
P-0287,V0287-0,-0.091,-1.985,0.858,-1.376,-0.787,0.086,2.534,-0.157,0
P-0189,V0189-1,-1.281,0.016,0.014,0.738,-0.459,0.805,0.066,0.561,0
P-0329,V0329-4,-0.886,1.755,1.667,0.489,-0.408,-0.026,0.743,-0.123,0
P-0386,V0386-3,0.841,0.25,-0.9,2.287,-1.234,3.979,1.543,0.573,1
P-0081,V0081-2,1.19,-0.703,0.686,0.886,-1.312,0.203,-0.333,0.362,1
P-0473,V0473-0,-0.467,-0.598,-1.776,-0.629,0.571,-0.064,0.769,-1.987,0
P-0148,V0148-1,-0.267,-0.305,0.67,-1.177,-1.194,-0.169,0.248,-0.028,1
P-0484,V0484-0,0.998,1.602,-0.11,-0.8,-0.664,-0.334,-0.708,0.254,1
P-0072,V0072-6,-1.505,0.664,0.448,0.1,0.293,0.745,-0.266,0.388,0
P-0234,V0234-4,-0.967,1.273,-0.723,-0.766,1.075,1.948,0.109,-0.827,0
P-0059,V0059-3,-1.06,0.558,-0.203,0.15,1.224,1.369,-0.577,0.927,0
P-0490,V0490-1,0.612,0.059,1.707,0.67,-0.229,-0.854,-1.704,0.629,1
P-0385,V0385-0,2.05,0.063,0.067,-0.332,1.249,-1.465,0.393,0.816,1
P-0387,V0387-4,0.945,0.966,0.648,-0.957,-0.302,-0.111,0.548,0.83,1
P-0498,V0498-1,-0.681,-2.72,-0.78,-0.611,0.731,-0.352,-0.163,1.445,0
P-0091,V0091-4,-3.325,1.819,1.05,-1.242,0.61,0.258,-0.461,-0.629,0
P-0369,V0369-1,0.061,0.006,0.936,0.571,0.293,0.019,0.815,1.269,0
P-0373,V0373-3,-0.707,-0.353,0.402,-1.391,-1.12,1.488,1.374,0.849,1
P-0270,V0270-1,-0.751,-0.27,2.389,-0.592,-1.058,2.585,-2.332,1.204,0
P-0005,V0005-4,0.221,-0.664,-2.12,-0.822,-0.739,-0.068,-0.974,0.202,1
P-0363,V0363-5,1.458,-1.471,1.035,-0.765,0.474,-1.55,1.354,1.998,1
P-0024,V0024-1,-1.607,-0.554,-0.76,0.71,-0.555,-0.307,-0.095,-0.527,0
P-0280,V0280-1,0.348,-0.51,1.696,0.885,0.586,-0.727,-0.029,0.847,1
P-0020,V0020-2,-0.899,-0.054,0.502,-0.689,1.184,-0.023,-0.046,0.189,0
P-0103,V0103-1,-0.209,1.519,1.032,0.382,1.167,1.334,0.993,-1.035,1
P-0376,V0376-2,2.228,-0.757,-0.445,0.095,0.15,-0.042,-0.427,-1.18,1
P-0114,V0114-1,0.381,0.032,-1.486,1.305,-0.721,-0.891,-1.541,0.59,0
P-0288,V0288-2,0.576,1.046,3.07,-1.627,-0.788,0.699,-0.351,-0.573,1
P-0233,V0233-3,1.214,-2.509,0.154,1.711,0.419,-2.363,-0.374,-1.683,1
P-0446,V0446-7,-0.359,0.92,-0.807,-0.882,-0.039,-0.129,-0.482,0.552,0
P-0063,V0063-0,0.158,1.139,-1.256,0.687,-0.241,-0.422,1.05,0.218,1
P-0164,V0164-5,-1.059,-0.026,0.793,0.596,1.275,-1.417,1.448,-0.72,0
P-0100,V0100-2,0.166,1.015,0.037,0.917,-0.497,-0.122,-2.06,-0.159,0
P-0062,V0062-2,-0.606,-0.171,1.787,-0.152,-0.625,-0.052,1.083,0.316,0
P-0338,V0338-3,-0.838,2.494,0.726,1.379,0.002,-0.343,-1.287,1.03,0
P-0227,V0227-7,0.38,-0.442,1.771,0.421,1.288,-0.775,-0.156,-1.007,0
P-0184,V0184-1,0.054,-2.008,1.828,-1.019,-0.851,0.047,1.3,-1.737,1
P-0029,V0029-5,1.607,-0.885,0.326,2.157,-0.952,2.531,0.212,-0.509,0
P-0496,V0496-0,0.216,1.446,1.492,-0.892,0.691,-0.049,1.104,0.798,0
P-0415,V0415-2,1.051,0.263,2.083,-1.578,-1.153,-1.127,0.215,-0.149,0
P-0389,V0389-1,-0.335,-0.945,0.355,0.753,0.021,-0.813,0.345,0.768,0
P-0238,V0238-3,0.135,0.53,0.861,0.297,1.592,0.5,-0.18,1.8,1
P-0229,V0229-0,2.127,1.35,0.66,1.148,0.901,-0.783,-1.777,-1.441,1
P-0182,V0182-0,0.651,0.645,0.41,0.642,-0.017,1.494,-0.228,-0.184,1
P-0181,V0181-4,0.175,1.2,-2.354,-0.532,-1.333,-1.344,1.308,-0.834,0
P-0465,V0465-0,0.592,0.803,0.125,-1.216,-0.079,0.689,-0.102,0.284,0
P-0485,V0485-1,0.3,-0.607,-0.127,-0.575,1.758,-0.803,1.462,-1.215,1
P-0444,V0444-7,0.739,-1.211,-0.072,-0.932,1.408,0.346,0.214,0.989,1
P-0039,V0039-4,-0.491,2.362,-1.195,1.215,-0.747,-1.677,0.542,0.246,0
P-0446,V0446-2,-0.958,0.678,-1.336,-0.439,-0.456,-0.399,0.246,0.048,0
P-0033,V0033-2,1.536,0.8,-1.139,-0.282,-0.633,1.978,-0.599,-0.197,1
P-0242,V0242-4,-1.555,0.533,-1.571,-0.313,0.285,-0.663,-1.122,0.073,0
P-0438,V0438-0,-0.858,-0.55,-0.753,1.874,-0.378,-0.453,0.236,2.519,1
P-0357,V0357-2,-1.089,-0.444,0.185,2.873,-0.16,0.043,-0.041,1.276,1
P-0214,V0214-0,-0.312,0.275,0.387,0.152,-0.999,-0.388,0.726,-0.594,1
P-0125,V0125-6,0.382,0.144,0.267,0.528,0.154,-1.162,0.059,0.176,1
P-0027,V0027-3,-0.358,0.418,-1.757,-0.712,0.821,1.055,1.394,-1.356,0
P-0317,V0317-4,1.319,0.32,-0.034,1.794,-0.781,0.755,-0.892,-0.16,0
P-0486,V0486-3,1.55,-0.11,2.317,0.893,-0.96,-0.742,-0.431,0.631,1
P-0279,V0279-6,0.079,-0.017,-0.272,0.189,0.208,0.221,-0.009,-0.092,0
P-0279,V0279-3,0.037,-0.708,-0.719,0.805,-0.436,0.429,0.611,0.021,0
P-0471,V0471-3,1.659,0.49,0.365,-1.19,-1.957,-0.514,-1.949,2.201,1
P-0074,V0074-0,0.332,1.024,-1.567,1.232,0.4,0.502,0.363,-0.247,0
P-0237,V0237-0,-0.217,-0.384,1.222,-2.953,-0.448,-0.537,0.417,2.19,1
P-0225,V0225-0,0.485,-0.025,1.475,1.273,0.94,-0.789,0.24,-0.957,1
P-0173,V0173-5,1.628,0.611,0.131,-0.491,-2.212,-0.716,-1.383,-1.098,0
P-0365,V0365-0,0.033,-0.676,-0.161,0.039,0.478,-1.135,-0.3,-0.025,0
P-0465,V0465-5,0.602,0.76,0.403,-0.819,-0.052,0.05,-0.151,0.088,0
P-0174,V0174-0,-0.898,-0.551,2.629,-1.413,-0.431,-0.388,-1.7,-0.71,1
P-0187,V0187-2,-1.078,0.542,0.916,-0.404,0.434,-0.895,0.709,-0.094,0
P-0487,V0487-1,2.009,-0.079,-0.728,-0.175,0.084,-0.28,0.052,-0.124,1
P-0290,V0290-0,-2.469,-0.063,-0.633,0.158,0.325,-1.001,1.068,2.318,0
P-0228,V0228-0,1.937,-0.606,-0.926,0.309,1.15,-0.984,-1.714,-1.967,1
P-0032,V0032-1,1.494,0.506,1.598,-1.202,0.784,-0.082,-0.174,-1.79,1
P-0405,V0405-5,0.66,-0.086,1.02,-0.23,-1.211,1.206,0.364,-0.451,1
P-0277,V0277-2,-2.592,0.061,0.334,0.195,0.77,-0.686,0.435,0.497,0
P-0248,V0248-3,-0.856,-0.678,-0.913,-1.288,-0.455,0.56,0.314,1.126,0
P-0153,V0153-0,-0.573,-0.303,0.755,-1.291,0.338,1.481,0.428,-0.121,1
P-0262,V0262-0,0.269,0.682,0.167,-1.259,-0.145,-0.058,2.849,1.528,0
P-0270,V0270-2,-0.748,-0.342,1.929,-1.196,-1.041,2.545,-2.25,0.697,0
P-0005,V0005-1,0.037,-1.01,-1.659,-0.546,-0.469,-0.236,-0.97,0.536,1
P-0018,V0018-0,-0.82,-0.741,2.472,0.905,-0.419,1.417,0.198,-0.912,0
P-0184,V0184-3,-0.847,-2.01,1.58,-0.833,-1.583,0.054,2.46,-1.88,1
P-0225,V0225-2,0.754,-0.38,1.773,1.303,0.477,-1.548,-0.301,-1.367,1
P-0471,V0471-0,2.18,0.381,0.266,-1.206,-1.038,-0.202,-1.968,1.963,1
P-0422,V0422-0,0.908,-1.344,-0.487,-0.583,-0.074,1.087,-1.435,-0.254,0
P-0470,V0470-1,1.238,1.351,-0.606,0.591,-1.633,-1.54,0.323,-0.08,0
P-0445,V0445-1,-0.27,-0.212,-0.963,-0.474,2.112,-0.388,-0.048,0.021,0
P-0182,V0182-4,-0.012,0.591,-0.215,0.198,0.211,0.248,-0.268,0.55,1
P-0226,V0226-0,-1.211,0.835,-0.432,-0.718,-1.07,1.823,-1.238,-0.905,1
P-0404,V0404-2,-0.856,0.092,-1.761,1.223,-0.89,0.727,1.87,-1.802,0
P-0265,V0265-0,0.471,-1.102,0.438,-1.101,0.862,-0.783,0.575,0.742,1
P-0324,V0324-0,-0.445,0.5,2.342,1.273,0.164,1.975,-0.167,-0.186,0
P-0034,V0034-7,1.015,0.617,0.528,-1.183,0.088,-0.754,-1.474,-0.627,1
P-0406,V0406-0,0.583,-0.097,-0.207,-0.815,0.405,-0.268,-0.283,0.616,1
P-0141,V0141-3,0.78,1.239,-0.622,1.528,-0.114,0.001,-0.956,-1.418,1
P-0234,V0234-5,-0.822,1.17,-1.033,-0.555,1.375,0.884,-0.344,-0.672,0
P-0434,V0434-2,0.839,0.617,-0.239,-0.272,0.533,1.305,0.516,1.109,0
P-0224,V0224-5,1.396,0.98,-1.747,-1.027,0.662,-0.973,1.255,-0.483,1
P-0033,V0033-4,1.45,0.841,-1.435,0.138,-0.98,2.189,-0.045,0.131,1
P-0399,V0399-5,-1.431,-0.626,-0.642,0.423,0.194,0.991,-1.245,-0.656,0
P-0152,V0152-1,0.75,0.119,-0.544,-0.039,0.325,0.985,-1.002,0.619,1
P-0352,V0352-5,0.141,-0.766,0.315,-1.405,-1.775,0.624,1.911,-0.421,0
P-0442,V0442-2,-1.92,1.22,0.031,0.186,-0.413,1.893,-0.469,1.648,0
P-0354,V0354-0,-2.071,0.881,-0.146,-0.186,-1.345,0.419,-0.498,-1.136,1
P-0053,V0053-4,1.125,-1.028,0.356,-1.999,-0.245,-0.96,0.945,-1.056,0
P-0310,V0310-3,-0.2,0.085,0.707,-0.683,2.056,1.102,0.277,0.504,1
P-0095,V0095-0,0.153,0.187,0.391,-0.042,-0.618,-1.608,-1.092,-0.819,1
P-0157,V0157-1,-1.455,1.569,-2.421,0.808,1.053,-0.412,1.545,-0.092,0
P-0465,V0465-3,0.113,1.02,0.254,-0.651,0.03,0.085,-0.576,0.272,0
P-0185,V0185-0,-1.972,1.0,0.673,2.379,-0.143,0.782,1.454,-1.092,0
P-0393,V0393-0,1.611,-1.016,-1.057,0.003,-2.512,-1.295,1.957,2.028,1
P-0362,V0362-5,0.562,-2.553,1.417,0.231,-0.53,-1.786,-0.338,0.365,1
P-0380,V0380-0,-0.64,-1.01,0.825,0.24,-0.686,0.48,0.597,-0.367,1
P-0245,V0245-2,1.006,-0.959,-0.88,1.198,-2.043,0.938,-0.477,-0.11,1
P-0396,V0396-1,0.802,-1.156,1.564,-0.44,1.042,0.135,-0.905,-1.471,0
P-0299,V0299-3,-0.629,-2.401,-0.188,1.998,0.635,-0.699,-1.176,-0.409,0
P-0117,V0117-2,-0.388,0.422,-0.787,0.186,0.314,0.192,1.903,0.086,1
P-0158,V0158-4,0.644,1.459,1.379,1.686,1.139,-1.091,0.258,2.329,1
P-0303,V0303-0,-0.821,-0.645,0.835,1.097,-0.574,-1.077,0.817,-0.379,1
P-0311,V0311-3,-0.932,-0.105,-0.509,-0.039,0.888,0.021,-0.393,-0.688,0
P-0118,V0118-3,-0.535,-0.442,-0.679,0.619,-0.788,-0.772,-2.442,-1.791,0
P-0459,V0459-0,-0.744,-0.014,-0.055,-0.336,0.179,-0.62,0.644,-1.243,0
P-0044,V0044-0,0.78,-0.021,1.049,1.111,-0.607,0.465,-1.75,-1.89,1
P-0276,V0276-2,0.725,2.269,0.954,-0.406,-0.392,0.526,-2.131,0.2,0
P-0213,V0213-1,-0.856,-1.683,0.684,0.099,-0.281,0.002,-0.806,1.937,1
P-0449,V0449-1,0.547,0.243,0.264,-0.395,-0.045,1.097,-1.497,0.563,1
P-0072,V0072-2,-0.58,0.163,0.065,0.148,0.217,1.034,0.043,-0.439,0
P-0143,V0143-3,0.087,-1.361,-1.275,-0.225,0.292,-0.566,-0.94,-1.116,0
P-0431,V0431-0,0.404,-0.12,-0.605,-2.676,0.492,0.169,-0.733,0.872,0
P-0122,V0122-0,0.537,-1.515,0.127,-0.228,0.006,-2.611,0.75,0.742,1
P-0177,V0177-2,-0.695,-2.182,0.258,-1.167,0.151,0.377,1.838,0.95,1
P-0358,V0358-6,-0.034,-1.424,-0.754,-1.37,0.944,-0.053,1.348,-1.156,1
P-0320,V0320-1,1.068,0.237,-0.238,0.91,-0.176,-1.414,0.467,1.347,1
P-0371,V0371-7,-1.364,-0.544,-0.293,-1.102,1.326,0.305,0.621,0.484,0
P-0019,V0019-3,-1.085,0.036,1.439,1.997,-0.041,0.489,-0.309,-0.936,0
P-0079,V0079-5,0.532,-0.15,-0.084,0.041,0.78,0.055,1.662,0.863,1
P-0414,V0414-4,2.139,0.593,-0.375,0.204,0.467,-1.502,-2.381,-0.825,0
P-0378,V0378-7,-0.923,-0.433,2.069,0.096,-0.448,1.365,0.444,-1.82,1
P-0373,V0373-4,-0.265,-0.509,1.08,-1.089,-1.282,1.645,0.989,0.689,1
P-0259,V0259-3,0.713,0.21,-0.965,-0.153,0.662,-2.47,-0.292,-0.666,0
P-0125,V0125-2,0.526,0.037,0.166,0.576,-0.222,-0.966,-0.659,-0.229,1
P-0125,V0125-0,0.532,-0.421,0.423,1.654,0.039,-0.997,0.636,0.443,1
P-0106,V0106-4,-0.714,0.437,0.927,2.547,-0.666,-1.142,-0.54,-1.708,0
P-0013,V0013-3,-1.397,0.646,1.494,2.794,0.612,-0.705,1.336,0.768,0
P-0062,V0062-0,-0.65,0.285,1.798,-0.85,-1.005,-0.174,1.66,0.143,0
P-0048,V0048-0,1.27,-0.635,1.926,-0.21,1.079,-0.842,0.809,-0.424,0
P-0061,V0061-5,0.112,-0.737,1.897,1.094,-1.455,0.656,-0.556,-0.996,1
P-0272,V0272-0,-1.038,-0.846,0.471,-0.995,-0.337,-1.194,-1.642,0.63,0
P-0006,V0006-1,-0.836,-0.413,0.617,-1.324,0.097,-1.498,0.294,-1.778,1
P-0269,V0269-4,1.499,-2.044,1.877,1.412,-0.311,1.243,0.311,0.015,1
P-0454,V0454-0,-0.145,0.592,0.74,1.495,-0.691,2.089,0.781,0.114,0
P-0466,V0466-0,0.776,0.387,0.954,0.757,-0.873,-0.162,0.549,-1.689,0
P-0110,V0110-3,-0.095,0.077,-2.328,-0.157,-1.911,0.769,0.179,-0.018,0
P-0412,V0412-4,0.98,2.354,-1.066,0.347,0.375,0.943,1.334,0.409,0
P-0045,V0045-0,-1.036,-1.942,-1.028,1.57,-0.273,-0.625,-1.011,1.484,1
P-0252,V0252-3,0.845,-0.26,1.127,-2.096,0.27,-0.046,-0.997,-1.649,1
P-0343,V0343-1,-0.421,0.88,-0.032,-1.144,-2.199,-1.062,-0.809,0.564,0
P-0418,V0418-0,-1.012,-1.698,-0.348,-0.43,-0.562,1.335,0.475,0.702,1
P-0469,V0469-0,-1.583,0.566,-0.499,-0.637,-0.154,-1.614,-0.48,-1.95,0
P-0355,V0355-0,0.537,0.268,1.266,0.921,-0.558,-1.448,0.633,-0.302,0
P-0242,V0242-5,-1.53,0.31,-1.124,-0.089,-0.37,-1.055,-0.243,0.308,0
P-0137,V0137-2,0.989,-1.394,-0.056,0.419,1.352,-1.381,-0.411,-0.515,1
P-0163,V0163-5,-0.691,1.039,-0.538,1.158,-0.395,-0.144,-0.321,-0.074,0
P-0305,V0305-1,1.012,-0.36,0.474,1.107,-1.293,1.04,0.688,0.778,1
P-0117,V0117-4,-0.685,-0.141,-0.39,0.651,0.439,0.444,2.005,-0.25,1
P-0495,V0495-0,0.041,0.802,0.021,-0.265,-0.003,1.396,1.882,1.841,0
P-0112,V0112-5,1.088,-0.208,0.541,0.868,-1.539,-0.98,0.757,0.396,0
P-0193,V0193-7,2.086,0.492,-0.544,-1.021,0.924,-1.094,-0.206,2.022,1
P-0108,V0108-5,-0.251,1.689,-1.263,1.014,0.133,1.003,-2.822,0.249,1
P-0089,V0089-1,0.252,1.131,0.127,-0.108,-1.666,1.184,-0.527,0.449,1
P-0302,V0302-4,0.13,-1.17,-0.978,-1.812,-1.567,0.078,1.591,0.945,0
P-0126,V0126-1,-1.575,-0.234,0.463,-0.323,-0.538,-1.239,-0.455,-0.982,0
P-0197,V0197-3,0.352,-0.959,0.7,-2.195,1.997,-0.533,-0.032,1.349,1
P-0174,V0174-3,-0.499,-0.191,2.49,-0.806,-0.291,0.171,-1.318,-0.779,1
P-0359,V0359-1,2.582,2.271,0.707,0.966,-2.223,0.513,-2.358,0.857,0
P-0207,V0207-2,-1.15,-1.613,-2.155,-0.791,-0.158,-1.008,0.61,-1.216,1
P-0486,V0486-6,1.278,-0.54,2.128,0.269,-1.274,-0.68,-1.196,0.16,1
P-0302,V0302-3,-0.143,-0.976,-1.117,-1.109,-1.831,0.07,0.936,0.583,0
P-0206,V0206-1,0.212,0.779,0.373,-0.237,1.888,-0.659,-0.76,0.888,1
P-0413,V0413-0,0.059,1.052,-0.066,-2.207,1.771,-1.474,0.257,-1.978,1
P-0190,V0190-4,-1.235,-0.129,-0.127,-2.2,0.082,1.457,-2.687,-1.41,0
P-0252,V0252-5,0.738,-0.543,0.354,-2.381,-0.11,0.05,-1.598,-1.361,1
P-0495,V0495-2,-0.408,0.752,0.28,0.418,-0.018,1.224,1.252,2.365,0
P-0062,V0062-1,-0.854,0.385,1.549,-0.469,-0.461,-0.043,1.476,-0.105,0
P-0104,V0104-6,0.752,1.926,-0.844,0.288,1.743,0.088,0.035,-0.344,1
P-0089,V0089-4,0.535,0.241,0.899,-0.53,-1.141,0.71,-0.33,-0.421,1
P-0403,V0403-1,0.805,-2.773,0.046,-1.203,0.403,0.205,1.135,-0.363,0
P-0210,V0210-5,-0.881,-0.189,0.912,-0.998,-1.409,0.383,0.498,1.163,0
P-0096,V0096-3,-1.43,0.602,2.436,0.189,-0.642,1.006,0.184,-1.228,1
P-0345,V0345-2,0.202,0.0,-1.435,1.04,0.858,1.854,1.95,-0.15,1
P-0045,V0045-6,-0.946,-1.901,-0.686,1.228,-0.506,-1.129,-0.339,0.865,1
P-0178,V0178-3,1.129,2.099,-2.361,2.64,1.499,-0.557,0.203,0.26,0
P-0321,V0321-6,0.182,0.462,-0.473,-1.209,1.607,0.286,-0.008,2.04,0
P-0090,V0090-0,0.893,0.273,0.262,1.33,0.63,0.387,0.831,-0.589,1
P-0345,V0345-4,0.85,-0.003,-1.386,1.279,1.325,1.623,2.146,-0.202,1
P-0145,V0145-4,-0.245,-0.153,0.128,0.906,-0.084,2.224,0.494,0.331,1
P-0053,V0053-5,0.465,-0.497,0.184,-1.34,-0.803,-0.411,0.612,-1.186,0
P-0087,V0087-2,3.051,-0.254,-0.637,-0.468,-0.347,-0.951,-0.739,-1.248,0
P-0486,V0486-2,0.907,-0.641,2.287,0.307,-1.602,-0.217,-0.283,0.163,1
P-0361,V0361-2,1.463,0.926,0.92,3.51,0.219,-1.607,-1.579,-0.309,0
P-0378,V0378-3,-0.29,-0.628,2.082,0.047,-1.077,1.329,-0.323,-2.027,1
P-0467,V0467-0,0.227,0.556,1.442,0.579,-0.705,0.181,-1.882,1.391,0
P-0025,V0025-4,-1.363,-0.024,-0.471,0.012,0.624,0.583,-0.083,-1.07,0
P-0059,V0059-1,-1.361,1.234,-0.576,0.111,0.67,1.21,-1.257,0.993,0
P-0091,V0091-0,-3.422,1.901,1.79,-1.057,1.109,1.031,0.476,-0.569,0
P-0247,V0247-0,-0.82,-1.573,0.367,1.262,-0.337,0.012,-0.344,-0.618,0
P-0451,V0451-5,-1.021,1.414,-1.269,-1.132,-1.547,-0.352,-2.13,0.482,0
P-0481,V0481-1,0.48,1.16,-0.565,0.694,-1.262,-0.252,-0.283,0.103,0
P-0256,V0256-2,0.302,-0.688,-0.808,1.1,-0.525,-0.377,-0.991,0.678,0
P-0147,V0147-2,0.738,1.281,1.235,0.168,-0.016,-1.753,-0.718,0.15,1
P-0289,V0289-2,-0.709,1.445,-0.076,0.763,-0.508,1.551,-1.556,-0.049,0
P-0209,V0209-1,-0.137,0.753,-1.524,-1.084,0.884,0.791,0.993,0.727,0
P-0450,V0450-3,0.52,0.17,-1.797,0.548,0.393,1.083,0.649,-0.583,0
P-0230,V0230-2,1.718,1.306,1.095,0.547,-0.124,-0.332,0.319,0.769,1
P-0343,V0343-4,-0.096,0.7,0.012,-1.747,-2.395,-0.852,-1.37,-0.059,0
P-0323,V0323-0,-1.642,-1.974,0.144,-0.064,1.084,0.399,-0.784,-0.284,0
P-0032,V0032-3,1.653,0.108,1.613,-2.116,-0.052,-0.166,-0.057,-1.605,1
P-0009,V0009-2,-0.43,-1.005,0.111,0.704,-0.426,0.36,0.307,-2.324,1
P-0350,V0350-0,0.003,-1.441,-1.091,-0.954,-0.354,-2.855,1.724,-0.305,0
P-0447,V0447-1,0.177,0.369,-0.406,1.585,0.588,0.495,-1.259,-0.228,0
P-0337,V0337-0,-0.077,-0.015,-0.086,0.572,-1.584,0.034,-1.293,0.325,1
P-0365,V0365-4,-0.177,-0.219,-0.257,-0.122,1.008,-0.779,-0.403,-0.768,0
P-0375,V0375-0,-1.101,-0.132,0.152,-0.401,-1.207,-0.791,0.946,0.167,1
P-0473,V0473-4,-1.173,-0.635,-1.262,-0.151,0.431,0.756,0.714,-2.26,0
P-0368,V0368-1,0.559,0.606,-0.89,0.439,-1.281,1.223,-1.392,0.674,0
P-0276,V0276-4,-0.189,2.46,1.366,-1.961,-0.879,0.411,-1.988,-0.364,0
P-0152,V0152-3,0.349,0.044,-0.741,0.331,0.21,1.022,-1.238,0.345,1
P-0286,V0286-3,-0.042,1.124,-0.151,0.493,0.647,0.182,1.013,-0.515,1
P-0126,V0126-5,-1.144,-0.807,0.172,0.535,-0.398,-0.93,-1.454,-0.577,0
P-0261,V0261-7,-1.769,-1.529,0.203,-0.281,0.972,-1.287,1.671,-0.481,0
P-0305,V0305-2,0.618,-0.714,0.622,1.579,-1.058,0.569,1.163,0.993,1
P-0002,V0002-3,-1.03,0.629,0.221,1.552,-1.802,0.345,-0.645,0.163,1
P-0448,V0448-3,2.164,0.649,0.111,0.978,-0.327,-0.149,-0.217,0.139,1
P-0343,V0343-0,-0.304,0.456,0.098,-1.095,-2.267,-1.327,-1.464,-0.506,0
P-0086,V0086-0,0.916,0.72,0.54,-1.104,-0.605,-1.03,1.307,-1.726,1
P-0322,V0322-6,0.272,-1.431,-1.077,0.132,0.355,0.404,-0.93,-1.187,1
P-0323,V0323-3,-1.937,-1.18,1.123,0.002,0.062,0.284,-0.898,0.518,0
P-0180,V0180-1,0.306,-0.631,0.138,0.203,-0.245,-0.625,-0.528,-0.666,1
P-0151,V0151-6,0.237,1.726,0.778,1.924,1.04,-0.004,-0.92,-0.909,0
P-0465,V0465-6,1.198,0.912,0.084,-0.935,-0.601,0.301,-0.55,-0.093,0
P-0416,V0416-6,1.01,-1.729,1.051,-0.257,-0.253,0.054,1.23,-0.779,1
P-0104,V0104-1,1.088,1.929,-0.86,0.684,1.614,0.239,-0.095,-0.62,1
P-0083,V0083-5,-0.756,0.079,0.345,-0.602,-0.334,-1.63,0.301,0.889,1
P-0251,V0251-7,-1.18,-2.244,1.995,-1.053,0.075,1.021,1.717,1.276,1
P-0303,V0303-1,-1.638,-0.745,1.277,0.653,-0.694,-1.373,0.667,-0.24,1
P-0427,V0427-2,-0.594,-0.226,-0.347,-0.89,1.061,-2.408,-0.302,-0.592,0
P-0007,V0007-3,0.162,0.272,-1.172,-0.813,0.67,-0.571,1.729,-1.304,0
P-0225,V0225-6,0.942,-0.111,2.227,1.349,0.423,-0.3,0.199,-1.58,1
P-0150,V0150-3,1.546,-0.257,-1.229,0.231,0.971,1.126,-0.151,-0.089,1
P-0143,V0143-2,-0.043,-1.099,-1.065,-0.792,0.29,-1.335,-0.62,-1.159,0
P-0025,V0025-1,-0.908,0.72,-0.268,-0.097,0.931,1.482,0.448,-1.107,0
P-0092,V0092-0,0.476,0.429,-0.576,0.301,0.053,0.088,2.004,0.14,1
P-0420,V0420-1,0.557,0.039,-0.54,0.078,-2.317,-1.985,-0.167,-0.064,0
P-0248,V0248-4,-0.485,-0.072,-1.051,-1.053,-0.479,-0.322,0.23,1.218,0
P-0001,V0001-5,-1.138,-0.593,-0.187,0.927,-0.609,0.464,-0.535,-0.072,0
P-0258,V0258-1,1.755,-0.095,-0.932,0.101,0.259,0.174,0.531,1.312,0
P-0149,V0149-1,1.738,-0.422,-0.82,-3.241,0.326,1.165,1.56,-0.432,1
P-0224,V0224-2,1.054,0.389,-1.218,-1.004,0.096,-0.209,1.531,-0.799,1
P-0236,V0236-1,0.618,-1.433,0.309,-2.281,-0.253,-0.226,-0.319,-1.498,1
P-0116,V0116-0,1.129,2.437,-0.673,0.857,-0.485,0.258,0.568,0.653,1
P-0255,V0255-0,-1.389,1.282,0.605,-0.657,1.642,-0.848,0.536,0.016,0
P-0192,V0192-0,0.605,0.866,-0.647,-1.567,-0.289,-0.896,0.283,0.149,0
P-0207,V0207-6,-0.987,-0.842,-1.307,-0.506,0.238,-0.746,0.634,-0.52,1
P-0363,V0363-4,1.725,-0.949,0.343,-0.895,0.087,-2.115,0.606,1.015,1
P-0229,V0229-4,2.017,1.443,0.71,1.687,0.268,-1.038,-1.765,-0.792,1
P-0373,V0373-1,-0.439,-0.885,0.174,-0.95,-0.699,1.938,1.248,0.284,1
P-0495,V0495-5,0.063,1.065,0.021,-0.135,0.087,1.347,1.308,1.895,0
P-0009,V0009-3,-0.096,0.155,0.336,0.752,-0.801,0.106,-0.248,-1.82,1
P-0130,V0130-2,1.169,-0.244,-0.686,1.502,1.946,-0.764,-0.422,0.632,0
P-0191,V0191-0,0.365,-1.58,2.214,1.773,-0.319,1.492,-0.217,-1.165,0
P-0056,V0056-7,0.391,-0.597,0.902,2.112,-0.651,-1.485,1.364,-1.511,1
P-0090,V0090-5,1.231,0.7,0.198,2.393,0.734,0.754,0.464,-1.435,1
P-0314,V0314-0,-0.002,0.701,-0.827,-2.478,-0.608,1.976,0.204,-1.152,0
P-0244,V0244-1,-0.931,-0.769,0.058,0.118,-0.543,-0.178,1.544,1.107,0
P-0317,V0317-1,1.42,-0.386,0.068,1.414,-0.59,0.681,-0.791,-0.137,0
P-0142,V0142-0,0.068,-0.384,0.56,1.318,-1.591,-0.364,-0.211,-0.213,1
P-0392,V0392-2,-1.823,-0.012,-0.338,-0.24,0.862,-0.45,0.442,-0.845,0
P-0250,V0250-7,-1.086,1.411,1.415,0.673,0.257,-0.706,-0.177,0.624,0
P-0360,V0360-1,-1.095,-0.022,-0.078,0.699,1.485,2.167,0.984,-0.015,0
P-0358,V0358-4,-0.313,-1.706,-0.445,-2.029,1.357,-0.222,1.454,-1.523,1
P-0489,V0489-0,0.717,0.243,1.448,-1.389,-0.059,-1.817,-0.175,-1.889,0
P-0139,V0139-2,-0.292,0.386,-0.628,-0.139,-0.608,0.092,-0.409,0.015,0
P-0352,V0352-3,-0.553,-0.842,-0.256,-1.748,-1.417,0.273,1.376,-0.337,0
P-0053,V0053-2,1.261,-0.534,-0.105,-1.965,-0.887,-0.537,1.096,-1.227,0
P-0227,V0227-6,0.223,-0.441,1.808,-0.451,1.322,-0.328,-0.097,-1.305,0
P-0040,V0040-3,-1.608,0.164,-0.892,-1.406,0.257,-0.486,-1.192,0.123,1
P-0382,V0382-3,0.956,-2.496,-1.503,-0.648,-2.04,-0.219,-0.505,-2.122,1
P-0214,V0214-1,-0.484,0.138,0.357,0.44,-0.481,-0.075,0.662,0.369,1
P-0294,V0294-5,-0.223,-1.604,-0.936,-0.926,-2.335,-0.673,-1.304,-0.907,0
P-0116,V0116-3,0.255,2.2,-0.54,1.04,-0.515,0.458,1.358,1.117,1
P-0169,V0169-4,2.05,-0.261,-0.878,0.752,2.348,-0.369,2.637,0.415,1
P-0395,V0395-0,0.51,0.992,-0.749,1.959,-1.614,0.73,0.605,-0.513,0
P-0231,V0231-5,2.7,-1.088,0.383,-0.338,1.307,1.289,-0.964,-0.143,1
P-0339,V0339-1,-0.762,0.443,-0.561,-1.063,0.234,1.776,0.129,-0.757,0
P-0177,V0177-0,-0.762,-2.377,-0.031,-0.897,0.667,0.279,1.71,0.554,1
P-0349,V0349-3,-0.645,-1.634,0.855,1.395,0.178,1.533,1.139,-0.605,1
P-0219,V0219-0,0.969,-1.656,-0.557,0.83,-0.017,-1.193,0.622,0.064,0
P-0429,V0429-1,1.017,1.393,-1.949,1.331,0.489,-0.542,-1.956,-1.206,1
P-0045,V0045-3,-1.293,-2.484,-0.782,0.674,-0.86,-0.802,-0.773,1.201,1
P-0120,V0120-4,0.427,-2.104,-0.26,0.885,0.073,1.406,-0.791,-0.448,0
P-0428,V0428-1,-1.683,-0.08,0.152,1.667,-0.554,-0.021,1.354,1.405,0
P-0460,V0460-0,-1.226,0.944,1.33,0.079,-0.642,-0.39,-0.322,-0.46,0
P-0277,V0277-1,-2.808,-0.212,0.411,-0.089,1.32,-0.725,0.159,0.717,0
