tenure_months,monthly_charges,support_calls,churn_risk_prev_quarter,churned
70,58.45,3,0.612,0
56,48.89,1,0.307,0
48,52.37,2,0.214,0
61,61.85,0,0.652,0
37,57.56,5,0.106,1
43,39.84,1,0.284,0
44,58.27,2,0.685,1
18,38.84,1,0.577,1
39,53.76,4,0.243,0
14,78.0,1,0.288,0
19,49.94,0,0.551,0
37,106.15,1,0.768,1
51,59.27,2,0.307,1
23,61.1,2,0.432,0
52,58.25,2,0.283,0
20,31.32,0,0.606,1
34,54.94,0,0.689,1
6,69.11,2,0.319,1
9,87.51,4,0.31,0
37,62.17,1,0.703,1
1,72.83,2,0.302,0
48,70.23,1,0.501,1
26,60.87,0,0.931,1
35,59.49,2,0.413,0
1,64.04,2,0.616,1
16,40.28,1,0.418,0
16,72.02,2,0.165,1
13,49.84,2,0.203,0
41,44.64,2,0.363,0
71,50.81,0,0.142,0
58,93.18,0,0.116,0
54,75.08,3,0.306,0
64,42.42,1,0.449,0
36,55.08,2,0.382,0
15,66.01,0,0.464,0
13,32.8,2,0.687,1
48,78.28,3,0.514,0
17,62.47,1,0.196,0
9,35.09,2,0.699,1
46,54.31,5,0.869,1
13,56.43,2,0.683,1
56,67.35,1,0.745,0
60,61.39,3,0.827,1
25,48.15,1,0.194,0
71,90.71,2,0.756,0
63,61.73,2,0.573,1
13,59.78,1,0.548,0
15,80.32,0,0.283,0
63,62.09,1,0.872,1
15,46.44,3,0.561,1
19,72.11,3,0.673,1
38,49.33,0,0.12,0
19,58.86,3,0.137,0
54,54.28,1,0.452,1
40,80.1,0,0.566,1
10,60.58,1,0.148,0
35,62.71,5,0.281,0
12,62.59,1,0.639,0
45,48.73,3,0.752,1
36,51.74,4,0.233,0
18,88.17,3,0.451,0
69,60.27,2,0.774,1
30,53.57,3,0.217,0
34,35.57,2,0.659,0
35,89.58,3,0.836,1
11,61.85,3,0.212,0
8,70.75,0,0.869,1
3,58.07,1,0.42,1
64,46.01,2,0.731,0
68,101.47,0,0.244,0
62,67.13,1,0.43,0
18,80.19,1,0.276,1
25,87.55,1,0.267,1
58,31.32,3,0.421,0
13,61.55,0,0.828,0
40,31.31,1,0.701,0
68,48.06,1,0.666,0
2,48.14,3,0.485,1
58,43.52,2,0.548,0
22,87.85,2,0.672,0
42,83.14,3,0.229,0
15,60.41,1,0.595,0
18,58.06,1,0.787,0
36,37.62,1,0.328,0
38,36.78,2,0.678,1
63,78.6,1,0.178,0
17,57.42,2,0.391,0
57,87.72,0,0.804,1
23,35.9,0,0.525,0
55,84.31,4,0.461,0
8,94.37,2,0.39,1
9,61.8,1,0.356,1
17,89.04,0,0.73,1
33,13.36,0,0.345,0
45,57.11,1,0.764,0
32,72.58,3,0.353,1
1,64.68,1,0.615,1
19,55.72,3,0.613,0
5,49.81,1,0.732,1
51,87.82,1,0.613,0
5,77.52,1,0.463,1
10,103.91,2,0.436,1
60,56.58,2,0.201,0
30,89.53,0,0.592,1
34,57.92,3,0.742,0
62,95.5,4,0.571,1
51,70.04,1,0.434,0
4,67.62,0,0.793,1
4,49.95,0,0.523,1
23,57.56,1,0.447,0
56,95.97,0,0.963,1
20,97.72,2,0.493,1
11,17.95,0,0.465,0
35,70.96,0,0.415,0
49,43.12,3,0.814,1
14,50.74,3,0.673,1
35,38.22,3,0.389,1
1,51.75,3,0.522,0
9,62.48,2,0.708,1
70,40.58,3,0.223,1
16,39.2,3,0.355,1
30,66.39,0,0.267,0
56,92.94,1,0.676,0
49,53.15,2,0.182,0
7,81.63,3,0.594,1
54,46.87,3,0.503,0
15,51.72,0,0.903,1
22,59.76,1,0.267,1
55,82.93,1,0.474,0
18,36.98,5,0.531,1
7,55.99,4,0.115,0
56,61.22,4,0.764,1
1,95.07,0,0.487,0
14,51.1,1,0.176,0
33,70.04,1,0.274,0
39,84.83,1,0.592,1
38,32.01,1,0.394,0
6,71.24,0,0.235,0
4,77.7,1,0.28,0
71,38.89,5,0.94,1
39,63.29,2,0.228,0
39,83.52,1,0.336,0
49,76.61,1,0.877,1
46,61.46,1,0.39,1
33,64.92,1,0.83,0
62,84.77,1,0.658,0
63,77.12,3,0.291,0
36,69.37,1,0.24,0
4,55.0,0,0.578,1
13,29.53,0,0.685,0
24,78.21,1,0.567,1
11,62.55,1,0.431,1
46,27.47,1,0.432,0
47,44.92,0,0.092,0
17,33.2,1,0.225,0
44,63.99,3,0.49,0
71,44.56,2,0.781,0
48,91.89,0,0.779,0
35,64.4,2,0.583,1
6,41.94,4,0.442,1
37,92.3,4,0.632,0
47,59.2,1,0.372,0
14,93.95,2,0.393,0
65,77.71,3,0.581,0
39,56.45,0,0.267,0
8,43.28,0,0.854,1
71,83.19,1,0.174,0
33,76.91,2,0.505,0
36,85.01,1,0.718,1
4,100.25,1,0.447,1
18,57.61,3,0.468,1
21,62.66,1,0.292,0
71,108.42,2,0.834,0
35,82.01,2,0.549,1
2,67.77,2,0.465,1
50,80.99,0,0.741,1
20,88.97,1,0.929,0
6,86.73,1,0.155,0
17,72.28,0,0.821,1
47,59.15,1,0.674,1
38,94.16,0,0.459,1
21,90.83,3,0.499,0
55,72.94,1,0.83,1
4,42.07,3,0.522,1
66,72.11,3,0.688,1
62,99.16,0,0.172,0
44,79.35,0,0.443,0
29,48.93,1,0.183,0
30,70.1,3,0.341,0
62,51.27,1,0.556,0
1,33.05,2,0.872,1
34,66.86,2,0.323,0
46,92.04,2,0.223,0
65,56.51,1,0.305,0
30,57.85,2,0.454,1
24,68.26,2,0.527,1
59,101.96,0,0.788,0
69,51.26,1,0.874,1
47,47.27,1,0.77,0
2,73.59,1,0.605,0
59,69.1,4,0.558,1
8,82.74,3,0.596,1
33,89.61,1,0.885,1
68,39.94,1,0.776,1
68,68.6,1,0.363,0
3,58.08,4,0.431,1
22,55.72,1,0.393,0
60,42.63,0,0.57,0
54,41.11,1,0.822,0
59,39.48,1,0.669,0
15,61.68,2,0.241,0
34,72.69,1,0.234,0
38,67.48,2,0.338,0
14,59.66,0,0.592,0
67,31.06,3,0.919,1
5,62.0,2,0.689,1
22,80.21,1,0.698,0
27,82.96,2,0.325,0
11,33.26,3,0.212,1
15,94.99,2,0.468,1
6,56.5,3,0.78,0
61,118.12,2,0.689,0
61,114.93,1,0.904,1
50,44.08,2,0.544,0
9,73.14,1,0.714,1
30,80.37,1,0.826,0
25,130.73,0,0.508,1
61,21.38,2,0.278,1
48,88.36,2,0.259,1
33,66.85,1,0.667,1
54,51.51,1,0.378,0
16,30.18,3,0.394,1
23,39.1,1,0.464,1
6,54.06,0,0.597,1
40,47.42,1,0.553,1
2,51.9,1,0.676,1
4,21.63,4,0.441,1
46,66.83,2,0.916,0
56,106.35,3,0.346,0
32,49.17,2,0.517,0
36,85.53,1,0.311,0
19,56.94,0,0.619,1
3,74.84,1,0.794,0
53,59.37,0,0.591,0
71,60.02,2,0.36,0
50,59.18,2,0.116,0
22,54.27,1,0.435,1
52,35.59,2,0.228,0
5,52.4,1,0.795,1
30,66.98,3,0.181,0
22,81.0,3,0.311,0
31,94.44,1,0.704,1
22,17.02,1,0.889,1
42,52.38,1,0.368,1
16,61.82,1,0.502,0
70,59.63,0,0.653,0
9,74.31,0,0.3,0
10,57.56,0,0.254,1
48,75.43,2,0.586,1
19,33.51,1,0.853,0
41,80.34,2,0.557,0
42,46.69,3,0.596,1
58,70.25,2,0.236,0
45,58.93,1,0.138,0
63,65.36,1,0.634,1
63,98.08,1,0.128,1
10,86.95,1,0.802,1
67,73.21,3,0.484,0
38,80.29,0,0.519,0
17,79.07,6,0.647,1
23,70.23,1,0.601,1
5,54.13,0,0.461,0
41,113.15,3,0.491,1
19,23.4,2,0.587,1
2,67.2,1,0.871,1
2,62.94,3,0.079,1
54,66.0,2,0.445,1
38,52.78,5,0.676,0
63,78.78,0,0.441,1
21,59.47,2,0.171,0
37,73.1,1,0.156,1
53,57.27,3,0.42,0
13,51.59,4,0.445,1
64,47.83,2,0.379,1
60,49.53,4,0.567,1
47,30.55,3,0.392,0
62,68.67,3,0.17,0
19,41.28,2,0.498,0
45,77.98,0,0.844,1
18,98.48,1,0.393,1
7,44.38,1,0.642,0
48,88.2,0,0.89,1
3,54.73,2,0.041,0
48,85.54,2,0.308,0
4,56.07,2,0.431,1
30,48.56,1,0.161,0
9,63.49,2,0.508,0
42,23.97,0,0.567,1
37,96.94,2,0.658,1
22,53.49,1,0.385,0
43,54.96,1,0.463,1
11,111.66,0,0.196,0
64,115.75,2,0.625,0
67,31.48,1,0.258,0
57,93.26,2,0.211,0
43,58.55,1,0.133,0
62,89.26,6,0.296,0
6,77.63,2,0.749,1
55,91.21,1,0.234,0
58,62.15,0,0.584,0
63,54.51,1,0.393,0
17,30.09,0,0.966,1
59,85.46,4,0.295,1
18,56.15,3,0.741,1
66,53.13,1,0.827,0
5,78.59,1,0.206,0
26,89.48,1,0.254,1
25,53.15,2,0.759,1
13,48.53,3,0.621,0
6,77.58,0,0.191,0
69,100.51,2,0.341,0
23,90.74,2,0.541,1
9,65.3,1,0.585,1
58,81.17,2,0.394,0
11,71.58,5,0.545,0
65,51.55,3,0.144,0
54,78.33,1,0.199,0
56,63.82,3,0.448,0
39,38.23,2,0.467,1
39,79.11,1,0.192,0
59,71.94,2,0.256,0
63,44.38,0,0.244,0
21,91.03,1,0.955,0
10,69.01,3,0.24,0
3,82.04,3,0.935,1
43,86.15,0,0.201,0
34,39.57,3,0.654,1
30,64.01,1,0.515,0
33,41.08,3,0.684,1
11,90.93,0,0.703,0
17,105.69,1,0.432,0
28,52.16,1,0.485,0
15,64.38,0,0.596,1
69,88.32,0,0.393,0
3,102.13,1,0.819,1
16,94.67,2,0.552,1
22,61.55,0,0.258,1
28,80.4,1,0.147,0
11,106.91,3,0.17,0
58,73.86,2,0.811,1
70,71.46,1,0.769,0
60,76.62,1,0.251,1
42,90.75,2,0.88,0
47,57.07,2,0.237,0
60,64.8,2,0.367,1
35,63.22,1,0.283,0
32,68.2,0,0.828,1
69,58.34,0,0.502,0
14,64.8,3,0.568,1
55,41.71,0,0.809,1
69,66.79,2,0.328,0
7,60.3,2,0.501,1
15,97.87,1,0.564,0
56,23.8,3,0.589,0
62,36.06,4,0.276,0
58,78.88,0,0.784,1
70,73.64,2,0.105,0
31,94.82,3,0.605,1
52,86.56,1,0.528,0
71,66.6,0,0.273,0
17,66.82,2,0.776,1
22,91.6,2,0.716,1
38,42.24,1,0.546,0
64,44.36,1,0.269,0
43,82.36,1,0.54,0
27,66.61,1,0.142,0
2,58.68,4,0.053,0
44,55.99,2,0.692,0
20,76.52,5,0.361,0
42,87.96,2,0.04,0
39,95.72,1,0.636,1
28,70.42,1,0.938,1
62,72.33,1,0.23,0
64,79.06,3,0.156,0
40,60.76,3,0.434,0
32,76.48,0,0.461,0
54,85.21,3,0.475,1
49,55.47,4,0.212,0
24,41.69,1,0.186,0
54,64.05,0,0.318,1
26,52.59,2,0.705,1
26,40.35,2,0.669,0
14,3.39,3,0.353,0
50,73.78,2,0.847,1
16,54.26,2,0.322,1
10,49.47,0,0.878,1
17,76.13,2,0.378,1
20,63.12,4,0.62,1
62,63.83,1,0.676,0
10,73.16,1,0.715,1
2,42.75,4,0.475,1
1,55.65,1,0.261,0
42,72.69,2,0.149,0
55,105.05,1,0.379,0
17,71.3,0,0.778,1
38,95.32,2,0.586,0
14,48.87,1,0.808,0
17,37.85,5,0.704,0
12,75.21,0,0.817,1
41,69.63,2,0.722,1
45,72.42,3,0.651,0
25,82.67,0,0.192,0
53,76.93,3,0.599,0
21,79.66,1,0.555,1
69,64.86,1,0.44,0
17,55.28,4,0.5,1
65,78.62,2,0.904,1
52,44.0,1,0.274,0
44,74.54,3,0.653,1
28,38.77,0,0.619,1
30,72.82,2,0.836,1
14,62.64,0,0.804,1
70,112.86,3,0.337,0
47,48.03,3,0.271,0
51,82.74,1,0.494,0
69,42.39,1,0.832,1
22,120.53,3,0.509,0
42,84.17,2,0.233,0
45,66.36,2,0.67,0
45,50.21,0,0.645,1
4,72.91,3,0.168,0
57,36.32,1,0.563,0
25,61.5,0,0.881,1
12,53.16,1,0.392,0
22,81.84,2,0.112,0
17,30.89,0,0.074,0
43,82.07,3,0.464,1
5,38.48,0,0.518,0
37,47.98,2,0.675,1
32,59.77,3,0.609,1
36,87.96,2,0.699,0
31,35.55,2,0.073,0
61,52.47,1,0.327,0
52,59.83,1,0.647,1
62,64.72,2,0.57,0
1,79.53,0,0.432,0
40,67.16,1,0.623,0
54,63.49,3,0.797,1
17,73.8,3,0.808,1
47,74.69,2,0.504,0
57,80.13,0,0.568,1
39,89.58,1,0.442,0
15,82.47,1,0.09,0
23,50.72,1,0.634,1
49,70.4,0,0.514,0
67,58.83,3,0.42,0
33,73.47,4,0.109,0
29,51.93,3,0.39,1
59,76.16,4,0.235,0
35,64.96,0,0.551,0
45,55.04,1,0.5,0
10,90.19,3,0.665,1
55,65.84,1,0.892,0
22,77.09,2,0.529,0
24,101.65,1,0.532,0
28,40.58,1,0.21,1
46,60.05,3,0.799,1
21,74.43,2,0.133,0
5,44.18,1,0.458,0
9,24.46,4,0.453,1
20,68.05,3,0.354,0
40,51.72,2,0.536,1
19,63.67,0,0.303,0
24,76.37,2,0.674,1
20,108.27,3,0.533,0
47,80.15,3,0.627,1
64,52.66,0,0.509,1
48,54.17,0,0.184,0
24,100.98,1,0.321,1
55,51.8,5,0.37,1
64,25.56,1,0.862,0
11,90.98,4,0.386,1
66,77.64,1,0.673,0
63,122.48,2,0.639,1
53,62.94,2,0.77,0
43,67.78,0,0.404,0
51,54.8,0,0.188,0
56,100.67,0,0.257,0
31,59.6,4,0.258,0
34,75.87,1,0.138,0
35,79.79,3,0.371,1
25,69.13,4,0.199,0
63,53.95,0,0.43,0
56,70.99,1,0.533,0
7,47.5,1,0.463,1
56,85.44,3,0.171,0
48,34.43,1,0.407,0
39,82.48,1,0.471,1
26,51.09,2,0.748,0
36,58.99,0,0.711,0
64,83.13,1,0.38,0
19,43.64,2,0.445,1
62,94.43,2,0.276,0
15,33.36,0,0.259,0
66,85.13,3,0.57,0
59,34.57,1,0.463,0
4,41.8,3,0.251,1
62,44.49,1,0.385,0
4,58.39,1,0.501,1
1,90.41,2,0.402,1
42,43.08,4,0.357,1
23,105.02,0,0.228,0
16,39.79,0,0.561,1
32,72.54,3,0.741,0
58,53.23,0,0.711,0
53,62.84,4,0.206,0
49,78.04,1,0.216,1
24,62.12,2,0.435,0
4,52.57,1,0.493,0
41,106.52,1,0.817,1
68,74.29,1,0.524,0
11,56.67,2,0.376,1
27,75.21,3,0.592,1
39,55.45,3,0.325,1
13,65.35,2,0.355,0
64,56.75,4,0.234,0
46,39.64,1,0.048,0
49,39.06,1,0.203,0
6,55.21,0,0.526,0
16,94.48,2,0.446,0
71,75.64,2,0.564,0
31,60.23,1,0.556,0
3,78.29,2,0.784,1
70,81.86,1,0.575,1
47,66.04,1,0.625,1
7,70.17,2,0.427,0
58,91.86,0,0.28,0
65,82.9,1,0.437,1
38,49.54,3,0.801,1
4,111.53,2,0.782,1
57,74.03,2,0.81,1
8,11.17,1,0.554,1
57,54.58,2,0.393,0
55,54.85,1,0.575,1
38,50.71,2,0.872,1
61,90.11,1,0.614,0
23,13.65,2,0.601,0
29,58.05,1,0.305,0
42,39.73,0,0.329,0
7,50.76,1,0.52,0
19,94.93,0,0.715,0
66,63.83,4,0.847,1
51,63.38,3,0.364,1
8,34.82,0,0.655,1
26,53.77,2,0.855,1
43,67.91,2,0.804,1
41,69.29,2,0.607,0
8,35.63,1,0.064,0
47,92.62,3,0.548,1
9,83.85,0,0.339,1
16,36.26,0,0.802,1
18,65.03,2,0.589,1
10,19.57,0,0.298,0
68,38.0,1,0.128,0
21,65.1,0,0.925,1
67,110.01,1,0.686,1
8,54.02,0,0.684,0
61,91.3,2,0.642,0
67,35.5,0,0.47,0
12,36.47,3,0.755,1
45,78.18,2,0.3,1
3,59.34,1,0.196,0
63,50.13,2,0.617,0
44,82.68,1,0.722,1
59,74.6,0,0.318,0
64,81.6,1,0.733,1
15,64.95,1,0.953,1
20,69.73,3,0.263,1
23,70.46,1,0.72,0
58,69.81,4,0.774,1
32,47.14,4,0.475,1
34,54.76,2,0.329,0
42,74.72,1,0.371,0
17,78.11,3,0.489,0
32,53.86,1,0.451,0
70,15.06,1,0.691,0
6,69.09,2,0.505,0
6,71.24,1,0.883,1
30,90.48,2,0.834,1
6,60.91,2,0.535,1
22,33.56,2,0.673,1
41,30.43,2,0.845,0
30,61.29,1,0.696,0
52,82.17,1,0.546,1
40,64.96,0,0.804,1
58,60.6,3,0.128,0
24,60.07,2,0.335,0
15,62.19,2,0.949,1
57,53.91,3,0.19,0
28,30.69,0,0.431,1
9,77.07,1,0.751,0
29,64.47,1,0.272,0
36,80.28,2,0.796,0
6,68.86,0,0.409,0
13,67.81,1,0.883,1
58,49.48,1,0.674,1
66,28.77,2,0.773,1
32,62.47,0,0.537,1
54,69.78,2,0.8,1
44,55.93,0,0.343,0
58,74.32,2,0.29,0
4,71.99,4,0.678,1
36,57.82,0,0.498,0
27,76.48,2,0.781,1
44,59.15,2,0.224,0
62,75.35,0,0.899,0
7,93.0,1,0.182,0
49,60.89,2,0.248,0
46,102.64,2,0.279,0
25,40.28,3,0.595,1
46,46.82,1,0.099,0
15,36.93,1,0.71,1
2,71.31,2,0.277,0
34,86.72,1,0.863,1
32,52.18,2,0.764,0
17,35.02,2,0.143,0
68,70.04,1,0.576,0
48,76.75,1,0.565,0
15,82.7,3,0.244,1
42,76.57,3,0.568,1
32,36.65,1,0.738,1
50,57.72,2,0.613,0
35,84.61,3,0.21,1
5,71.58,1,0.625,0
30,65.73,1,0.364,1
31,62.19,1,0.534,0
68,38.87,5,0.446,0
10,96.62,2,0.52,1
31,79.95,1,0.552,0
31,39.18,0,0.204,0
44,92.07,1,0.435,0
67,53.9,4,0.504,0
28,83.74,3,0.581,0
68,73.53,2,0.333,1
46,91.09,1,0.572,1
50,37.15,1,0.809,1
43,28.78,1,0.595,0
32,78.15,2,0.581,1
16,61.99,1,0.291,0
9,120.91,3,0.365,1
46,40.13,2,0.294,0
26,79.56,1,0.366,0
30,56.68,2,0.328,1
57,69.75,3,0.249,0
66,75.76,0,0.739,1
64,109.77,4,0.268,0
14,72.24,2,0.514,0
53,68.6,1,0.303,0
64,43.02,0,0.424,0
71,77.25,0,0.215,0
46,56.06,2,0.742,0
71,18.71,2,0.275,0
26,47.92,2,0.602,1
3,55.79,2,0.674,1
1,46.17,0,0.343,0
66,50.8,0,0.747,0
59,39.54,1,0.464,0
65,95.56,0,0.624,0
47,37.07,0,0.414,0
44,76.28,2,0.54,0
63,81.41,2,0.146,0
33,81.47,1,0.277,0
61,61.42,0,0.641,1
53,37.59,1,0.627,0
64,96.93,2,0.254,0
52,63.31,2,0.639,0
61,41.22,2,0.321,0
29,33.2,1,0.601,1
50,60.49,3,0.411,0
63,71.07,2,0.714,0
66,54.26,2,0.098,0
67,85.54,1,0.787,1
16,63.7,2,0.356,1
3,53.99,2,0.496,1
24,67.38,0,0.85,0
58,42.9,2,0.637,0
19,30.66,2,0.667,1
12,33.29,2,0.473,1
38,40.12,2,0.404,0
26,72.31,2,0.616,1
34,80.33,2,0.542,0
6,61.73,1,0.397,1
18,74.02,1,0.696,0
20,91.44,1,0.374,0
33,83.57,3,0.279,0
8,45.68,2,0.621,0
58,40.48,1,0.662,0
16,84.37,2,0.633,0
38,46.19,2,0.478,0
9,69.66,2,0.97,1
68,23.93,3,0.67,1
61,77.94,2,0.528,0
32,64.51,3,0.623,1
30,48.49,3,0.531,0
70,40.28,0,0.774,0
30,92.82,1,0.364,0
57,31.27,1,0.799,0
45,74.86,0,0.395,0
23,77.38,1,0.92,1
58,68.58,3,0.213,0
32,50.83,0,0.462,0
42,45.6,5,0.409,1
17,52.85,1,0.642,1
4,58.98,1,0.537,1
10,79.21,3,0.311,0
1,46.98,4,0.121,0
69,56.7,0,0.362,0
28,59.46,2,0.792,0
13,96.48,2,0.612,0
49,118.13,2,0.605,0
44,75.19,0,0.676,1
27,57.23,2,0.695,0
5,68.22,2,0.601,1
11,86.38,1,0.548,0
36,78.84,2,0.808,1
16,56.96,3,0.738,1
67,114.85,2,0.72,1
65,44.07,0,0.366,0
49,80.11,2,0.539,0
33,76.52,2,0.561,1
27,70.79,1,0.204,0
31,102.74,2,0.731,1
17,24.6,2,0.181,0
26,45.07,1,0.824,1
1,47.9,0,0.302,0
70,45.16,1,0.58,0
1,52.63,1,0.251,0
45,56.51,1,0.394,0
27,35.47,0,0.656,0
55,46.26,1,0.231,0
43,34.58,0,0.54,0
25,70.36,1,0.156,1
64,69.86,1,0.769,1
29,59.33,0,0.767,1
61,53.79,3,0.573,1
21,65.01,1,0.119,1
44,41.99,2,0.274,0
5,75.32,0,0.645,1
38,28.34,1,0.827,1
66,92.39,0,0.491,0
35,56.94,1,0.357,0
16,73.59,1,0.311,0
15,52.44,1,0.062,0
4,52.84,0,0.431,0
3,86.9,2,0.181,0
39,76.75,2,0.83,1
37,45.46,6,0.462,0
61,68.01,3,0.37,1
18,57.42,1,0.918,1
57,63.86,1,0.372,0
40,52.21,0,0.48,1
61,69.85,1,0.537,0
19,56.35,1,0.122,0
19,98.44,0,0.631,0
13,73.17,3,0.959,1
37,64.77,3,0.678,1
66,33.57,2,0.583,1
40,75.77,1,0.324,0
52,80.75,1,0.325,0
36,89.76,0,0.367,1
37,38.49,1,0.191,0
60,64.14,2,0.468,0
29,33.94,2,0.535,1
38,61.5,1,0.277,0
71,64.78,3,0.523,1
18,56.29,2,0.302,0
3,73.73,3,0.647,1
12,84.69,4,0.238,0
52,63.1,0,0.524,0
48,69.33,1,0.821,1
67,77.55,4,0.49,0
3,37.57,2,0.307,0
43,49.81,1,0.837,1
70,63.72,2,0.62,0
7,91.24,0,0.7,1
63,65.75,0,0.219,0
69,77.99,1,0.608,1
34,95.12,2,0.216,1
10,74.81,2,0.358,1
55,89.72,0,0.532,1
1,41.98,5,0.569,1
71,61.98,3,0.682,0
71,42.07,2,0.256,0
64,42.76,2,0.095,0
11,43.46,1,0.317,0
22,69.07,0,0.295,0
13,59.26,0,0.332,1
10,17.99,1,0.902,1
1,76.23,3,0.768,1
15,71.14,3,0.288,1
51,94.57,0,0.453,0
31,44.13,2,0.66,0
70,65.82,0,0.257,0
37,77.75,6,0.727,0
58,62.59,2,0.811,1
50,93.34,1,0.873,1
52,49.09,1,0.319,0
32,66.98,2,0.525,0
14,81.7,2,0.322,0
58,66.41,3,0.382,0
67,64.16,1,0.576,0
27,56.09,1,0.342,0
35,61.25,3,0.206,0
55,91.76,1,0.261,0
40,62.61,2,0.304,0
66,85.78,1,0.444,1
55,61.94,2,0.619,1
58,54.31,2,0.199,0
47,75.26,0,0.211,0
31,87.31,3,0.674,1
48,62.79,2,0.789,1
26,78.87,1,0.408,0
31,36.01,3,0.106,0
3,60.64,2,0.666,1
16,66.11,2,0.771,1
68,75.46,2,0.704,0
10,52.59,2,0.661,0
35,82.01,3,0.395,1
67,52.57,1,0.425,0
9,56.27,0,0.374,1
43,64.84,1,0.709,1
52,64.37,2,0.49,0
67,67.79,1,0.13,0
6,88.03,2,0.321,1
31,58.29,3,0.57,1
68,44.17,2,0.039,0
12,62.98,0,0.2,1
17,37.74,1,0.837,1
36,72.41,2,0.51,0
18,62.73,1,0.263,0
19,72.17,1,0.562,0
67,77.19,1,0.617,0
35,44.46,0,0.54,1
9,67.6,1,0.71,1
62,61.5,1,0.63,0
60,52.19,1,0.776,1
15,55.24,3,0.451,1
47,53.37,5,0.491,0
25,55.47,1,0.505,1
14,56.62,2,0.544,0
8,33.43,1,0.829,1
67,48.94,0,0.776,0
69,70.58,1,0.692,0
61,53.54,3,0.714,0
21,23.91,1,0.473,0
8,69.84,3,0.068,0
36,68.55,3,0.668,1
18,89.56,5,0.868,1
60,73.47,1,0.411,0
12,49.54,1,0.838,1
21,76.54,3,0.848,1
24,45.3,1,0.537,1
63,64.23,3,0.818,0
44,94.37,3,0.758,0
11,88.17,1,0.469,1
19,-9.8,1,0.555,1
10,86.54,3,0.564,1
44,85.06,1,0.75,0
63,71.26,1,0.163,0
45,51.63,3,0.689,0
12,45.54,2,0.775,1
11,54.28,4,0.329,0
17,73.18,2,0.435,1
64,96.78,0,0.876,0
26,48.29,3,0.495,0
36,59.54,1,0.437,0
2,63.69,1,0.783,1
32,100.52,2,0.165,0
49,47.95,0,0.569,1
19,56.67,1,0.652,1
33,74.2,0,0.496,0
39,71.12,0,0.46,0
2,51.46,3,0.176,0
71,51.61,0,0.572,1
52,67.21,0,0.875,1
18,46.3,0,0.189,0
36,66.07,5,0.607,1
52,86.71,3,0.326,0
69,103.98,2,0.266,0
38,49.51,2,0.962,1
34,92.15,3,0.329,0
7,88.42,3,0.444,1
12,63.59,1,0.838,0
8,65.86,2,0.898,0
59,73.28,3,0.327,0
14,72.09,0,0.343,0
14,80.08,1,0.207,0
14,54.86,3,0.19,0
54,80.47,0,0.13,0
11,103.68,3,0.404,0
50,66.06,1,0.513,0
36,70.99,1,0.174,0
36,62.56,4,0.373,1
45,65.44,2,0.26,0
18,63.31,2,0.79,1
49,59.77,2,0.567,1
12,59.52,2,0.184,1
46,45.51,1,0.118,0
19,55.57,0,0.442,0
25,66.21,1,0.288,0
47,115.28,2,0.575,0
3,45.69,1,0.883,0
60,45.61,4,0.828,1
65,73.34,0,0.397,0
5,75.58,2,0.525,0
34,68.5,0,0.275,0
31,43.97,6,0.578,1
1,88.18,4,0.162,0
41,80.43,2,0.353,0
21,58.61,3,0.145,1
26,81.3,2,0.27,0
47,46.39,1,0.185,1
24,58.24,5,0.406,0
31,80.82,1,0.281,0
67,61.04,1,0.381,0
29,71.65,0,0.835,0
56,52.01,1,0.943,1
43,71.38,0,0.606,0
63,61.71,2,0.321,0
9,74.55,0,0.812,1
8,55.31,0,0.745,1
28,51.62,2,0.714,1
1,65.51,1,0.171,0
67,20.01,2,0.354,0
55,54.07,1,0.704,1
5,52.39,2,0.37,1
33,79.22,1,0.1,0
20,54.09,2,0.959,1
19,81.53,1,0.265,0
13,58.92,3,0.902,1
62,70.66,3,0.67,0
51,52.37,1,0.647,0
71,75.77,1,0.331,0
66,60.56,0,0.389,0
32,54.07,4,0.222,1
59,39.24,2,0.782,0
46,113.43,1,0.819,1
55,93.55,1,0.529,0
49,24.7,2,0.168,1
36,32.27,0,0.475,0
1,48.45,1,0.808,1
29,55.29,0,0.347,0
50,94.31,0,0.718,0
71,50.58,4,0.147,0
56,59.89,1,0.548,0
7,93.33,2,0.871,0
23,59.4,3,0.616,1
13,65.32,0,0.771,0
2,88.36,1,0.694,1
40,107.81,1,0.697,0
21,96.29,2,0.366,0
6,71.18,1,0.735,0
10,69.82,1,0.603,0
17,107.88,1,0.557,0
16,45.87,1,0.664,1
2,53.01,0,0.274,1
58,59.88,3,0.537,0
24,52.03,0,0.542,1
6,63.2,1,0.242,0
10,45.54,1,0.633,0
42,35.16,1,0.661,0
38,59.32,0,0.2,1
25,72.25,2,0.302,1
45,48.14,0,0.349,0
64,51.45,1,0.097,0
27,64.27,3,0.304,1
70,91.12,2,0.223,0
20,74.55,1,0.501,1
8,76.55,1,0.67,1
65,13.87,5,0.215,0
47,89.4,0,0.081,0
10,46.01,1,0.506,1
2,70.61,3,0.673,0
65,93.9,1,0.843,0
56,45.59,0,0.601,0
38,69.6,1,0.514,0
28,67.62,1,0.189,0
38,44.61,3,0.229,0
24,62.26,1,0.558,1
19,90.67,3,0.243,0
42,57.67,4,0.537,0
18,57.94,1,0.58,0
67,34.07,2,0.525,0
6,74.98,3,0.639,1
67,71.92,1,0.723,0
43,72.21,0,0.433,0
33,63.58,1,0.848,1
70,116.47,0,0.528,0
23,101.93,1,0.795,1
30,82.54,0,0.922,1
6,48.23,2,0.578,1
58,65.25,0,0.308,0
67,70.92,0,0.494,0
58,73.22,2,0.747,1
30,88.16,1,0.54,1
42,55.93,2,0.806,1
11,57.64,1,0.691,1
13,50.77,1,0.558,0
23,80.4,3,0.733,1
55,64.15,1,0.3,0
34,39.42,3,0.117,0
50,79.76,2,0.393,1
56,68.88,2,0.546,0
8,74.35,2,0.436,0
62,46.61,3,0.278,0
32,67.39,2,0.25,0
34,37.46,2,0.667,1
41,86.86,0,0.212,0
4,65.19,0,0.778,1
66,57.61,1,0.373,0
47,48.23,4,0.207,0
21,83.48,1,0.688,0
12,59.83,6,0.25,1
63,88.14,0,0.746,0
29,89.83,2,0.812,1
19,73.59,1,0.759,1
34,50.63,3,0.212,0
5,44.89,1,0.245,0
56,41.92,1,0.185,0
30,76.95,1,0.342,1
37,64.52,0,0.107,0
22,26.36,2,0.782,1
10,62.6,2,0.438,0
69,86.51,4,0.087,0
25,68.37,3,0.248,0
34,39.9,1,0.737,1
68,58.69,1,0.644,0
39,97.77,1,0.559,0
62,76.61,1,0.447,0
31,80.61,1,0.675,1
65,69.14,2,0.712,1
64,77.84,4,0.14,0
37,79.25,0,0.107,0
23,113.49,3,0.895,1
7,104.56,0,0.232,0
47,89.66,1,0.536,0
15,51.4,1,0.2,1
68,36.93,4,0.73,1
53,75.52,2,0.725,0
61,-2.94,2,0.786,1
53,72.72,4,0.774,1
14,73.83,1,0.451,0
69,49.76,0,0.858,0
11,50.07,1,0.166,1
5,41.71,1,0.28,0
44,44.12,3,0.627,1
20,62.91,3,0.745,1
50,73.21,1,0.727,1
65,28.02,2,0.799,1
26,46.67,2,0.145,0
1,38.4,0,0.477,1
5,81.74,3,0.768,1
63,34.76,2,0.345,0
41,100.23,3,0.759,1
4,65.09,2,0.669,0
8,64.81,0,0.721,1
8,70.91,1,0.931,1
26,63.57,0,0.545,0
68,53.27,0,0.597,0
29,50.12,2,0.152,0
43,66.47,0,0.787,1
16,33.49,0,0.66,0
18,47.16,0,0.146,0
51,71.26,2,0.644,1
63,59.23,2,0.704,1
6,74.39,3,0.413,0
58,115.96,1,0.849,0
10,72.48,2,0.455,0
26,93.0,0,0.112,0
27,58.57,1,0.793,0
43,35.66,2,0.275,0
36,81.05,3,0.767,1
54,57.39,0,0.666,0
64,56.85,0,0.438,0
71,51.63,0,0.62,0
67,64.31,1,0.666,0
65,53.76,2,0.819,1
29,64.47,2,0.245,0
7,77.93,0,0.677,0
13,56.66,1,0.69,0
38,36.27,4,0.182,0
29,73.8,2,0.204,0
13,70.15,1,0.823,1
18,41.17,0,0.91,1
35,96.92,3,0.161,0
52,44.86,0,0.386,0
20,73.21,0,0.49,0
70,72.75,0,0.28,0
59,82.1,0,0.73,0
27,31.91,0,0.668,1
67,74.94,1,0.814,0
7,60.25,2,0.79,1
69,82.36,2,0.415,0
8,74.33,1,0.056,1
33,94.21,2,0.419,0
31,38.73,2,0.76,1
8,71.66,0,0.46,0
66,43.41,0,0.711,1
38,82.82,3,0.81,0
12,56.82,0,0.494,0
44,100.41,0,0.679,1
40,30.51,5,0.646,1
50,36.92,1,0.576,0
64,72.66,2,0.288,0
20,53.19,0,0.756,1
38,53.79,2,0.415,1
44,93.09,0,0.301,0
48,79.24,2,0.453,0
43,66.78,1,0.345,0
51,52.16,2,0.36,0
25,73.94,2,0.923,1
65,68.51,1,0.494,0
9,45.28,1,0.653,0
55,82.42,2,0.609,1
58,70.08,0,0.641,0
36,89.26,1,0.454,0
11,97.26,4,0.223,1
48,60.37,1,0.476,0
70,53.56,4,0.715,0
57,54.69,1,0.363,0
3,85.88,2,0.614,1
57,85.38,3,0.469,1
67,51.26,1,0.829,1
7,58.14,3,0.473,0
65,34.76,0,0.615,1
18,61.17,0,0.724,1
46,69.69,2,0.731,1
10,60.08,3,0.454,1
60,47.5,1,0.397,0
65,123.15,1,0.655,1
22,97.58,1,0.331,0
6,46.94,0,0.129,0
38,58.95,2,0.417,0
9,68.79,0,0.605,1
61,48.03,3,0.203,0
66,32.97,2,0.285,0
13,66.05,3,0.066,1
17,50.63,3,0.807,1
15,79.94,3,0.917,0
3,70.81,1,0.643,0
21,43.33,0,0.5,0
51,66.95,0,0.1,0
59,46.63,3,0.529,1
66,94.37,2,0.363,0
59,59.36,2,0.413,0
52,77.12,2,0.748,1
42,52.98,3,0.479,1
29,71.85,0,0.49,0
8,85.65,0,0.781,1
53,76.33,1,0.261,0
71,46.42,2,0.168,0
14,58.18,0,0.405,0
29,63.0,3,0.677,1
1,49.45,3,0.392,0
56,54.07,2,0.546,0
30,59.52,0,0.223,1
2,69.25,1,0.464,1
24,65.38,4,0.115,0
66,107.48,2,0.241,0
27,45.28,3,0.563,1
31,35.79,1,0.457,1
33,50.72,3,0.349,0
9,49.62,3,0.241,1
4,105.13,1,0.562,0
10,88.89,2,0.543,1
15,54.2,1,0.857,1
5,71.21,2,0.63,1
5,50.15,0,0.45,0
67,89.05,2,0.693,0
29,54.06,1,0.3,1
5,58.85,2,0.737,1
36,75.71,0,0.448,0
22,10.17,6,0.69,1
63,68.77,0,0.18,0
69,45.49,1,0.351,0
10,77.69,2,0.846,1
69,76.64,2,0.301,0
45,61.19,0,0.42,0
18,52.2,1,0.088,0
20,64.5,3,0.597,1
70,45.23,3,0.693,0
15,94.51,2,0.419,1
18,54.97,2,0.786,1
51,43.08,3,0.627,0
59,29.23,1,0.883,1
52,43.46,1,0.256,0
71,68.87,1,0.792,0
32,78.18,3,0.123,0
47,28.27,4,0.445,1
9,43.43,1,0.751,1
22,91.57,1,0.152,1
1,40.38,0,0.522,0
49,120.23,2,0.129,0
47,46.2,2,0.69,1
6,60.27,1,0.766,1
70,41.93,4,0.645,0
32,63.09,2,0.479,0
49,56.49,1,0.632,0
47,59.47,2,0.911,1
7,54.53,1,0.094,1
41,60.92,1,0.301,0
45,70.04,0,0.762,1
22,52.68,1,0.413,0
56,97.16,1,0.465,0
12,32.64,1,0.799,1
47,37.66,0,0.327,0
57,84.05,0,0.832,0
2,47.17,4,0.708,1
66,48.92,1,0.964,1
68,73.4,2,0.353,0
24,48.83,1,0.308,0
59,96.89,0,0.732,1
46,65.08,5,0.25,0
58,81.09,2,0.58,0
5,58.51,3,0.636,1
49,37.72,5,0.888,0
59,50.9,3,0.326,0
27,68.87,1,0.467,0
49,57.89,0,0.491,0
70,77.26,5,0.408,0
49,22.95,0,0.583,1
1,40.74,3,0.48,0
56,67.33,1,0.292,0
16,80.38,1,0.359,1
42,69.13,3,0.938,1
29,35.05,2,0.084,0
57,81.19,3,0.332,0
20,50.14,4,0.729,1
69,47.99,1,0.322,0
11,71.54,0,0.445,1
57,73.66,2,0.717,1
25,45.82,0,0.48,0
66,94.26,1,0.36,0
19,66.59,0,0.088,1
32,53.37,1,0.253,1
17,37.74,2,0.333,0
59,65.8,2,0.742,0
42,23.46,1,0.533,0
59,60.84,3,0.63,0
67,60.79,0,0.848,1
32,70.99,0,0.423,0
19,65.18,0,0.336,0
70,49.23,3,0.736,0
8,87.99,2,0.15,1
27,75.22,1,0.09,0
16,61.11,1,0.264,0
40,74.51,0,0.407,0
8,81.64,1,0.323,0
37,90.9,3,0.662,0
26,42.52,0,0.348,0
13,31.05,0,0.689,1
64,74.2,1,0.362,0
30,47.59,3,0.212,0
61,42.49,3,0.729,0
36,62.37,1,0.328,1
44,85.02,2,0.449,0
39,99.95,0,0.736,1
20,83.75,2,0.402,1
17,77.5,2,0.798,1
67,74.81,0,0.169,0
63,70.7,0,0.532,1
41,63.45,1,0.642,0
43,36.58,1,0.345,0
18,97.11,3,0.947,1
69,48.37,1,0.685,0
19,53.66,0,0.53,0
66,78.46,1,0.545,1
22,72.75,6,0.454,1
53,80.38,0,0.502,0
27,58.38,2,0.374,0
64,110.2,2,0.457,1
50,56.0,2,0.423,0
47,26.06,0,0.354,0
28,73.85,4,0.726,1
69,80.4,4,0.41,0
48,48.06,0,0.815,0
59,55.18,2,0.484,0
4,83.02,1,0.818,1
71,16.66,0,0.084,0
37,66.91,0,0.748,0
71,82.74,0,0.322,0
52,63.82,1,0.778,0
57,72.61,2,0.233,0
69,32.29,4,0.235,1
14,63.32,0,0.738,0
39,92.11,0,0.571,0
48,61.05,1,0.158,0
38,65.21,2,0.509,1
1,53.55,3,0.738,1
29,57.85,2,0.582,1
58,45.16,0,0.61,0
63,61.31,1,0.339,0
35,62.99,1,0.552,1
25,71.79,2,0.526,0
31,63.84,2,0.346,0
69,57.62,0,0.171,0
59,62.39,2,0.095,0
8,84.73,1,0.34,0
70,90.32,2,0.346,0
34,78.38,1,0.944,1
25,55.56,3,0.22,0
66,64.22,0,0.266,1
59,41.03,2,0.813,0
48,96.33,2,0.611,0
31,72.2,2,0.796,1
46,54.57,2,0.533,0
4,84.12,4,0.275,1
46,79.98,3,0.359,0
45,60.89,2,0.12,0
40,52.7,3,0.818,1
64,56.03,2,0.726,0
67,46.28,1,0.196,0
8,56.84,2,0.332,1
20,92.16,0,0.82,0
9,70.09,2,0.114,0
55,67.94,1,0.374,0
28,86.48,0,0.213,0
35,93.02,1,0.868,0
16,46.33,1,0.38,0
31,65.45,1,0.114,1
2,44.59,5,0.672,1
22,55.78,0,0.48,0
57,65.03,1,0.585,0
40,38.04,2,0.905,1
42,81.46,1,0.536,0
29,51.18,1,0.929,1
69,33.49,1,0.335,0
36,81.2,3,0.6,0
54,94.03,1,0.651,1
58,50.14,1,0.693,0
25,52.63,0,0.516,0
50,90.13,1,0.559,0
60,66.82,2,0.947,0
54,26.88,1,0.488,0
28,87.19,0,0.127,0
62,86.2,2,0.459,0
41,80.03,2,0.565,1
71,38.63,2,0.527,0
5,52.79,1,0.375,0
11,30.06,2,0.441,0
43,30.47,0,0.274,0
10,34.06,4,0.728,1
62,60.72,2,0.765,1
26,69.37,1,0.257,0
51,56.99,1,0.441,0
44,66.2,2,0.488,0
32,66.64,2,0.039,0
6,43.85,1,0.885,1
68,38.89,4,0.644,1
42,71.18,2,0.569,1
61,86.53,0,0.447,1
29,79.37,2,0.796,0
17,46.21,3,0.645,0
60,46.75,1,0.428,0
54,69.04,1,0.916,1
10,84.79,1,0.57,1
48,65.67,0,0.668,1
21,88.3,1,0.274,1
54,13.27,4,0.643,0
58,67.57,3,0.728,0
31,95.79,1,0.351,0
5,57.54,1,0.721,0
48,63.78,2,0.486,1
52,61.26,0,0.907,1
8,49.54,2,0.246,1
57,98.72,1,0.141,0
26,25.37,2,0.194,0
65,73.93,2,0.373,0
33,46.35,0,0.66,1
36,29.11,0,0.378,0
40,66.95,4,0.453,0
25,38.38,5,0.559,1
48,51.66,3,0.623,1
46,65.83,1,0.748,1
3,34.43,3,0.452,1
71,53.1,1,0.217,0
9,27.0,1,0.695,1
55,84.7,0,0.369,0
23,93.12,0,0.849,1
22,42.46,1,0.819,0
59,54.44,1,0.436,0
46,78.67,1,0.21,0
71,80.76,3,0.578,0
42,90.03,6,0.115,0
8,92.26,0,0.3,0
67,58.8,0,0.535,0
29,58.86,1,0.284,0
29,65.46,1,0.194,0
16,55.91,1,0.188,0
36,76.07,0,0.509,1
39,54.9,1,0.267,0
67,84.36,1,0.892,1
41,65.81,4,0.596,1
4,113.6,0,0.659,1
62,58.45,1,0.621,0
28,67.13,1,0.428,0
7,69.11,0,0.335,0
32,97.86,1,0.183,1
31,96.9,0,0.68,0
9,72.81,2,0.23,0
38,58.39,1,0.919,1
14,79.1,1,0.875,1
36,72.2,1,0.293,0
22,77.45,0,0.597,1
9,56.62,4,0.699,0
7,84.32,1,0.478,1
51,68.3,2,0.576,1
45,113.6,1,0.875,0
24,78.61,2,0.229,0
4,31.24,1,0.578,1
5,41.88,1,0.209,1
4,45.63,1,0.389,0
27,11.24,1,0.992,1
47,73.55,2,0.172,0
55,40.21,0,0.549,1
42,75.57,3,0.47,0
40,68.14,1,0.476,0
4,99.8,1,0.91,1
65,24.21,1,0.679,0
15,80.61,3,0.789,1
30,120.39,2,0.229,1
25,82.09,2,0.232,0
22,65.7,1,0.691,0
33,27.83,1,0.72,0
29,43.44,3,0.438,0
50,37.22,1,0.372,0
24,46.92,4,0.031,0
15,47.66,0,0.178,0
55,74.23,2,0.267,0
15,93.73,3,0.828,0
53,37.14,4,0.449,0
57,64.35,0,0.582,0
37,75.56,0,0.369,0
32,87.41,2,0.204,1
6,54.83,2,0.627,1
43,52.98,0,0.583,1
31,56.53,2,0.747,1
6,33.09,3,0.332,0
15,64.37,1,0.318,1
39,27.72,3,0.676,1
25,95.44,1,0.29,0
50,43.61,1,0.767,0
9,56.5,2,0.723,1
56,82.86,0,0.328,0
44,73.13,0,0.344,0
63,53.32,2,0.661,0
21,64.68,2,0.424,0
70,52.91,3,0.938,0
33,85.63,1,0.673,0
66,73.65,5,0.619,1
53,58.29,3,0.254,0
59,87.38,2,0.357,0
19,77.0,1,0.357,1
24,64.8,1,0.631,1
54,60.64,2,0.549,0
23,104.36,1,0.832,1
46,49.58,2,0.38,0
16,95.22,1,0.573,1
70,81.16,1,0.456,0
66,23.52,2,0.786,1
36,75.89,2,0.405,0
54,55.81,2,0.726,0
20,56.55,2,0.303,1
46,83.68,0,0.39,0
33,54.89,1,0.518,0
28,68.57,2,0.759,1
60,30.11,1,0.42,0
59,73.51,0,0.579,1
12,44.53,3,0.806,0
42,83.42,2,0.859,1
52,57.82,1,0.65,0
6,72.23,0,0.493,1
21,61.14,6,0.371,0
50,58.55,4,0.5,0
71,61.65,1,0.464,0
31,73.34,1,0.488,0
57,47.75,0,0.632,0
2,57.43,0,0.417,0
36,113.72,2,0.851,1
32,70.93,3,0.224,0
46,54.93,0,0.344,0
45,72.96,2,0.426,1
31,59.87,0,0.293,0
50,40.37,1,0.361,0
15,68.53,1,0.313,0
47,75.41,2,0.651,0
42,74.98,3,0.759,1
26,86.45,1,0.382,0
38,86.59,0,0.09,0
45,84.72,0,0.332,0
26,72.03,0,0.446,0
60,47.67,0,0.424,1
8,55.16,1,0.651,0
6,71.48,2,0.685,0
38,64.67,3,0.478,1
46,99.61,2,0.604,1
53,86.6,0,0.226,0
8,49.11,1,0.143,0
51,49.8,0,0.884,1
70,59.88,2,0.463,0
23,96.74,2,0.406,0
57,12.59,1,0.742,0
4,84.35,0,0.509,1
49,28.12,1,0.397,0
15,76.25,1,0.738,1
22,80.61,3,0.837,1
40,64.25,0,0.732,0
47,61.97,0,0.433,0
1,45.66,3,0.835,1
23,48.6,1,0.69,1
15,60.23,2,0.682,1
15,46.53,1,0.299,1
36,79.76,1,0.475,0
46,42.86,3,0.15,0
3,44.51,2,0.763,1
17,59.59,2,0.94,1
13,121.17,2,0.328,0
42,33.2,0,0.282,0
41,60.82,2,0.294,0
21,78.45,1,0.703,0
19,78.23,0,0.594,0
45,45.05,2,0.889,1
19,42.75,0,0.811,1
13,56.0,3,0.612,1
43,69.48,3,0.46,1
59,96.23,1,0.576,0
17,65.2,0,0.312,0
27,64.45,2,0.464,0
5,73.16,1,0.204,1
22,39.29,2,0.87,0
30,70.54,1,0.728,1
18,75.45,0,0.216,0
44,32.98,0,0.136,0
13,47.43,1,0.448,1
18,76.77,0,0.444,0
46,62.61,4,0.696,1
58,56.15,0,0.259,0
68,75.77,2,0.528,0
53,86.09,2,0.575,0
49,58.39,3,0.324,0
41,83.65,3,0.701,1
62,56.02,5,0.199,0
23,57.86,1,0.768,1
14,62.42,1,0.099,1
66,76.0,2,0.687,1
9,105.07,2,0.634,0
16,57.23,5,0.723,1
57,34.07,4,0.657,1
60,60.88,3,0.655,0
24,51.6,2,0.45,1
18,77.54,3,0.242,1
12,50.29,2,0.201,0
38,71.09,2,0.691,0
24,93.62,2,0.183,1
29,70.18,0,0.602,1
46,62.57,2,0.401,0
47,58.74,1,0.338,0
68,48.87,3,0.288,0
35,89.87,1,0.267,0
57,26.46,1,0.355,1
40,29.54,0,0.728,1
32,77.43,1,0.084,0
25,72.53,2,0.625,1
15,64.49,1,0.755,1
16,80.16,1,0.621,1
29,40.05,3,0.164,1
32,108.23,1,0.418,0
1,81.63,0,0.574,0
14,82.7,0,0.07,0
47,33.88,1,0.902,1
71,36.43,3,0.495,1
41,82.64,0,0.687,1
8,75.63,2,0.052,0
65,49.1,2,0.426,0
17,44.63,1,0.237,1
31,46.12,1,0.508,0
24,30.94,2,0.697,0
19,83.13,2,0.668,1
42,87.64,2,0.529,0
12,57.3,2,0.33,0
2,22.22,0,0.203,1
59,51.44,2,0.256,0
6,68.17,2,0.834,1
41,43.11,0,0.245,0
48,71.1,0,0.521,0
42,100.53,2,0.422,1
45,74.51,1,0.529,0
30,71.54,1,0.776,1
41,51.06,1,0.659,0
56,90.82,0,0.885,1
17,84.57,1,0.639,1
9,58.62,2,0.512,1
59,66.67,4,0.078,0
25,44.01,3,0.545,1
18,64.15,1,0.178,0
46,58.08,1,0.719,0
1,60.33,4,0.36,1
54,29.41,1,0.633,0
69,58.92,1,0.814,1
48,69.25,0,0.432,0
35,81.1,2,0.375,0
14,27.32,2,0.274,0
1,66.07,3,0.813,0
63,81.3,2,0.695,0
13,82.9,2,0.538,1
63,50.53,2,0.592,0
31,76.95,0,0.554,0
47,60.24,2,0.697,0
22,80.43,2,0.875,1
68,75.16,1,0.129,0
62,43.61,0,0.779,0
24,79.92,3,0.857,1
41,67.55,3,0.467,0
37,82.0,0,0.82,0
21,76.58,0,0.736,1
52,84.42,1,0.145,0
6,58.89,1,0.446,0
68,63.43,2,0.25,0
43,68.45,1,0.584,0
67,92.83,1,0.758,1
12,104.01,2,0.231,0
14,51.19,3,0.303,0
60,86.67,3,0.907,1
43,70.89,1,0.474,0
7,81.35,3,0.239,0
59,73.49,1,0.765,0
40,57.83,0,0.48,0
56,105.65,1,0.588,0
18,74.14,2,0.833,1
29,42.18,1,0.169,1
51,88.39,3,0.581,0
22,60.12,2,0.29,0
69,36.44,0,0.823,0
57,20.6,2,0.734,0
68,82.76,3,0.275,0
46,84.42,0,0.3,0
40,53.93,1,0.817,1
71,9.36,3,0.477,0
10,41.9,1,0.234,1
28,77.3,0,0.11,0
31,65.53,1,0.627,1
11,63.95,1,0.333,0
1,72.42,1,0.197,0
64,88.09,0,0.208,0
69,48.44,1,0.308,0
17,49.86,5,0.412,0
70,34.88,2,0.298,0
3,60.16,2,0.491,1
66,52.41,4,0.299,1
1,112.7,1,0.612,1
63,73.93,1,0.437,0
52,21.02,1,0.513,0
23,96.58,2,0.742,1
3,81.78,1,0.577,1
20,59.33,0,0.745,1
42,78.34,2,0.929,1
47,23.87,1,0.494,1
23,71.98,3,0.561,0
46,76.77,2,0.465,1
3,38.87,3,0.645,1
15,77.28,3,0.668,1
55,40.9,1,0.853,1
39,67.84,2,0.357,1
9,24.36,0,0.321,0
68,96.49,1,0.273,0
50,85.35,3,0.081,0
2,70.39,3,0.719,1
18,49.1,1,0.595,0
4,32.74,0,0.732,1
42,54.18,1,0.152,0
45,92.28,1,0.574,0
56,99.04,3,0.557,0
57,35.35,4,0.283,0
56,95.09,2,0.748,1
15,45.15,2,0.621,0
35,65.47,1,0.591,0
20,78.19,1,0.862,1
57,45.61,2,0.491,0
27,85.46,3,0.604,0
55,58.74,0,0.843,0
7,61.1,1,0.222,1
18,84.55,1,0.359,1
42,62.75,2,0.256,0
66,71.78,0,0.186,0
14,60.77,1,0.242,0
42,78.12,0,0.477,1
69,73.49,2,0.155,0
39,34.39,2,0.252,0
5,45.97,1,0.765,1
36,96.92,2,0.592,1
69,76.01,0,0.647,0
42,68.69,1,0.606,0
51,56.14,1,0.345,1
60,59.65,2,0.417,0
52,73.57,3,0.547,0
21,63.13,1,0.493,1
68,80.95,2,0.749,0
49,27.9,3,0.686,1
25,54.86,3,0.418,1
22,37.48,1,0.553,1
1,86.75,1,0.477,0
43,66.37,1,0.358,0
44,50.86,3,0.765,0
68,51.14,0,0.134,0
30,58.29,1,0.275,0
61,64.44,1,0.246,1
35,60.62,0,0.084,0
53,96.62,2,0.438,0
26,105.6,4,0.439,1
67,107.62,3,0.57,1
61,69.6,2,0.619,1
61,65.75,1,0.124,1
63,86.26,1,0.506,0
17,36.68,2,0.84,0
52,49.0,0,0.788,0
20,59.21,2,0.413,0
9,83.33,2,0.787,1
57,89.49,1,0.232,0
4,61.91,1,0.734,1
13,49.81,2,0.147,0
18,35.78,0,0.622,1
39,52.57,0,0.471,0
10,64.3,1,0.211,0
6,115.0,2,0.339,1
4,56.9,4,0.657,1
68,48.09,3,0.52,1
27,77.38,2,0.718,0
1,62.68,1,0.507,1
50,88.63,0,0.66,1
18,89.05,2,0.816,1
16,80.72,1,0.146,0
32,75.55,2,0.612,1
4,51.44,2,0.386,0
15,89.73,2,0.387,1
31,84.59,3,0.461,1
40,108.74,0,0.506,0
6,96.25,1,0.616,1
50,49.35,0,0.395,0
53,78.46,2,0.371,0
1,24.36,2,0.673,1
53,82.75,0,0.693,0
22,32.79,0,0.703,1
14,60.92,1,0.632,0
61,83.56,1,0.34,0
35,46.7,0,0.657,0
2,51.04,0,0.694,1
48,48.21,1,0.432,0
68,54.68,0,0.47,1
32,50.33,1,0.342,0
66,47.81,2,0.87,1
42,68.08,0,0.575,0
2,23.77,0,0.576,0
28,70.7,2,0.321,0
12,83.27,2,0.696,0
11,91.51,2,0.149,0
55,47.55,2,0.785,1
63,31.58,2,0.605,0
36,71.88,1,0.585,1
54,74.31,3,0.259,1
67,42.43,2,0.754,1
5,82.86,0,0.651,1
2,47.05,1,0.414,1
18,74.9,2,0.518,1
40,61.99,1,0.679,0
27,62.29,1,0.574,1
30,101.07,2,0.556,1
18,62.89,1,0.297,1
61,66.06,0,0.876,0
18,37.26,2,0.122,0
16,49.57,1,0.383,0
62,44.57,2,0.32,0
13,75.16,1,0.399,1
25,70.08,5,0.616,0
50,64.63,3,0.172,0
57,81.99,1,0.138,0
46,20.96,3,0.342,0
67,86.51,5,0.483,0
58,76.48,1,0.308,0
53,66.89,2,0.21,0
20,58.94,3,0.151,0
25,69.51,2,0.673,0
45,109.45,1,0.454,0
29,35.24,2,0.578,0
60,57.08,0,0.346,1
58,80.92,3,0.235,0
51,27.33,2,0.422,0
33,69.67,3,0.789,1
65,72.23,1,0.345,1
65,48.48,1,0.343,0
9,90.48,1,0.675,1
19,53.89,0,0.377,0
10,64.05,3,0.343,1
26,47.04,1,0.493,0
45,76.85,3,0.61,1
12,54.61,1,0.342,0
3,76.93,2,0.655,0
46,79.41,2,0.702,1
16,39.38,1,0.731,1
23,42.42,2,0.609,1
47,53.63,2,0.91,0
68,72.62,3,0.779,1
46,91.62,1,0.164,0
35,45.2,2,0.08,0
61,95.66,0,0.331,0
19,64.61,2,0.422,0
65,90.1,0,0.521,0
61,56.76,2,0.951,1
51,66.44,3,0.731,1
48,51.9,1,0.239,0
26,66.16,1,0.205,0
16,49.06,2,0.27,0
11,58.58,0,0.746,1
62,87.22,3,0.687,0
64,95.74,0,0.386,0
43,69.81,1,0.529,0
27,77.18,1,0.234,0
66,72.33,1,0.487,0
3,37.5,2,0.651,1
13,36.81,0,0.596,0
18,57.43,0,0.353,0
42,77.86,0,0.412,1
16,72.96,0,0.456,1
71,75.04,1,0.566,1
23,38.81,2,0.503,0
24,63.19,0,0.639,0
24,77.52,2,0.428,0
50,88.89,0,0.667,0
63,46.69,0,0.668,0
44,94.11,2,0.595,0
59,64.0,0,0.786,1
26,52.37,2,0.435,1
56,60.62,2,0.856,1
29,53.74,1,0.378,0
62,61.09,2,0.864,1
30,44.93,1,0.468,1
26,52.68,3,0.35,1
40,66.43,2,0.703,1
32,43.04,1,0.513,0
67,73.41,1,0.196,0
3,80.04,1,0.75,0
45,86.93,0,0.257,0
13,74.29,1,0.403,1
3,80.13,2,0.29,1
29,69.69,4,0.228,0
48,36.79,1,0.744,0
50,69.49,1,0.71,1
63,75.77,0,0.46,0
22,85.79,2,0.389,0
42,70.86,2,0.498,0
31,69.31,3,0.706,1
28,75.13,0,0.485,1
30,66.7,0,0.614,0
66,26.15,2,0.644,0
52,46.1,2,0.609,0
13,89.27,0,0.053,0
32,48.6,0,0.256,0
35,43.87,0,0.373,0
47,87.07,0,0.533,1
48,89.44,1,0.926,1
11,55.59,1,0.86,1
65,105.64,1,0.859,1
26,31.95,0,0.768,1
15,84.93,0,0.375,0
55,38.88,0,0.292,0
33,62.67,3,0.765,1
13,28.43,1,0.164,0
24,91.46,2,0.378,0
69,25.12,1,0.462,1
61,72.05,0,0.156,0
18,79.21,2,0.295,0
13,46.22,3,0.386,0
58,49.1,0,0.499,0
53,48.54,1,0.138,0
40,47.48,3,0.209,0
55,94.58,2,0.339,0
60,76.04,1,0.433,0
17,54.48,0,0.738,1
66,53.6,2,0.424,1
4,64.74,1,0.736,1
19,83.21,3,0.706,1
46,61.74,0,0.743,1
40,52.44,1,0.466,1
32,82.24,3,0.204,0
36,60.45,1,0.864,1
10,60.84,0,0.519,0
17,73.64,1,0.364,1
43,64.56,3,0.741,1
36,46.74,1,0.864,1
17,62.45,2,0.489,0
18,73.16,2,0.687,1
60,52.68,2,0.279,0
57,48.1,2,0.679,0
62,55.37,4,0.445,0
49,70.54,2,0.404,0
22,57.02,4,0.633,1
42,53.11,1,0.589,1
49,82.98,0,0.294,0
68,72.62,0,0.757,0
54,59.16,1,0.196,0
7,56.09,3,0.585,1
38,84.34,1,0.77,1
32,33.18,4,0.552,0
71,95.77,2,0.47,0
1,53.74,1,0.424,0
49,64.46,3,0.815,0
12,96.85,1,0.714,1
21,66.16,0,0.929,1
65,64.9,1,0.752,0
11,76.6,0,0.629,1
56,87.45,1,0.437,0
54,51.56,1,0.091,0
59,28.13,0,0.911,0
46,64.04,2,0.238,0
22,65.8,1,0.919,1
7,59.38,3,0.304,1
60,83.15,4,0.824,1
10,55.22,0,0.917,1
14,36.44,2,0.742,0
49,37.96,3,0.567,1
27,43.24,2,0.266,0
52,38.69,2,0.43,0
64,73.32,2,0.629,1
47,75.02,1,0.317,0
10,39.93,3,0.421,1
7,41.39,2,0.901,1
17,49.43,1,0.31,0
52,50.57,0,0.298,1
35,60.26,2,0.623,0
31,90.16,4,0.471,1
60,73.71,2,0.525,0
60,69.01,0,0.355,0
52,80.63,4,0.739,0
18,50.96,2,0.845,1
50,59.13,0,0.478,0
51,83.12,3,0.562,1
3,71.93,2,0.885,1
25,66.86,1,0.602,1
34,92.56,1,0.448,1
26,40.65,1,0.164,0
14,51.44,1,0.781,0
29,98.29,0,0.205,0
22,38.32,0,0.142,0
27,68.11,2,0.375,0
8,40.59,2,0.127,0
67,43.69,1,0.343,0
1,24.98,3,0.921,1
49,72.86,2,0.089,0
5,91.46,3,0.647,1
55,75.99,2,0.399,1
38,65.41,1,0.658,1
57,67.98,0,0.674,0
60,33.21,1,0.329,0
12,68.9,3,0.854,1
15,32.97,1,0.77,0
52,95.65,2,0.37,1
14,47.36,0,0.113,0
32,49.07,0,0.455,0
36,78.17,1,0.164,0
43,68.47,0,0.475,0
40,60.67,3,0.636,1
48,93.32,2,0.555,0
1,48.85,0,0.425,0
9,20.13,2,0.777,1
10,112.59,1,0.737,1
7,70.32,1,0.717,0
19,65.28,0,0.591,0
56,85.59,3,0.278,0
69,60.31,0,0.065,0
36,86.66,3,0.844,1
32,107.53,1,0.521,0
62,55.86,2,0.487,1
44,87.89,0,0.283,0
13,81.4,1,0.693,1
66,23.14,0,0.512,0
69,82.47,0,0.316,0
35,81.01,1,0.557,0
47,81.72,4,0.167,0
56,98.76,1,0.071,0
26,84.05,1,0.128,0
45,34.59,1,0.325,0
42,83.95,0,0.763,0
33,58.01,0,0.686,0
38,91.71,2,0.318,0
52,67.07,4,0.686,0
27,62.86,0,0.598,1
55,75.11,4,0.604,1
33,40.07,3,0.758,1
11,26.63,2,0.084,0
35,97.88,2,0.488,1
40,62.07,1,0.346,1
27,58.17,1,0.656,1
3,67.6,1,0.083,0
33,66.43,2,0.154,1
1,73.47,2,0.388,1
49,83.4,1,0.247,1
69,79.58,1,0.611,0
21,133.53,0,0.254,0
23,104.32,2,0.47,0
54,55.33,1,0.571,0
63,78.26,1,0.335,0
49,47.2,0,0.303,0
36,71.77,4,0.869,0
21,56.45,1,0.291,0
34,73.46,2,0.611,0
48,87.29,0,0.528,0
26,83.4,3,0.287,0
58,27.68,1,0.795,1
66,81.5,2,0.531,0
8,101.35,3,0.702,0
47,70.05,1,0.773,0
48,82.66,2,0.3,0
66,94.58,1,0.425,1
64,97.99,1,0.375,0
60,80.13,1,0.831,1
12,21.8,1,0.518,0
7,87.8,1,0.532,0
25,63.72,0,0.521,0
58,14.31,1,0.834,0
65,55.42,1,0.125,0
5,56.24,2,0.877,1
56,91.78,0,0.57,0
43,107.89,3,0.776,1
7,54.37,0,0.313,1
38,76.56,0,0.732,0
11,78.37,0,0.317,0
21,79.82,3,0.663,0
19,78.9,1,0.615,1
7,48.23,1,0.914,1
36,55.32,0,0.368,0
25,65.84,1,0.212,1
55,61.46,0,0.568,0
16,55.25,0,0.896,1
2,48.14,3,0.888,1
41,83.82,1,0.381,1
57,51.69,1,0.281,0
67,66.88,2,0.477,0
70,94.54,1,0.431,1
43,97.48,3,0.522,1
69,43.36,0,0.375,0
57,83.58,1,0.272,0
8,67.25,1,0.529,1
19,60.25,1,0.336,0
30,42.91,3,0.37,0
22,50.03,2,0.823,1
40,51.85,1,0.347,0
16,66.62,0,0.222,0
18,62.52,2,0.553,1
31,96.82,1,0.561,1
15,89.85,2,0.142,0
4,62.31,0,0.281,0
9,108.21,1,0.233,0
37,76.89,1,0.287,0
37,91.73,2,0.186,1
3,78.75,1,0.559,0
10,33.1,0,0.48,1
11,53.28,2,0.691,1
44,96.65,0,0.646,1
69,40.09,3,0.072,0
9,72.0,1,0.825,1
45,52.53,2,0.556,0
58,60.52,2,0.113,0
49,59.47,5,0.386,1
64,86.28,0,0.791,0
43,30.71,1,0.304,0
67,61.11,3,0.938,1
47,98.03,1,0.52,0
42,51.8,1,0.633,1
56,42.67,1,0.466,1
48,59.72,2,0.757,1
63,61.8,4,0.297,0
28,66.9,2,0.232,0
1,94.21,1,0.572,1
56,52.77,0,0.177,0
36,73.59,0,0.954,1
20,91.61,0,0.74,1
27,60.08,1,0.131,0
17,73.45,2,0.312,1
30,82.31,0,0.468,1
4,62.58,2,0.327,1
69,54.85,4,0.4,0
48,47.99,1,0.341,0
65,69.48,1,0.839,1
70,67.85,1,0.08,0
14,68.34,0,0.27,1
20,50.25,0,0.334,0
23,23.73,1,0.571,0
34,26.55,0,0.554,0
66,85.16,0,0.458,0
47,113.97,0,0.413,1
60,47.14,2,0.312,0
33,94.88,4,0.335,1
47,59.85,2,0.801,0
44,64.3,3,0.736,1
7,31.65,2,0.44,1
9,64.94,2,0.106,0
17,61.31,4,0.56,1
35,72.31,1,0.679,0
15,38.69,1,0.382,0
11,84.94,1,0.904,1
55,56.21,1,0.426,0
44,70.21,0,0.219,0
37,51.8,2,0.346,0
48,63.77,2,0.604,0
38,33.32,0,0.41,1
63,87.15,1,0.3,0
43,85.41,1,0.299,0
30,53.45,2,0.31,0
25,79.71,1,0.164,0
19,92.19,1,0.809,1
64,70.91,3,0.282,0
13,95.69,0,0.74,0
8,66.42,1,0.644,0
34,99.44,1,0.414,1
34,48.3,3,0.142,1
21,45.51,3,0.311,0
54,45.4,1,0.483,1
34,52.07,2,0.334,1
57,35.96,0,0.194,0
52,33.43,0,0.209,0
24,66.85,4,0.588,1
23,31.72,0,0.762,1
48,28.86,0,0.506,0
46,56.22,1,0.655,0
14,78.06,1,0.799,1
38,89.98,2,0.16,0
3,89.23,2,0.749,0
43,79.27,3,0.932,0
2,19.68,6,0.745,1
11,47.68,1,0.788,1
65,78.42,0,0.63,0
52,59.07,0,0.691,1
26,73.74,0,0.076,1
12,94.84,1,0.732,0
37,76.9,2,0.846,0
16,75.34,2,0.83,1
24,79.04,0,0.629,0
14,67.61,2,0.488,1
24,63.96,1,0.802,1
42,42.79,4,0.227,1
52,35.72,1,0.337,0
29,44.16,1,0.144,0
3,54.41,0,0.934,1
59,72.99,2,0.604,0
48,69.77,3,0.88,1
49,73.89,1,0.604,1
45,38.9,2,0.672,0
48,90.97,0,0.733,0
28,63.73,1,0.614,0
42,64.01,1,0.389,0
62,78.0,2,0.439,0
44,68.43,1,0.663,0
22,61.39,3,0.593,0
55,78.61,1,0.862,1
8,104.63,2,0.786,1
70,57.19,1,0.655,1
25,60.42,2,0.58,0
71,55.99,1,0.402,0
17,75.84,1,0.421,1
6,84.4,1,0.189,1
66,93.16,1,0.518,0
32,56.06,1,0.206,0
40,74.16,1,0.13,0
39,69.66,1,0.669,1
1,60.99,1,0.188,0
61,79.38,0,0.344,0
9,70.39,0,0.566,1
15,66.44,1,0.745,1
57,38.06,2,0.741,0
6,85.28,0,0.176,0
71,84.45,1,0.269,0
18,103.23,1,0.631,1
3,46.62,1,0.251,0
39,66.23,0,0.182,0
35,71.53,4,0.6,0
26,42.27,0,0.515,1
57,73.35,1,0.346,0
57,84.19,1,0.482,0
18,90.06,1,0.746,0
52,5.57,3,0.529,1
65,104.53,1,0.856,1
21,58.35,1,0.656,1
68,38.75,1,0.107,0
66,29.19,2,0.307,0
61,92.74,4,0.375,0
12,74.16,3,0.777,0
15,30.95,0,0.266,0
34,70.42,1,0.504,1
43,68.82,3,0.27,1
1,72.46,2,0.239,1
26,36.13,1,0.763,1
8,101.2,2,0.452,1
29,39.18,0,0.276,0
2,68.5,0,0.35,0
27,66.35,5,0.857,0
27,61.98,1,0.294,0
64,66.37,2,0.713,1
1,68.87,1,0.914,1
14,64.73,3,0.57,0
49,60.42,2,0.862,0
59,109.55,2,0.108,0
48,34.92,1,0.716,0
19,47.97,3,0.504,1
51,74.68,1,0.624,0
12,55.89,2,0.289,0
58,69.2,1,0.905,0
24,40.83,0,0.141,0
58,47.39,4,0.522,0
18,55.02,1,0.532,1
22,48.7,0,0.899,1
2,70.49,5,0.101,0
30,27.27,2,0.774,1
63,61.07,0,0.466,0
53,89.4,0,0.68,0
57,82.77,1,0.605,0
66,59.67,2,0.596,0
59,70.95,0,0.512,0
52,21.82,0,0.525,0
55,69.11,3,0.501,1
13,103.01,2,0.855,1
21,56.27,2,0.588,0
50,55.12,0,0.693,1
13,60.06,2,0.289,1
19,64.7,1,0.187,0
39,71.47,0,0.13,0
29,76.42,5,0.835,1
65,38.93,1,0.631,0
21,81.03,0,0.636,0
66,39.04,3,0.632,0
53,50.13,1,0.891,1
13,58.71,3,0.572,0
67,73.18,1,0.873,1
67,75.64,1,0.7,1
68,69.89,1,0.395,0
68,81.78,2,0.384,0
50,45.99,0,0.719,0
49,24.33,1,0.588,0
29,60.84,2,0.136,0
45,77.23,0,0.364,0
8,40.42,3,0.779,1
17,59.38,0,0.735,0
45,42.9,1,0.718,1
21,55.08,3,0.447,1
3,32.26,2,0.739,1
20,61.67,0,0.29,0
47,82.94,0,0.665,0
71,59.65,0,0.696,0
8,16.45,0,0.117,0
70,54.86,0,0.353,0
12,65.68,1,0.717,1
14,38.4,1,0.78,1
8,82.91,1,0.523,0
29,83.46,3,0.195,0
21,89.6,2,0.756,1
68,28.24,2,0.356,0
54,67.24,1,0.716,1
31,61.72,0,0.556,0
56,86.85,3,0.328,1
57,90.86,0,0.833,1
56,63.28,4,0.614,1
45,65.34,2,0.249,0
34,39.4,0,0.339,0
24,83.07,2,0.298,0
29,50.36,2,0.159,0
2,72.88,1,0.443,0
45,63.31,1,0.62,1
66,66.33,2,0.928,0
5,68.34,2,0.651,1
14,67.16,2,0.838,1
69,46.37,3,0.706,0
53,95.73,1,0.855,1
54,60.82,1,0.313,1
10,65.8,0,0.191,0
64,40.38,2,0.362,0
20,55.77,2,0.898,1
40,83.35,1,0.584,0
62,80.57,1,0.634,0
44,86.83,2,0.407,0
18,103.91,0,0.506,1
43,50.02,0,0.535,0
17,48.94,0,0.382,1
11,99.41,1,0.194,1
39,59.79,1,0.931,0
40,60.18,1,0.864,1
68,56.84,2,0.112,0
1,70.13,1,0.537,0
45,71.79,3,0.47,1
40,110.3,1,0.772,1
41,35.45,4,0.306,0
48,64.29,2,0.479,1
2,27.42,2,0.631,1
5,47.15,3,0.255,1
46,32.86,1,0.511,0
20,72.53,1,0.452,0
27,76.49,1,0.58,0
33,75.44,1,0.946,1
52,85.69,2,0.707,0
34,49.35,1,0.844,1
13,74.39,3,0.603,0
28,73.64,3,0.434,0
69,58.8,0,0.138,0
44,93.26,0,0.585,0
59,46.63,3,0.487,0
16,60.67,0,0.311,1
10,82.26,0,0.482,0
10,103.45,2,0.836,1
7,39.46,1,0.423,0
21,49.32,0,0.497,0
18,66.85,3,0.73,1
64,102.14,3,0.705,0
45,60.18,7,0.653,1
5,66.08,3,0.27,1
36,44.36,2,0.153,0
61,53.59,1,0.445,0
10,44.86,3,0.291,0
38,45.92,0,0.734,1
26,79.49,1,0.691,1
13,85.79,1,0.569,1
48,126.22,2,0.282,0
51,78.5,1,0.581,1
63,113.27,2,0.788,1
8,56.49,0,0.79,1
52,54.73,4,0.53,0
13,56.15,3,0.453,0
39,72.34,1,0.602,0
2,47.71,0,0.324,1
20,18.79,1,0.494,0
41,42.89,1,0.321,0
52,39.39,3,0.639,0
27,62.82,1,0.511,0
13,60.53,1,0.784,0
18,57.58,4,0.092,0
15,45.38,2,0.412,0
3,46.04,2,0.728,1
17,59.84,0,0.752,1
42,73.8,2,0.716,0
23,70.65,2,0.219,1
64,59.56,3,0.837,1
41,46.94,0,0.765,1
1,51.98,2,0.503,1
42,54.68,2,0.443,0
24,45.08,1,0.481,0
39,77.67,1,0.368,0
58,61.17,0,0.491,1
55,63.49,3,0.022,0
15,97.55,1,0.731,1
14,79.21,1,0.194,0
41,77.08,2,0.864,1
60,79.39,2,0.266,0
3,55.82,1,0.67,1
15,37.65,1,0.539,0
45,59.94,6,0.429,1
14,64.07,2,0.471,1
57,28.35,1,0.446,0
42,80.15,2,0.641,0
23,79.11,0,0.179,0
1,72.78,1,0.162,0
7,62.1,2,0.132,0
45,53.99,0,0.848,1
68,68.68,2,0.6,1
35,63.14,1,0.283,0
39,59.84,1,0.372,0
12,83.16,1,0.813,1
4,79.49,3,0.255,1
45,80.38,4,0.538,1
62,56.27,2,0.278,0
4,61.81,1,0.559,0
11,35.73,2,0.869,1
17,108.82,1,0.514,0
42,61.87,2,0.52,1
39,80.73,1,0.447,0
33,45.35,4,0.592,1
14,47.71,1,0.093,0
8,82.45,3,0.359,0
5,77.26,1,0.567,1
6,76.24,0,0.512,1
15,47.63,1,0.581,1
25,85.48,2,0.39,1
33,61.34,3,0.548,1
50,93.83,1,0.433,0
7,42.06,3,0.521,0
33,58.3,1,0.525,0
65,49.06,0,0.111,0
34,58.02,1,0.141,0
46,48.05,0,0.569,0
38,63.69,0,0.603,0
19,115.92,5,0.863,0
8,43.55,0,0.823,1
15,46.26,2,0.706,0
65,60.98,0,0.648,1
69,68.2,5,0.721,1
67,54.66,0,0.723,1
48,75.41,1,0.267,0
46,74.49,1,0.47,1
62,65.92,0,0.532,0
36,72.53,1,0.467,0
38,100.72,2,0.918,1
60,50.77,1,0.213,0
55,42.75,2,0.446,0
16,91.95,0,0.387,1
11,56.42,1,0.373,1
23,77.46,2,0.277,0
55,55.64,4,0.16,0
57,49.68,1,0.268,0
38,104.98,2,0.281,0
40,82.45,4,0.268,0
58,61.53,3,0.736,0
58,71.15,3,0.261,0
4,85.61,3,0.233,1
53,79.9,1,0.408,0
60,43.22,1,0.231,0
38,72.59,1,0.417,0
68,67.55,1,0.468,0
62,39.14,1,0.601,0
59,55.07,0,0.688,0
8,35.21,0,0.862,1
10,41.46,3,0.371,1
40,55.75,3,0.949,1
66,52.01,3,0.519,1
41,62.59,1,0.704,0
59,50.92,2,0.418,1
18,31.91,1,0.685,1
54,43.89,4,0.376,1
37,74.09,1,0.584,0
52,61.88,2,0.776,0
9,58.11,1,0.879,0
41,54.22,1,0.928,1
53,79.46,0,0.823,0
64,64.68,3,0.722,0
69,67.22,4,0.385,0
13,71.03,3,0.809,1
62,54.8,1,0.128,0
47,89.69,1,0.391,1
67,55.89,2,0.139,0
7,24.28,1,0.371,0
26,65.29,4,0.296,0
54,47.23,1,0.674,0
59,60.2,2,0.927,1
65,90.89,0,0.655,1
62,100.35,3,0.584,1
30,70.41,2,0.564,0
53,86.88,2,0.163,0
71,66.38,1,0.329,0
56,82.11,2,0.694,1
38,90.55,0,0.797,0
12,85.9,2,0.605,1
5,80.32,2,0.692,1
66,108.64,1,0.677,0
44,63.54,3,0.318,1
51,65.87,0,0.208,0
19,66.94,1,0.365,0
43,53.64,3,0.768,1
16,60.73,3,0.234,0
67,76.82,1,0.368,0
47,72.52,1,0.689,1
44,70.69,1,0.486,0
46,36.39,1,0.516,0
15,45.99,1,0.675,1
22,62.79,1,0.822,0
1,64.07,1,0.158,0
10,57.89,3,0.563,0
23,43.08,2,0.349,0
4,73.45,1,0.264,0
12,36.0,3,0.345,1
29,29.14,1,0.471,0
2,47.24,1,0.304,1
6,13.61,0,0.519,0
17,57.31,2,0.578,1
30,64.91,1,0.516,0
59,52.2,2,0.657,1
57,82.18,1,0.406,0
38,49.43,3,0.832,0
27,79.13,1,0.046,0
47,41.09,0,0.589,0
15,47.94,0,0.592,1
37,98.14,1,0.634,0
41,66.46,1,0.455,0
9,76.25,1,0.628,1
10,72.39,1,0.505,1
57,31.19,6,0.102,0
52,87.09,4,0.759,1
60,81.12,1,0.781,1
66,76.41,2,0.72,0
52,31.17,3,0.416,0
34,76.83,1,0.346,0
12,55.63,1,0.432,0
34,82.34,1,0.131,0
50,63.23,3,0.946,1
41,95.51,2,0.752,1
27,79.56,1,0.045,0
23,56.23,2,0.7,1
41,60.48,2,0.917,1
47,44.04,2,0.358,1
63,38.37,2,0.121,0
37,74.6,0,0.861,1
23,44.66,0,0.691,1
22,39.5,1,0.864,1
69,66.23,2,0.628,0
44,67.95,2,0.673,0
69,46.93,2,0.674,1
29,64.36,1,0.642,1
65,55.45,2,0.715,0
26,103.39,1,0.449,0
53,9.96,0,0.367,1
55,85.11,2,0.633,1
31,41.65,1,0.611,0
10,88.24,0,0.838,1
38,45.71,1,0.473,0
61,62.92,3,0.154,0
38,68.97,2,0.056,0
14,37.32,1,0.427,1
42,29.36,0,0.41,0
55,79.94,0,0.668,1
19,67.55,2,0.231,0
61,66.66,1,0.608,1
14,71.13,2,0.197,1
32,86.04,0,0.218,0
16,48.13,4,0.247,1
18,94.24,0,0.639,1
58,59.27,2,0.653,0
37,83.26,1,0.804,1
52,47.91,2,0.631,0
3,59.37,0,0.496,1
42,33.09,1,0.881,1
14,99.65,3,0.633,1
47,48.03,1,0.229,0
1,54.15,2,0.433,0
31,28.93,1,0.239,0
47,56.35,1,0.522,0
4,45.63,2,0.492,0
44,50.65,1,0.729,1
70,79.49,2,0.929,1
25,62.72,0,0.303,0
14,74.08,2,0.296,0
66,55.14,3,0.705,1
43,63.75,1,0.695,0
1,67.7,1,0.357,0
62,66.31,3,0.51,1
22,73.72,2,0.539,0
19,54.58,4,0.257,0
54,50.03,2,0.227,0
70,44.15,0,0.308,0
48,93.47,5,0.758,1
18,89.67,0,0.803,0
41,54.48,1,0.187,0
26,79.34,2,0.405,1
71,70.66,2,0.915,1
54,73.44,1,0.775,0
34,69.81,4,0.344,1
4,81.44,0,0.108,0
62,47.79,0,0.255,0
57,55.08,1,0.583,1
58,53.68,4,0.205,1
36,77.6,1,0.328,0
64,52.09,1,0.409,0
47,82.91,0,0.382,0
9,79.71,0,0.395,1
1,71.83,4,0.651,1
68,43.88,3,0.819,1
39,38.02,3,0.401,1
22,59.61,2,0.649,0
55,72.73,4,0.83,1
20,101.22,2,0.917,1
9,30.51,5,0.621,1
43,50.11,1,0.743,0
3,102.85,2,0.101,0
67,85.97,0,0.367,0
17,65.27,2,0.709,1
63,66.13,2,0.264,0
58,66.97,2,0.589,0
50,66.67,2,0.549,1
57,70.56,2,0.175,0
20,65.22,0,0.52,0
47,87.86,2,0.689,0
4,64.85,0,0.425,1
48,54.36,1,0.708,0
42,71.45,1,0.172,0
11,68.49,0,0.7,1
27,39.06,1,0.286,0
57,64.65,1,0.67,0
22,59.62,2,0.379,0
37,66.19,5,0.533,0
14,74.22,1,0.799,1
18,85.79,1,0.302,0
30,60.1,2,0.273,0
17,30.24,2,0.541,1
48,55.41,1,0.744,0
20,122.13,0,0.714,1
49,93.37,1,0.508,0
61,53.21,2,0.34,0
66,39.73,4,0.522,0
46,66.07,2,0.452,1
13,115.68,0,0.425,1
31,56.79,1,0.284,0
39,52.69,1,0.361,0
20,73.6,2,0.475,1
1,67.16,1,0.355,0
45,80.88,1,0.43,0
63,50.42,0,0.925,0
17,63.48,1,0.578,0
66,120.62,1,0.274,0
9,60.52,2,0.372,0
39,61.82,0,0.71,1
38,27.25,3,0.744,1
65,47.04,1,0.75,0
33,48.91,2,0.672,0
69,79.71,1,0.782,0
27,112.77,1,0.467,1
49,61.11,3,0.776,1
25,72.84,1,0.48,1
43,81.19,0,0.368,0
49,58.18,2,0.17,0
2,103.83,0,0.448,0
19,79.92,0,0.688,0
26,112.91,2,0.367,0
27,50.63,0,0.132,1
23,36.33,0,0.714,0
5,52.12,1,0.172,0
24,34.84,1,0.209,0
28,41.63,1,0.72,0
22,58.81,1,0.758,0
9,86.75,1,0.109,0
54,81.02,1,0.528,0
25,54.04,0,0.148,0
34,73.82,3,0.491,0
14,62.15,3,0.729,1
6,44.91,2,0.707,1
60,68.09,1,0.563,0
54,48.54,3,0.133,0
34,43.35,3,0.696,1
34,33.2,1,0.125,0
55,32.12,2,0.821,1
43,118.23,1,0.31,0
44,65.42,1,0.71,0
15,74.47,0,0.672,1
15,75.73,0,0.808,0
32,64.67,0,0.363,0
64,52.05,2,0.064,0
69,72.16,1,0.89,1
16,60.08,0,0.541,0
42,59.13,1,0.319,0
58,32.96,2,0.601,0
61,43.03,2,0.403,0
15,48.31,2,0.456,1
2,79.58,2,0.777,0
67,76.94,4,0.531,1
6,51.91,1,0.794,1
66,69.8,1,0.836,0
26,91.13,0,0.739,1
33,76.02,4,0.344,0
35,19.99,0,0.424,0
62,39.59,2,0.555,0
50,52.63,1,0.117,0
33,55.06,2,0.383,0
41,64.26,3,0.707,1
15,62.75,0,0.669,0
45,97.99,2,0.322,0
19,70.39,3,0.46,0
33,64.37,0,0.392,0
2,89.67,2,0.667,0
57,67.17,2,0.87,1
1,69.91,1,0.827,0
3,39.52,2,0.219,0
47,57.57,2,0.497,0
49,74.94,0,0.439,0
56,70.93,3,0.204,0
65,45.47,1,0.25,0
51,56.3,1,0.774,0
46,46.37,4,0.473,0
48,70.95,4,0.839,1
2,59.18,1,0.752,1
35,86.77,1,0.753,1
45,41.27,0,0.816,0
10,100.65,1,0.419,0
11,76.72,1,0.757,1
14,32.89,1,0.561,0
13,56.44,5,0.339,1
3,46.61,0,0.42,1
28,76.18,2,0.587,1
67,91.6,5,0.541,0
31,50.96,0,0.569,0
62,38.19,4,0.327,0
49,55.58,1,0.201,0
38,79.98,1,0.401,0
56,58.25,1,0.867,0
12,70.15,2,0.285,1
61,75.31,0,0.864,0
33,82.2,0,0.448,0
43,19.14,2,0.46,1
3,78.45,4,0.739,1
19,62.0,0,0.279,1
28,68.73,4,0.677,1
39,90.34,1,0.688,1
2,57.66,3,0.547,0
62,48.07,2,0.173,0
18,104.0,0,0.539,1
60,67.86,1,0.712,1
56,62.24,2,0.662,1
32,74.32,2,0.885,1
69,72.96,1,0.29,0
19,71.38,1,0.305,1
66,57.07,0,0.717,0
26,92.1,0,0.393,1
14,47.38,1,0.099,0
56,52.19,1,0.051,0
58,81.94,0,0.377,0
23,77.5,0,0.653,1
17,52.67,1,0.76,1
50,53.79,1,0.479,0
25,81.81,3,0.538,0
56,62.01,3,0.382,0
4,68.02,3,0.705,1
24,75.92,1,0.526,0
19,67.06,0,0.46,0
50,34.79,1,0.424,0
24,41.93,1,0.466,0
48,55.4,0,0.566,0
15,66.36,3,0.499,0
7,95.52,3,0.666,1
50,55.77,2,0.261,0
17,85.16,1,0.892,0
16,56.47,4,0.397,0
65,66.56,1,0.49,0
65,14.4,1,0.693,0
14,66.54,0,0.595,1
71,50.39,2,0.544,0
55,69.5,2,0.378,1
47,45.01,0,0.206,0
33,52.95,3,0.217,1
6,77.48,1,0.344,0
43,46.08,0,0.28,0
28,33.22,4,0.67,1
41,51.51,1,0.387,0
9,60.89,0,0.639,1
37,70.83,0,0.578,0
16,67.68,2,0.189,0
13,55.4,3,0.328,0
3,67.62,0,0.957,1
35,51.15,4,0.359,0
44,52.02,3,0.44,1
41,81.68,4,0.424,0
1,103.93,0,0.261,0
7,53.14,1,0.58,1
4,50.91,0,0.427,1
7,62.83,1,0.719,0
66,78.55,2,0.294,0
28,117.54,2,0.493,1
16,84.44,3,0.751,1
37,24.08,2,0.141,0
61,30.94,0,0.502,1
44,82.66,4,0.606,1
52,64.17,4,0.896,1
33,79.66,3,0.461,0
26,65.65,1,0.337,1
29,75.98,2,0.562,1
44,74.91,2,0.144,0
9,34.38,4,0.895,1
37,82.37,0,0.352,0
14,37.68,2,0.442,1
60,70.37,1,0.138,0
30,96.61,0,0.257,0
42,45.25,0,0.221,0
20,32.89,0,0.882,0
47,56.44,1,0.825,1
25,81.83,0,0.133,1
28,72.24,0,0.425,0
13,58.15,3,0.377,1
7,77.0,2,0.153,0
26,46.35,2,0.192,0
44,36.08,1,0.521,1
5,91.83,0,0.802,0
3,71.93,0,0.411,0
48,32.53,1,0.136,0
12,49.67,3,0.75,1
57,52.74,0,0.342,0
18,60.35,1,0.138,0
48,36.14,2,0.865,1
60,44.05,2,0.144,0
41,126.39,2,0.314,0
2,93.79,1,0.209,0
44,49.35,2,0.753,0
55,89.19,3,0.116,0
53,44.55,1,0.262,0
41,50.46,2,0.409,1
71,55.44,4,0.516,0
34,63.4,0,0.241,0
19,57.21,1,0.669,0
26,60.48,2,0.485,1
35,49.36,2,0.054,0
21,47.84,4,0.57,0
58,38.64,1,0.521,1
38,66.55,1,0.61,0
62,62.09,0,0.5,0
58,89.12,3,0.453,0
26,102.36,3,0.542,1
54,86.11,2,0.584,1
27,50.73,3,0.73,1
61,75.22,3,0.09,0
11,93.84,1,0.611,1
69,61.06,2,0.325,0
53,62.45,3,0.687,0
39,53.43,1,0.624,0
44,74.47,1,0.783,0
3,63.94,4,0.406,1
7,61.71,3,0.491,1
46,94.8,1,0.233,0
70,67.88,4,0.55,1
28,46.42,2,0.167,0
29,55.38,2,0.556,0
61,44.55,1,0.298,0
36,63.92,0,0.742,0
6,50.99,1,0.521,1
57,61.2,1,0.691,0
1,85.58,1,0.741,1
26,95.7,2,0.27,1
19,80.7,2,0.778,1
60,76.06,2,0.822,1
12,67.25,0,0.565,1
69,29.34,2,0.706,0
44,49.48,1,0.762,1
3,41.46,1,0.126,1
3,77.84,3,0.184,0
18,57.09,2,0.139,1
44,61.42,1,0.521,1
46,59.83,2,0.311,0
25,85.3,1,0.417,0
6,60.27,2,0.489,1
49,33.11,1,0.629,0
33,44.76,1,0.858,1
28,84.93,0,0.268,0
33,42.05,2,0.596,1
22,91.7,0,0.724,0
3,64.31,0,0.713,1
7,89.63,1,0.798,1
9,59.18,0,0.57,1
23,80.89,1,0.504,1
7,82.59,1,0.733,1
69,43.39,4,0.486,0
29,69.43,0,0.658,0
69,57.83,1,0.81,0
32,73.71,2,0.284,1
9,37.44,0,0.488,0
70,52.54,0,0.139,0
52,102.55,1,0.686,1
63,60.16,0,0.281,0
71,76.86,2,0.476,0
20,45.6,2,0.438,0
28,35.18,1,0.169,0
15,68.97,1,0.889,1
7,57.8,0,0.856,1
2,80.15,1,0.296,0
8,37.11,1,0.56,1
16,74.12,0,0.233,0
31,52.62,3,0.258,0
13,57.54,1,0.165,1
44,89.67,0,0.719,0
71,68.65,2,0.889,1
24,53.49,2,0.272,0
32,69.17,1,0.065,1
9,43.65,1,0.221,0
70,59.99,3,0.039,0
26,81.92,3,0.335,0
40,27.26,0,0.73,0
52,41.47,1,0.364,0
27,43.27,1,0.683,1
64,72.51,1,0.24,0
19,71.72,2,0.748,0
71,91.86,2,0.635,0
62,42.85,2,0.499,0
20,85.37,1,0.115,0
50,50.7,0,0.883,1
28,36.83,1,0.851,1
46,47.8,1,0.365,0
30,72.55,2,0.093,0
6,35.57,2,0.75,1
37,75.64,2,0.348,1
12,72.53,2,0.379,1
53,69.03,2,0.263,0
23,59.9,3,0.366,0
45,99.2,0,0.159,0
69,55.53,1,0.22,0
59,66.21,0,0.182,0
38,81.9,0,0.703,1
31,79.46,2,0.592,1
10,74.43,2,0.444,1
51,46.35,2,0.384,0
22,104.58,1,0.636,0
39,53.99,2,0.309,0
24,82.84,0,0.239,0
40,58.29,1,0.185,0
38,87.64,1,0.314,1
13,39.66,0,0.583,1
35,100.43,2,0.496,0
62,83.71,2,0.588,0
67,73.55,1,0.41,0
20,91.95,1,0.786,1
50,48.65,1,0.37,0
15,76.42,1,0.525,0
62,57.64,0,0.47,0
27,54.43,1,0.131,0
5,84.71,0,0.553,1
7,48.25,0,0.856,1
61,65.98,2,0.757,0
12,105.42,1,0.617,0
68,59.14,3,0.734,0
24,10.22,4,0.435,1
58,67.9,3,0.208,0
33,80.17,1,0.214,0
1,83.66,3,0.487,0
44,80.84,1,0.419,0
67,66.85,1,0.532,0
1,58.09,0,0.535,1
68,44.92,1,0.209,0
27,98.52,3,0.306,0
28,50.36,1,0.242,1
15,77.46,6,0.224,1
18,71.4,2,0.207,1
34,82.7,2,0.585,1
4,61.28,0,0.747,1
42,64.18,2,0.337,1
71,73.5,1,0.732,0
50,67.07,1,0.057,0
61,52.15,3,0.228,0
46,78.41,2,0.808,1
30,90.5,1,0.082,0
4,91.11,1,0.194,0
51,59.51,1,0.862,0
44,22.4,0,0.81,0
12,8.64,0,0.318,0
64,73.74,2,0.768,0
1,53.98,1,0.649,0
54,84.73,1,0.782,1
28,25.56,1,0.044,0
20,66.69,1,0.175,0
2,104.36,0,0.571,0
53,72.28,1,0.675,0
34,63.76,1,0.769,0
25,69.6,4,0.258,0
48,47.63,3,0.475,0
50,80.22,0,0.706,1
65,95.17,1,0.62,1
59,32.8,0,0.234,0
67,68.61,0,0.837,1
4,42.93,4,0.496,1
1,75.17,2,0.809,0
22,36.65,0,0.74,0
34,101.91,0,0.82,1
41,16.8,2,0.15,0
41,30.3,0,0.424,0
69,48.76,0,0.345,0
2,81.07,2,0.928,1
13,73.31,1,0.889,1
22,67.58,1,0.837,0
46,56.41,0,0.245,0
9,94.57,1,0.809,1
40,28.57,0,0.736,0
4,77.23,1,0.818,1
19,30.15,1,0.874,1
50,52.06,0,0.858,1
31,95.01,1,0.219,0
12,51.98,3,0.364,0
71,43.2,0,0.866,1
13,79.46,0,0.456,0
32,77.64,3,0.723,1
49,47.11,1,0.536,0
44,89.95,2,0.472,0
6,48.12,2,0.658,0
69,56.25,2,0.522,0
22,64.6,1,0.621,1
5,30.95,2,0.788,0
28,69.68,2,0.336,0
27,50.94,0,0.167,1
11,54.19,1,0.289,0
60,86.54,0,0.166,0
36,84.78,0,0.673,0
1,73.87,1,0.765,1
54,93.69,1,0.326,1
2,84.23,1,0.274,1
67,78.27,4,0.497,0
61,52.71,4,0.354,0
67,51.9,1,0.437,0
50,72.26,3,0.642,1
30,42.65,0,0.532,0
52,52.83,0,0.677,1
40,75.14,1,0.407,0
11,35.24,3,0.706,1
31,96.69,2,0.598,0
29,68.7,1,0.099,0
68,48.1,2,0.455,0
41,46.69,3,0.298,0
1,59.32,1,0.208,0
