customer_id,f0,f1,f2,f3,f4,f5,churned
0,-0.395,0.264,0.607,-0.972,0.768,0.255,0
1,0.783,0.272,1.162,-0.938,1.776,1.202,1
2,-0.6,0.66,0.445,-1.746,0.595,-0.585,1
3,-0.25,-0.602,-0.428,0.072,0.097,-1.559,0
4,-0.269,-1.345,-1.271,-0.347,0.855,0.631,0
5,-0.605,-0.71,-0.827,0.143,0.937,0.018,0
6,0.693,0.315,1.504,-2.007,-2.131,-0.198,1
7,0.637,-0.411,0.426,-1.174,-1.259,-0.717,1
8,0.841,0.696,-0.713,0.181,-0.648,0.02,0
9,-1.114,-0.047,-0.736,-0.044,-0.652,-0.822,0
10,0.113,-0.338,0.022,-0.419,0.614,-0.816,1
11,0.769,1.332,-0.269,1.745,2.03,0.443,0
12,-1.358,-1.616,-0.176,1.776,0.575,0.758,0
13,-0.251,-0.744,0.372,-1.109,-0.197,0.511,1
14,0.036,0.525,-0.446,0.598,0.405,-1.65,0
15,-1.042,-0.723,0.656,0.302,0.283,0.173,0
16,0.636,0.945,-0.555,-1.591,0.667,-0.209,1
17,0.049,-0.174,-1.113,-1.511,0.964,1.093,1
18,0.931,0.208,0.269,-0.419,0.068,-0.403,1
19,-0.544,0.205,1.698,-1.884,0.602,0.676,0
20,-1.214,0.313,0.102,-0.464,-0.496,-1.406,1
21,1.707,2.348,1.586,-0.288,0.286,0.377,0
22,-0.813,-0.259,0.533,-0.422,-1.76,-1.268,0
23,0.255,-0.337,-0.298,1.356,0.085,-0.717,1
24,-0.065,2.158,-1.126,1.787,1.442,-0.16,0
25,-0.336,1.419,0.244,-0.531,1.823,0.174,1
26,0.332,0.039,-0.301,0.124,-0.37,0.508,1
27,1.055,1.085,1.191,1.495,0.761,-0.604,1
28,0.962,-1.649,-0.713,0.29,-1.682,1.472,0
29,-1.017,-1.498,-0.761,-0.764,-0.026,-0.158,1
30,1.031,-0.166,0.176,-0.99,0.497,-0.775,1
31,-1.948,1.304,-1.056,-1.09,-0.877,0.651,1
32,-1.523,-0.398,0.577,1.897,-0.29,0.056,0
33,-0.867,1.981,-0.141,-0.063,0.147,-0.916,0
34,-0.01,-1.261,1.489,-0.149,-0.165,1.168,1
35,-1.216,1.401,1.522,-0.769,0.691,-0.098,0
36,0.883,0.042,-0.9,0.628,-0.218,0.179,1
37,0.976,1.215,0.629,-1.421,0.694,-0.301,1
38,1.072,-0.196,1.426,0.514,0.0,0.293,0
39,-1.764,0.574,0.115,-1.097,0.407,0.319,0
40,0.358,-0.115,0.789,0.801,0.094,-0.061,0
41,-0.454,-0.595,0.612,-0.546,-1.412,0.246,0
42,1.107,-0.274,0.868,0.481,-1.008,0.322,0
43,-0.109,0.682,-2.786,0.831,0.741,-0.925,1
44,1.07,-0.151,0.185,0.866,1.347,0.174,0
45,0.688,0.446,-0.725,1.645,0.781,0.157,1
46,1.084,0.554,-0.542,1.017,0.078,0.636,0
47,0.973,0.965,1.899,0.218,-0.147,-0.703,0
48,-0.603,0.693,0.451,-0.835,-0.583,-0.408,1
49,1.589,-0.897,0.397,-1.59,-0.191,1.424,0
50,-1.21,1.19,-1.846,0.095,-1.063,0.019,0
51,-0.201,0.851,0.309,0.206,-0.504,0.487,0
52,-0.759,-0.602,-0.587,0.605,2.298,-0.026,1
53,1.957,-0.977,-0.558,0.559,0.648,0.801,1
54,1.616,-0.162,1.125,0.29,-2.781,-0.948,0
55,-0.481,0.157,0.575,-0.228,1.356,-0.923,1
56,0.022,0.965,-1.076,1.301,0.998,-0.115,0
57,0.051,-0.04,0.068,1.291,0.561,-1.328,1
58,-1.493,0.647,-2.578,-1.529,-0.571,0.016,1
59,1.387,0.214,3.543,0.25,0.891,1.049,0
60,-0.072,0.985,0.628,0.269,-0.599,-0.394,0
61,0.828,-0.003,0.435,0.436,0.31,0.047,1
62,0.619,0.861,1.404,0.532,-0.529,-0.642,0
63,0.669,-1.488,-0.485,1.071,-0.296,-0.619,0
64,1.262,-2.613,-0.043,-0.423,-0.454,0.938,0
65,1.528,1.163,0.653,0.358,-0.209,0.037,0
66,-1.583,-0.488,0.628,-0.087,0.856,-1.517,0
67,-0.527,-0.965,1.083,-0.229,-0.259,-1.185,1
68,-0.468,-0.973,-0.536,2.198,-1.117,-0.228,0
69,-0.859,1.331,-0.938,-0.835,0.393,1.679,0
70,0.258,-0.541,-2.521,-3.584,-0.057,0.048,1
71,1.199,0.487,-0.239,1.298,1.743,-0.632,0
72,0.945,1.21,-0.743,0.582,-0.014,1.19,0
73,1.123,-2.099,-0.208,1.388,0.527,-1.008,1
74,-0.463,-1.053,0.344,-1.284,1.237,0.863,1
75,1.696,1.094,1.038,0.937,0.597,-1.902,1
76,0.583,-0.752,-2.358,1.607,0.026,-1.589,0
77,0.339,0.467,0.227,1.505,-1.076,0.932,0
78,-0.942,0.505,0.682,-0.45,2.554,-1.775,1
79,-1.451,-0.435,-0.863,1.167,-0.553,1.364,1
80,-0.412,0.837,0.83,0.147,0.746,0.381,0
81,2.145,2.411,-0.309,0.526,1.19,0.605,0
82,2.007,2.678,-1.944,-0.511,1.372,0.57,0
83,-0.672,-0.199,0.173,1.699,-0.912,0.255,0
84,1.524,1.094,-0.093,-0.238,-1.749,-1.673,0
85,-0.846,0.876,0.854,1.337,0.95,0.798,0
86,0.205,-0.764,1.255,-0.344,-1.784,0.482,0
87,0.121,2.467,-0.237,0.38,-1.128,0.711,1
88,0.289,-0.792,0.264,-1.259,0.597,-0.445,1
89,0.375,-0.898,-0.761,-0.152,0.847,0.14,1
90,-2.373,0.679,-0.104,0.644,1.161,0.836,1
91,-0.726,-0.358,0.508,1.019,-0.769,-0.632,0
92,-0.988,0.411,-0.719,2.335,0.843,1.195,0
93,0.616,-0.591,-2.552,1.471,0.317,-1.893,0
94,2.857,0.76,1.614,-0.24,-1.774,-0.777,0
95,0.805,-2.115,-0.527,1.163,1.087,0.088,1
96,-2.57,-0.255,1.304,0.885,-0.388,0.391,0
97,0.588,-0.386,-0.731,-0.695,-0.836,-0.067,1
98,-0.031,0.597,0.601,-0.126,-2.137,0.572,0
99,-0.887,1.758,-0.29,2.265,0.656,1.697,0
100,0.215,0.533,-0.407,-0.456,-0.455,0.768,0
101,-1.111,1.042,-0.244,0.647,-0.968,0.077,1
102,-1.694,-0.631,-0.186,-1.006,-0.223,0.123,0
103,0.14,-2.041,-0.301,-0.212,-0.85,-0.961,1
104,1.924,0.839,0.995,1.195,-0.937,-0.256,0
105,-1.77,0.189,-1.915,-0.723,0.745,0.54,1
106,-0.981,-0.899,1.303,0.446,-0.504,0.144,0
107,0.124,-1.076,-0.554,-2.105,0.238,0.083,1
108,1.037,1.03,-0.454,1.601,-0.732,0.94,0
109,-0.519,-0.621,-1.243,-0.062,2.257,0.156,1
110,0.473,-0.339,0.505,0.625,0.478,1.377,0
111,-0.022,0.421,1.552,0.63,-0.745,1.281,0
112,0.647,-0.8,-0.773,-0.386,0.835,0.344,1
113,0.996,2.479,1.748,0.124,-0.65,1.407,0
114,-0.694,-0.765,-0.101,0.297,-0.242,0.279,1
115,-2.675,-0.354,0.049,0.724,0.364,-0.211,0
116,2.51,1.0,0.638,0.331,0.479,-0.8,1
117,-1.005,0.25,-1.574,0.613,-0.37,0.726,1
118,0.137,-0.809,-0.687,-0.395,1.321,1.395,1
119,-0.171,0.151,-0.78,1.43,0.26,-0.628,1
120,-1.292,0.535,1.89,0.107,-0.879,-0.854,0
121,-0.556,-2.26,0.91,-0.561,-1.821,-2.927,1
122,0.345,0.215,1.425,0.998,-0.409,-1.719,0
123,0.208,-0.575,0.085,-1.589,-0.3,-0.228,1
124,-1.283,-1.753,-2.22,0.072,1.201,-0.04,1
125,-2.58,-0.051,-1.68,0.236,1.727,0.345,0
126,-2.592,1.043,0.328,1.88,0.5,0.69,0
127,-1.799,1.424,-1.243,-2.018,0.503,0.727,1
128,1.444,1.151,0.367,0.329,0.86,0.359,1
129,0.457,-2.034,-0.11,-0.368,0.508,-0.796,1
130,0.936,0.745,-1.126,0.026,0.544,-1.085,0
131,-2.416,-0.25,0.244,0.017,1.084,0.298,1
132,1.612,-0.57,1.654,-0.291,0.501,-1.88,0
133,-0.776,1.19,0.067,0.01,-1.208,0.795,1
134,-0.999,1.465,0.615,-0.562,-0.819,-0.526,1
135,0.378,0.25,-1.62,0.348,-1.075,1.841,0
136,-1.891,0.939,-1.197,0.383,1.185,0.472,0
137,-1.178,-1.545,1.482,-0.811,0.785,1.201,0
138,-1.661,1.981,-0.127,-0.199,-0.988,0.233,0
139,0.484,1.057,1.043,1.032,-0.11,-0.092,1
140,0.13,0.192,1.274,0.926,-0.162,-0.922,1
141,-1.916,-0.218,0.02,-1.878,-0.361,0.255,0
142,0.217,-1.417,-0.671,-1.462,0.853,0.278,1
143,2.608,-0.603,1.524,0.033,0.086,1.057,0
144,-1.937,-1.198,1.526,1.007,1.876,0.566,0
145,-0.477,0.86,-0.437,-0.067,-0.121,-0.867,1
146,2.125,0.725,0.136,0.396,-0.57,-0.372,0
147,0.123,0.327,-2.172,1.32,-2.056,-0.968,0
148,-1.398,0.106,-1.772,0.989,0.691,0.929,0
149,0.798,-0.333,0.242,-0.969,-0.44,0.432,1
150,-1.273,-0.304,-0.507,0.888,0.529,-0.443,0
151,0.796,1.939,1.096,0.093,0.127,-0.973,0
152,-0.544,0.279,0.377,-1.432,-1.252,-1.233,1
153,-1.16,-0.644,-0.168,-1.194,-0.712,-1.995,0
154,-0.254,0.215,-0.575,-1.598,2.366,-0.862,1
155,0.387,-2.224,-0.792,0.094,-0.126,0.104,1
156,0.006,-0.798,-0.955,-0.242,-0.711,-0.658,0
157,0.349,0.166,-0.521,1.016,-0.132,-0.309,0
158,0.761,0.182,-1.649,0.398,-1.67,-0.382,0
159,0.224,0.587,-0.97,-0.431,0.709,1.947,1
160,1.903,0.783,1.607,-0.595,-0.28,0.755,1
161,0.755,-1.576,1.125,-0.902,-0.158,-1.197,1
162,-0.399,1.016,-1.339,-0.679,-0.039,0.547,1
163,1.668,0.088,1.014,-1.591,-0.566,-2.422,1
164,1.116,-0.615,0.571,-1.093,-1.137,-1.049,1
165,-0.75,-0.345,-1.758,0.041,0.52,-1.862,1
166,-1.596,-1.198,-0.967,1.68,0.69,-1.32,0
167,2.663,0.748,-1.325,-1.743,0.333,-1.723,1
168,0.103,0.817,-0.906,-0.801,-0.898,1.249,1
169,0.596,0.438,0.792,-0.078,-0.698,0.264,1
170,0.865,-0.201,-0.269,-0.993,1.353,0.731,1
171,0.176,0.166,0.353,0.062,0.967,0.179,0
172,0.753,0.059,-0.58,1.139,1.167,1.539,1
173,-0.428,-0.633,-1.861,0.056,-0.827,1.201,0
174,-1.163,0.957,-1.236,-0.118,1.271,-0.471,0
175,0.39,0.702,-1.35,2.26,-1.352,-0.298,0
176,0.199,0.411,1.006,1.194,-1.341,-0.168,1
177,-2.079,0.276,-0.672,0.349,-1.713,-1.129,1
178,0.496,0.721,-0.326,-0.458,-0.563,-0.59,0
179,-0.608,2.566,0.713,-1.602,-0.434,-1.025,0
180,0.158,2.136,1.243,0.144,0.401,-0.125,0
181,-1.011,-0.598,1.111,-1.579,1.276,2.341,1
182,0.071,1.138,0.193,-0.276,-2.037,-0.728,0
183,1.559,0.089,-0.31,1.583,-0.063,-1.961,1
184,-0.529,1.523,1.161,-0.316,0.84,-0.098,1
185,2.484,0.771,1.234,0.528,1.144,0.743,0
186,0.17,-0.375,-0.267,-0.044,0.855,0.744,1
187,1.489,-0.082,0.282,-2.011,-0.621,-0.579,0
188,0.068,0.198,-0.419,0.453,-0.409,0.036,0
189,-0.581,0.239,-0.551,-0.185,-0.771,-1.311,0
190,1.32,-0.735,1.087,-0.32,-0.015,0.089,0
191,-0.862,-1.693,0.789,0.221,-1.637,-0.723,1
192,-0.637,1.089,0.513,-0.019,1.103,0.407,1
193,-0.736,-1.395,0.971,-1.712,1.186,-1.799,1
194,-0.669,1.211,0.876,1.159,-1.5,-0.317,0
195,-0.074,-0.429,-0.607,0.276,-0.01,-0.977,1
196,-0.589,-0.287,-0.053,-0.282,-1.554,0.068,1
197,0.481,1.554,-0.525,0.897,-0.563,1.255,0
198,-0.133,0.104,-0.207,0.161,0.19,-1.377,0
199,0.673,-1.007,-0.17,0.956,-0.204,-0.642,1
200,1.698,1.419,1.438,1.072,0.522,0.24,1
201,-1.416,-0.902,-0.823,1.112,2.444,0.828,0
202,-0.17,1.408,-0.036,-0.204,-0.041,1.145,1
203,1.281,0.329,-1.014,0.884,-0.771,-0.902,1
204,-0.561,-1.069,-0.716,1.754,-0.981,-0.071,0
205,-1.512,-0.821,-0.367,0.109,0.105,-0.074,1
206,-0.712,1.491,0.716,-0.549,-0.241,-0.456,1
207,-0.023,-0.642,0.738,0.945,-0.128,0.367,0
208,-0.576,1.27,-0.397,0.507,0.374,-0.933,0
209,-1.818,-0.762,-1.057,-0.652,-0.087,-0.09,1
210,-0.55,1.737,-1.233,0.948,0.737,-0.832,0
211,2.007,1.326,0.333,0.479,0.075,0.638,0
212,-0.497,1.171,1.025,-0.367,-1.486,1.161,0
213,0.202,-0.882,1.474,0.226,-1.517,0.962,0
214,-1.163,-1.902,-0.743,-0.213,-1.886,2.367,1
215,0.29,0.206,-0.203,0.299,-0.833,-0.284,0
216,1.17,-0.286,0.225,-0.217,1.922,1.232,1
217,0.445,0.793,0.378,0.332,2.797,-2.241,0
218,-0.146,0.064,0.988,-1.517,-0.642,0.428,0
219,-1.935,0.575,2.235,-0.947,-2.066,0.701,1
220,-0.274,2.144,-0.399,-0.642,1.221,1.332,0
221,1.136,2.349,0.625,0.073,-0.523,-0.109,1
222,-0.453,-0.541,-1.078,-2.389,0.462,0.437,1
223,-1.71,0.908,-2.838,-0.501,0.158,-0.357,1
224,0.766,1.254,1.243,0.135,1.665,-0.365,1
225,-0.551,-0.642,-0.73,-0.418,-1.347,-1.659,0
226,1.596,0.616,1.018,0.371,-1.068,1.342,0
227,0.773,-1.227,0.787,-2.128,1.048,-0.864,1
228,1.058,-0.856,1.112,0.382,0.63,0.3,0
229,0.555,0.7,0.819,-2.308,-0.386,-0.545,1
230,-0.307,-0.141,2.068,0.576,-1.444,-0.459,0
231,1.001,-1.117,0.239,-0.599,0.37,-0.208,1
232,-0.035,-0.27,-0.85,1.276,0.391,0.127,1
233,1.588,0.288,-0.03,0.223,-0.399,-0.816,0
234,1.895,-0.818,1.278,0.484,-1.174,-0.243,0
235,-0.776,-0.067,0.857,-0.927,-0.907,-1.222,0
236,1.498,0.129,0.348,0.167,-1.169,1.698,0
237,-1.142,-2.239,0.743,-0.929,1.022,0.714,1
238,0.119,0.698,0.77,-0.523,-0.788,-1.329,1
239,-0.432,-0.772,-1.124,-0.76,2.589,0.651,1
240,-1.416,1.683,-1.86,-0.136,-1.122,-1.108,1
241,-0.531,0.473,1.149,-1.898,-0.475,-0.895,1
242,0.525,0.814,-1.324,-0.87,-0.832,0.729,0
243,-0.496,-0.862,-0.732,-0.796,0.072,1.786,1
244,-1.817,-0.773,0.361,-2.321,0.37,0.37,1
245,-0.004,-1.42,1.797,0.169,-0.294,1.145,0
246,-1.613,-0.835,-1.974,-0.238,0.073,-0.371,0
247,-0.29,0.653,-0.732,-0.351,-1.367,0.553,0
248,-0.356,1.633,-0.634,0.507,0.341,-1.332,0
249,0.733,0.468,0.979,0.897,-0.316,1.584,0
250,0.403,0.788,-2.084,-2.006,-1.816,-0.111,1
251,-0.021,0.593,0.069,-1.713,-0.483,1.465,0
252,1.094,-1.603,-0.328,-1.485,0.39,1.028,1
253,0.82,-1.103,-0.53,-0.162,1.756,0.301,1
254,0.112,0.13,0.215,-0.857,-1.143,-0.552,0
255,-0.306,-0.652,0.702,0.017,0.768,-0.739,1
256,-2.502,-0.534,0.886,0.181,-2.593,-0.583,0
257,-0.746,-0.31,-0.724,-0.1,-0.637,-0.518,1
258,0.921,0.238,-0.198,-1.435,-0.897,-0.637,1
259,0.402,-1.678,0.223,1.372,0.208,-1.414,0
260,0.991,0.017,0.64,0.95,0.663,-0.142,0
261,-0.893,2.242,-0.827,0.905,-0.906,1.309,0
262,1.959,0.913,-0.715,-0.315,1.524,1.54,1
263,0.684,0.275,1.631,0.59,0.389,0.936,0
264,0.427,1.241,1.56,0.554,-2.318,0.061,0
265,-0.424,-1.107,-0.445,1.366,-1.398,-0.331,0
266,-0.696,-1.485,-1.481,0.564,-1.311,1.874,0
267,-0.176,0.37,0.579,-1.561,1.085,0.183,1
268,-0.056,0.582,0.19,0.063,-1.227,-0.097,0
269,0.651,-0.798,0.818,-0.33,0.565,0.063,0
270,-1.014,-0.198,-0.555,-0.801,-0.831,-2.138,0
271,-0.316,-0.159,-1.064,-1.611,0.639,0.345,1
272,1.105,1.061,-0.987,0.006,-0.143,0.879,0
273,-0.964,-0.921,1.251,-1.098,0.104,0.174,1
274,-1.484,-0.71,-0.862,-0.538,-1.078,0.917,0
275,-0.322,0.933,0.844,-1.741,0.842,-0.544,1
276,0.711,0.981,1.3,0.991,-0.122,-0.591,0
277,0.115,0.249,0.058,-0.207,0.59,-0.387,1
278,0.279,0.166,1.129,-0.581,-0.59,-0.852,0
279,0.791,0.399,-0.252,1.732,-0.892,0.843,1
280,0.408,-0.383,-1.046,-0.748,0.856,-1.433,0
281,-0.274,-0.837,0.021,-0.758,-0.488,-1.363,1
282,0.151,-0.864,0.014,-1.791,-1.279,-0.413,1
283,-0.794,-0.254,-0.663,0.674,0.467,1.044,0
284,0.618,1.128,1.119,0.314,-0.461,-0.074,0
285,0.135,-0.761,-0.421,1.014,0.717,-0.768,0
286,-0.982,-0.552,-1.651,0.994,0.407,-1.183,0
287,-0.283,-0.705,1.259,-1.272,-0.702,1.594,1
288,1.652,1.582,0.34,-0.455,-0.842,0.77,0
289,-0.79,-0.118,-0.159,0.999,-0.687,0.986,0
290,-0.572,-0.498,-1.107,0.24,-0.164,0.096,0
291,-0.323,0.098,1.649,0.468,1.011,-0.039,0
292,-0.02,1.181,2.707,-0.561,0.495,-0.458,1
293,0.54,0.215,-0.536,-1.515,-1.595,1.333,1
294,0.08,0.035,0.604,-0.044,2.133,0.163,1
295,1.041,0.225,-1.427,0.581,0.307,-0.429,0
296,1.4,0.687,0.843,-1.186,-0.437,-1.648,1
297,0.626,1.096,-0.562,2.348,-1.056,0.276,0
298,-2.089,-1.981,0.385,0.15,2.049,0.268,1
299,1.358,-0.734,0.653,1.441,0.122,1.44,0
300,1.134,0.317,-0.994,-0.572,-1.624,1.023,1
301,1.56,0.345,0.461,-1.939,1.148,-1.325,1
302,-0.523,2.038,0.523,-0.71,-0.809,0.319,0
303,1.181,0.265,0.157,0.536,0.752,-1.502,0
304,-1.788,1.337,-0.699,-2.117,-0.476,-0.159,0
305,-0.322,1.212,-1.097,-0.043,-1.432,2.088,0
306,-1.172,-1.646,0.712,0.22,-1.263,0.577,1
307,0.771,-0.435,0.553,0.934,0.684,-0.476,0
308,-0.065,-0.459,-0.417,-0.065,-0.464,-0.171,1
309,-0.146,-0.23,0.532,-1.181,-0.872,-0.603,1
310,-0.856,0.478,0.232,-0.066,-0.276,0.528,0
311,0.828,0.886,-0.227,0.058,-1.682,-0.242,0
312,2.128,-0.722,0.932,0.617,-0.966,-1.817,1
313,-0.808,1.273,1.034,0.629,-0.416,0.672,0
314,-1.139,0.866,0.425,0.701,3.042,2.797,1
315,-0.841,0.242,-0.015,0.337,2.372,-1.118,1
316,-0.073,1.358,-0.567,1.647,0.125,-0.064,0
317,0.644,-0.213,1.023,1.772,-2.425,1.074,0
318,-1.915,-1.819,0.842,0.392,0.4,-0.867,1
319,-0.554,-0.287,-1.632,0.505,-0.242,0.569,1
320,-2.442,-2.575,-0.603,-0.245,0.507,-0.525,0
321,-0.822,-0.98,0.91,0.108,1.715,-0.088,1
322,0.388,-0.114,-0.314,0.338,-1.193,-0.505,0
323,0.388,-0.765,-2.158,-0.574,-1.164,0.392,1
324,-1.293,-0.942,0.051,-0.472,0.531,0.102,1
325,-0.239,0.59,0.277,-0.6,0.935,-0.057,1
326,0.417,-0.092,0.376,-0.622,0.407,0.164,1
327,-0.167,0.032,-0.32,0.522,1.54,-0.79,1
328,-0.234,-1.454,-0.331,-0.019,0.383,-1.258,1
329,-0.712,0.01,2.895,0.148,0.116,-0.72,1
330,-0.392,-2.438,-0.726,-0.792,-0.38,-0.457,0
331,2.058,0.948,-0.127,-1.925,1.714,-0.593,1
332,-0.897,-0.165,-0.178,1.378,0.065,0.445,0
333,0.587,1.488,0.662,-0.158,-0.422,-1.414,1
334,-1.001,-3.045,1.033,-0.773,-0.583,0.699,1
335,-0.369,0.239,-0.675,-0.325,0.004,1.59,0
336,-1.632,-0.888,0.332,0.578,-0.351,-0.054,0
337,-0.117,0.68,-1.489,-0.153,1.325,0.999,0
338,-0.653,0.415,-1.094,0.488,0.394,0.005,1
339,0.337,-0.233,1.098,0.879,0.664,1.119,0
340,1.158,0.139,0.629,-0.048,-1.697,1.198,0
341,-0.141,-0.083,2.017,-0.148,-0.322,-1.791,0
342,0.331,0.133,-0.632,1.089,-0.437,-1.293,0
343,-0.656,-0.257,-0.219,-0.008,-1.145,-0.962,0
344,-1.89,-0.182,1.466,0.978,-1.475,-0.618,1
345,1.204,-0.449,-0.478,-1.404,1.754,1.018,1
346,-1.087,0.923,-0.972,0.083,1.193,-0.924,0
347,-0.926,-1.072,-0.097,0.798,0.804,1.611,1
348,1.815,0.628,-1.551,-1.033,0.49,0.181,1
349,-0.205,-0.609,0.376,-1.514,-0.278,0.342,1
350,1.259,1.26,-0.728,-1.291,-0.049,0.311,1
351,-1.551,-1.597,-0.761,-0.204,0.225,-0.231,1
352,-0.116,0.869,-0.374,-0.414,-1.604,0.254,0
353,0.955,0.586,-0.897,1.061,-0.336,1.725,0
354,0.222,1.164,0.193,0.107,-0.807,-0.764,1
355,1.082,-0.989,1.57,-1.799,-0.084,-0.562,0
356,1.691,-0.524,-0.489,-0.861,0.638,-0.24,1
357,-0.086,-1.586,-0.376,-0.354,-0.713,1.688,0
358,2.378,-0.125,-0.536,0.657,0.755,-0.953,1
359,0.556,-0.575,-0.449,-0.195,0.866,0.117,1
360,0.35,0.145,-1.816,1.322,-0.099,-0.55,1
361,-0.991,-1.403,0.209,1.051,-0.087,-0.361,0
362,0.348,-3.224,0.125,-0.439,0.662,1.111,1
363,-0.29,-1.206,0.695,0.026,0.606,0.786,1
364,-0.015,-0.697,0.301,0.098,1.394,0.16,1
365,1.228,0.93,0.214,-2.298,-1.113,0.734,1
366,0.907,-0.728,-1.634,2.384,-0.161,-1.923,0
367,0.51,1.537,-2.177,0.075,-0.494,-0.019,1
368,0.651,-0.99,-1.13,-1.25,0.993,1.128,1
369,-1.127,1.169,-0.652,0.052,-0.467,-0.275,1
370,1.45,0.195,-0.822,1.668,1.956,0.125,0
371,1.679,1.875,-0.624,-1.661,-1.28,-1.439,0
372,-0.488,1.901,-0.434,-0.553,1.564,-0.225,1
373,0.497,2.145,-1.469,-1.158,-0.279,0.205,1
374,0.108,0.526,-1.191,-0.409,-1.247,-0.134,1
375,0.519,0.59,0.233,1.104,-1.429,-0.068,0
376,0.376,-1.554,2.824,-0.641,1.001,-0.302,1
377,0.025,-0.036,1.719,-0.026,0.737,0.766,1
378,0.526,0.786,-0.799,-1.778,-0.342,-0.835,1
379,-2.189,1.275,-1.849,1.752,-1.445,-0.823,0
380,0.754,0.619,1.193,0.126,-0.257,-2.626,0
381,0.402,-0.213,-0.085,0.518,1.47,-0.84,1
382,-0.219,-0.332,-1.839,1.015,-0.36,-1.877,0
383,0.239,-0.053,0.174,-1.439,-1.319,-0.022,1
384,0.75,-1.06,0.003,-0.362,0.228,0.793,1
385,0.64,1.23,1.866,-0.606,1.233,-0.359,1
386,-0.173,-0.56,0.534,-1.599,-1.309,-0.806,0
387,-1.206,-1.893,0.052,-0.397,-1.003,0.445,0
388,1.507,-1.161,1.025,-0.905,1.077,0.861,1
389,-1.088,1.976,-0.963,-1.611,-0.743,0.254,1
390,-0.712,-1.127,0.953,0.55,-0.494,1.967,0
391,-1.669,-0.7,-1.128,-0.436,-0.001,0.707,1
392,-0.591,0.434,-0.455,1.731,-1.416,-0.34,0
393,0.611,1.06,0.421,0.287,1.755,0.046,1
394,0.153,-0.706,1.015,0.077,-1.699,-1.645,0
395,-2.318,0.231,0.304,1.138,-0.677,-2.681,0
396,0.148,-0.277,-0.371,0.535,-1.285,-0.128,1
397,-0.258,0.355,1.494,-1.153,0.369,0.041,1
398,0.151,1.454,1.563,-0.64,0.546,-0.022,0
399,-0.88,0.699,0.373,1.104,0.256,-0.408,0
400,-0.42,-0.062,0.776,-0.403,0.218,0.583,0
401,2.242,0.464,1.075,-0.155,-0.432,0.88,1
402,-0.815,-0.733,1.037,-0.264,0.217,-0.997,0
403,-0.313,-0.587,-0.757,0.53,-0.565,-0.868,1
404,-0.59,-0.339,1.564,-0.835,-0.196,0.78,1
405,-1.502,-0.118,0.236,0.65,-0.072,-0.242,1
406,0.008,-0.756,-0.953,1.369,-0.315,-1.114,1
407,0.756,-1.257,-1.065,-0.77,1.46,0.105,1
408,1.26,0.095,-0.04,-0.621,0.027,0.93,1
409,0.621,-0.518,-0.439,0.649,-0.413,-0.23,0
410,-1.441,-0.771,0.609,0.587,0.233,0.829,0
411,-1.289,-0.206,-0.566,-0.096,2.306,0.644,1
412,-1.693,0.087,1.243,1.956,0.761,0.616,0
413,-0.685,-0.946,-0.005,0.198,1.633,1.901,0
414,1.074,-0.55,-0.48,-0.654,0.294,-0.703,0
415,-1.51,-0.923,-0.336,0.932,0.878,-0.198,1
416,-1.267,-1.412,1.268,-0.121,0.568,-0.107,0
417,-0.335,0.669,-0.172,0.537,-1.941,0.393,0
418,2.82,-0.039,-0.115,-1.135,0.414,-1.113,1
419,-0.772,-0.62,-1.483,0.357,-1.886,0.704,1
420,-1.503,-0.827,0.126,-0.873,1.92,0.081,0
421,0.705,0.217,0.991,-0.506,0.426,0.544,1
422,1.523,0.825,-1.358,-1.086,1.232,1.527,1
423,1.296,1.795,1.051,1.276,0.96,-0.186,0
424,-1.153,0.312,-0.087,-0.665,-0.522,-0.325,1
425,0.064,-0.055,0.597,-0.34,2.295,1.375,1
426,-0.205,0.427,-0.487,0.506,2.932,0.047,0
427,-0.552,0.311,0.704,1.377,-0.759,-0.662,0
428,0.422,-0.652,3.405,-2.471,-0.323,-0.427,0
429,-0.867,0.678,-0.153,-0.07,1.303,0.473,0
430,0.054,-0.708,1.221,-0.995,1.296,-0.568,1
431,2.444,0.319,0.212,-0.081,0.065,0.962,1
432,-0.502,-0.526,-1.144,0.635,-0.98,-0.931,1
433,1.534,-2.103,-2.095,-0.309,0.095,1.115,0
434,0.403,0.025,0.912,-1.478,-1.239,0.033,1
435,2.4,-0.409,-0.103,-0.508,-1.063,-1.824,1
436,0.591,0.274,-0.525,0.029,0.513,-0.644,0
437,-0.823,-1.624,-0.615,1.149,-0.938,-0.373,0
438,0.56,0.263,0.483,0.614,0.755,0.044,0
439,0.136,1.798,-0.048,0.655,-0.77,0.88,1
440,1.128,0.21,0.373,-0.586,-0.564,0.237,0
441,1.618,-0.56,1.848,0.835,0.119,-0.8,0
442,1.725,0.477,0.564,1.436,-0.076,-1.344,0
443,1.192,-1.628,-1.122,-0.391,0.792,-0.398,1
444,1.601,-1.04,1.356,0.968,-0.411,-0.903,0
445,-0.569,-0.921,1.543,-0.39,-0.845,0.519,0
446,-0.814,-1.851,0.137,-0.602,1.189,1.738,1
447,0.35,-0.243,0.95,0.207,-1.734,-0.293,1
448,-0.975,-0.088,-1.755,2.024,-0.251,0.111,0
449,-0.577,1.059,-0.275,-0.909,-1.845,1.32,0
450,-1.194,1.367,1.892,-0.404,-0.916,1.599,0
451,-0.702,0.399,-2.899,-1.315,0.457,1.296,0
452,-0.614,1.269,1.316,0.256,1.201,-1.07,0
453,0.328,1.879,-1.581,0.665,0.373,-0.766,0
454,-1.53,-1.444,-1.161,-0.706,-0.291,0.227,1
455,1.139,0.119,-0.316,-1.826,-0.225,-1.633,1
456,-0.031,-0.242,0.653,-0.918,-0.716,-0.753,0
457,-0.285,-0.838,1.301,-0.756,1.443,-1.364,1
458,0.204,-1.626,0.792,0.272,0.871,1.816,0
459,1.378,0.491,0.656,-0.13,0.911,-1.646,1
460,0.775,-1.667,-0.531,1.108,-0.357,-0.229,0
461,-0.452,0.416,-1.412,0.172,1.55,-0.337,1
462,0.236,0.356,0.295,-0.152,-1.398,-0.396,1
463,-1.151,0.829,0.069,-1.062,1.677,-1.507,0
464,-0.617,2.135,-1.428,-1.704,-0.293,-0.451,1
465,-1.694,1.903,1.599,0.189,-1.629,-0.899,0
466,2.762,0.721,0.508,-1.106,0.774,1.202,1
467,-0.334,-0.912,0.477,-1.619,-0.741,1.706,1
468,0.952,0.535,0.83,-1.181,1.056,1.936,0
469,2.254,0.107,0.279,-0.56,1.019,1.223,0
470,0.977,-0.309,-0.539,2.24,0.598,1.262,0
471,-0.284,-1.355,0.577,0.878,-1.483,-1.179,1
472,-0.158,0.725,-0.185,-0.323,-1.512,-1.185,0
473,-0.021,-0.06,-0.407,-0.5,-0.083,-1.49,0
474,1.332,1.367,-0.67,-0.909,-0.639,0.189,0
475,-1.233,0.088,0.092,0.393,0.956,-0.139,0
476,-0.954,1.959,0.868,-0.153,0.247,-1.846,0
477,-1.036,-0.371,-0.066,0.022,0.335,-0.537,0
478,-2.812,-0.233,0.268,-1.053,-0.246,1.076,1
479,-0.042,0.225,-2.34,0.587,-1.279,1.266,1
480,-1.729,-1.085,-1.15,0.345,1.328,0.723,1
481,0.374,0.316,-0.288,-0.685,-0.507,0.92,0
482,1.737,-0.047,0.57,-0.663,-0.292,-0.033,1
483,0.322,0.791,0.659,0.712,-1.061,-1.255,0
484,-0.91,0.519,0.703,0.776,1.185,1.383,0
485,0.097,-0.21,1.58,2.134,1.068,-1.147,0
486,-0.487,-0.952,-0.126,-1.635,1.032,0.477,1
487,-0.353,1.287,0.138,0.272,0.331,-0.346,0
488,-1.242,0.416,-0.11,-1.934,-0.605,-0.424,1
489,0.601,0.134,0.833,0.499,-0.221,-1.478,0
490,1.021,-0.801,0.552,0.788,-0.743,-0.952,1
491,0.143,-0.285,0.42,0.971,-1.128,-0.714,0
492,2.512,-0.307,1.418,0.212,-1.343,-0.572,1
493,0.605,-0.88,0.756,0.486,-0.716,-0.38,1
494,-0.665,0.198,2.276,0.619,0.46,0.659,0
495,-0.91,-1.182,1.697,-0.544,0.027,1.091,0
496,-0.843,0.411,0.206,-0.626,0.211,-2.034,0
497,-0.815,1.891,-1.135,0.037,0.186,1.402,0
498,-0.345,0.532,0.746,0.047,-0.446,2.522,0
499,0.218,0.368,1.198,-1.673,0.167,1.432,1
500,0.917,-1.73,0.794,1.272,-1.471,-0.196,0
501,-1.112,-0.073,1.467,-0.052,-0.177,0.125,0
502,-0.676,0.033,-1.325,-1.279,1.185,1.569,1
503,2.796,-0.504,0.403,-0.405,1.377,-0.568,1
504,-2.224,0.083,-1.537,0.75,0.843,-0.431,0
505,0.424,0.551,-0.859,0.146,1.488,0.572,0
506,-1.867,-1.492,-0.616,-0.729,1.956,-0.758,1
507,0.026,-0.436,-1.154,-1.147,-0.563,-1.473,1
508,-1.32,-1.642,-0.627,0.329,0.529,0.001,0
509,0.085,0.243,0.796,1.964,-1.436,-0.053,0
510,-0.675,-1.082,1.43,0.063,0.542,1.209,1
511,0.691,-1.487,0.569,0.762,1.452,0.168,0
512,-0.141,0.708,1.562,0.527,-0.561,-0.958,0
513,1.472,0.214,-0.112,-0.45,-0.644,1.591,1
514,2.009,0.464,-0.728,-0.33,-0.387,-0.729,1
515,-0.234,-2.063,0.4,-1.81,-0.456,1.146,1
516,1.047,0.717,-0.094,1.262,0.68,0.257,0
517,-1.746,0.709,-2.656,0.649,1.51,-1.489,1
518,0.835,0.233,0.11,0.62,-1.439,-0.547,1
519,0.224,0.223,-1.623,0.642,1.172,0.564,0
520,-0.592,-0.3,-0.386,-0.864,-1.485,0.543,0
521,0.263,-0.396,1.165,-1.057,-0.572,-0.024,0
522,2.105,-0.89,0.808,1.047,-0.103,-0.744,0
523,-0.42,0.468,-2.681,1.619,0.104,1.003,0
524,-0.807,1.27,-0.981,-1.204,0.005,1.907,1
525,1.092,0.338,-1.294,0.888,-0.005,-1.752,0
526,-1.713,0.163,-0.091,0.086,-0.196,0.045,1
527,-1.407,0.006,0.391,1.083,0.47,0.201,0
528,-0.108,0.375,-0.795,-0.104,-0.372,-0.443,0
529,0.609,-0.785,0.874,-0.556,-1.218,0.232,0
530,1.3,1.367,-1.028,-0.513,-0.795,0.122,1
531,2.103,-1.308,-0.662,1.767,-2.174,2.256,0
532,-1.067,-0.848,0.971,0.476,-0.583,-2.859,1
533,-0.281,-0.601,-0.932,-0.558,-1.882,-1.051,1
534,-1.0,-0.995,-0.235,-0.097,-1.321,0.038,1
535,-0.747,-1.687,-0.078,0.946,-0.67,0.149,0
536,-0.949,-1.365,-0.303,-2.577,-0.098,-0.258,1
537,0.131,0.687,-0.085,2.443,-1.382,1.011,1
538,-1.099,-0.52,0.621,1.015,-0.261,0.743,0
539,-2.041,0.439,-1.716,-0.625,-0.301,-0.528,0
540,0.655,0.77,1.303,0.959,0.161,-1.846,0
541,0.278,-0.374,-1.598,2.297,0.149,-1.463,0
542,-1.752,-1.097,-0.648,-0.118,-1.288,-0.117,1
543,-0.036,1.907,-0.231,-0.851,0.33,0.324,0
544,-0.257,0.119,0.168,0.32,2.934,-0.652,1
545,0.127,-1.599,0.245,1.658,2.112,0.527,1
546,-0.39,0.008,0.657,1.218,0.007,-0.48,0
547,-0.21,-2.471,-1.564,0.804,1.377,1.311,1
548,0.806,-0.778,-0.871,-0.596,-0.59,-0.535,1
549,-0.083,-0.723,0.301,-0.785,0.505,-1.635,1
550,1.913,-0.079,1.1,0.381,0.909,0.335,1
551,-0.043,0.687,1.6,0.166,0.309,-1.243,0
552,0.629,1.327,0.3,1.388,1.124,0.24,0
553,-0.222,-0.392,-0.666,-0.13,0.545,-0.299,0
554,2.053,0.067,0.506,-0.14,-0.982,0.513,1
555,0.195,0.451,1.398,-0.936,0.558,1.91,0
556,1.299,0.854,1.248,-0.431,-0.932,1.264,1
557,0.048,0.33,-0.557,0.479,-1.944,-1.309,0
558,-0.534,-2.085,-0.051,-0.926,-0.668,-0.026,1
559,0.577,-0.602,-0.282,1.22,-1.513,-0.788,0
560,1.736,-0.769,-0.169,-1.143,0.112,-0.369,1
561,0.756,-1.28,1.789,0.019,0.199,1.574,1
562,0.343,2.698,-0.931,-0.115,0.379,1.39,1
563,-0.754,0.579,0.986,1.348,0.413,0.206,0
564,0.568,-0.297,2.185,-0.927,0.474,0.503,0
565,-0.692,-2.478,-0.129,0.35,-0.582,0.809,0
566,-0.238,-0.89,0.225,1.464,0.55,-0.859,0
567,0.782,0.197,0.672,-0.313,-0.222,-0.156,0
568,0.334,-0.005,0.026,-0.796,1.025,0.628,1
569,1.34,-0.397,1.479,-0.756,0.632,-1.527,0
570,-0.221,-0.645,-0.846,-0.144,0.258,-0.566,1
571,0.196,0.243,-0.715,-0.642,0.814,0.595,1
572,0.009,0.213,-0.067,-0.903,-1.915,0.208,1
573,1.421,0.873,1.674,0.117,-0.15,-1.774,0
574,-0.983,1.226,0.528,0.226,-0.649,-0.193,0
575,0.209,-1.196,0.623,1.428,0.613,-0.251,1
576,1.973,1.86,-3.812,-0.949,-0.086,1.839,1
577,0.678,0.842,0.071,-1.619,1.375,0.74,1
578,-0.107,0.955,0.506,-1.708,0.083,0.156,1
579,-1.136,-0.495,-0.527,0.19,0.015,0.14,1
580,-0.087,-0.372,-1.266,1.003,-1.167,0.9,0
581,0.331,-2.886,0.182,0.071,0.781,-0.503,1
582,0.228,-0.231,1.071,1.367,0.979,0.561,0
583,0.292,-0.854,1.172,0.585,0.109,0.7,0
584,-0.597,1.549,0.615,1.477,-1.566,-0.116,0
585,-0.37,1.043,-0.46,0.677,1.859,-0.657,0
586,0.156,2.23,-0.253,0.168,-0.996,-0.78,0
587,2.144,0.77,-0.801,-0.391,-0.668,-0.475,1
588,-1.353,-1.228,1.024,1.081,-1.126,1.391,0
589,1.333,-0.182,0.198,-0.957,0.413,-0.022,0
590,0.062,1.459,0.396,-0.434,0.07,1.189,0
591,-1.28,-0.373,-0.807,0.312,1.48,0.115,1
592,0.116,0.151,1.001,0.161,-0.143,-0.269,1
593,-1.111,1.399,-0.425,-0.313,0.627,0.794,0
594,0.564,0.365,-0.554,1.581,0.365,-0.188,0
595,0.257,0.425,1.442,1.662,-0.313,-2.4,0
596,0.06,-1.07,-0.068,1.484,0.973,-1.719,1
597,-1.194,-0.41,-0.815,-0.952,-0.921,-2.127,1
598,1.727,-0.533,0.03,-0.284,1.195,2.056,1
599,0.278,-0.02,0.239,-2.352,-1.477,-1.791,1
600,1.995,0.685,1.317,1.126,0.959,-1.617,0
601,0.264,0.586,0.064,1.022,1.494,0.047,1
602,-0.588,1.175,-0.925,-0.727,1.158,-0.162,0
603,-0.044,0.688,0.62,3.849,-0.009,0.783,0
604,-1.958,0.333,-0.24,1.22,-1.879,2.231,0
605,-1.27,1.329,-0.534,-0.347,0.805,-1.128,1
606,-0.231,-1.244,-1.288,0.184,1.028,-0.694,0
607,-0.817,-0.114,-2.536,-0.807,1.379,0.218,1
608,-1.12,0.633,0.97,-0.426,0.336,2.426,1
609,0.419,-0.712,-1.251,0.765,2.005,0.432,1
610,1.887,-1.623,0.553,0.384,0.935,1.424,1
611,-0.766,-1.008,0.235,-0.011,-1.933,-1.093,0
612,1.252,0.423,-0.45,-0.077,0.748,0.856,0
613,-1.125,-0.14,2.766,-0.039,-0.048,-2.518,0
614,-0.242,-2.508,0.078,-0.67,-0.187,-0.722,1
615,0.468,0.599,1.698,-1.613,0.114,1.222,1
616,0.788,1.514,-2.61,0.577,-0.786,-0.234,0
617,-0.207,1.918,0.49,-0.854,0.5,-0.281,1
618,1.671,-0.332,1.053,0.604,0.105,-0.665,0
619,-2.031,0.578,-0.212,0.935,0.954,0.091,0
620,0.513,0.405,-0.652,-1.388,0.144,-0.22,1
621,-0.104,-1.949,0.512,0.016,-0.31,0.758,1
622,-0.769,0.581,2.531,0.833,1.81,-1.003,0
623,0.18,2.151,-1.072,-0.743,2.063,1.649,0
624,-1.863,0.829,-2.332,0.687,1.475,0.612,0
625,1.187,-0.261,1.981,0.485,0.205,-0.753,0
626,-0.324,-0.374,0.506,-0.873,0.894,1.312,0
627,-2.417,0.328,0.411,-0.69,-0.181,0.354,1
628,1.11,0.042,1.119,0.491,-0.505,-0.768,0
629,-1.5,0.586,0.819,0.327,-1.262,1.27,0
630,0.014,0.429,0.029,0.646,1.273,-0.918,0
631,-0.201,0.578,-0.518,0.325,0.309,0.061,0
632,0.275,-0.491,1.285,2.021,0.153,-0.127,0
633,-1.017,1.011,-2.311,-0.696,0.813,-0.622,1
634,1.615,-0.028,-1.48,-0.69,1.161,2.29,1
635,0.71,-0.34,0.613,-2.38,0.926,-0.801,1
636,-0.902,-0.235,0.317,0.309,-0.87,1.686,0
637,-0.457,-0.144,-0.34,-1.515,-0.764,-0.161,0
638,1.699,-0.276,-3.457,1.29,1.812,0.038,0
639,-1.259,1.193,-1.076,0.263,-0.086,0.771,0
640,1.068,2.092,0.928,-0.761,-0.139,-0.808,1
641,0.729,0.472,-0.073,-1.497,1.5,0.89,1
642,0.693,0.1,1.547,-0.185,1.08,0.693,0
643,-0.246,0.879,-0.816,0.758,0.067,1.029,0
644,0.966,0.419,1.369,-0.701,-0.305,1.299,1
645,-1.948,0.361,-0.33,0.333,-0.891,1.303,0
646,-0.405,1.746,0.211,0.296,-2.075,1.331,0
647,-0.356,-0.734,-2.028,-1.698,1.077,0.986,1
648,-0.044,1.255,-1.037,-0.43,-1.438,0.129,0
649,0.737,0.619,-0.308,0.744,0.589,-0.766,0
650,-0.174,0.055,-0.678,-1.878,0.183,0.002,0
651,-0.779,0.319,0.655,0.126,0.272,-0.275,1
652,-1.178,0.855,-1.183,0.737,-0.762,-1.291,0
653,1.905,-0.175,-1.076,-1.905,-0.445,0.973,1
654,0.664,-0.299,-0.432,-0.607,0.258,-0.474,1
655,-0.777,-1.425,1.876,-1.687,0.393,0.744,1
656,0.534,0.918,0.736,-0.32,0.789,0.08,1
657,-0.215,-2.008,-1.624,-1.071,0.592,1.28,1
658,0.971,0.046,-0.377,-0.044,-0.082,-0.276,0
659,-1.009,-0.554,0.187,0.572,1.033,-0.273,0
660,-0.691,-0.638,0.516,-0.564,-0.786,0.357,0
661,1.321,1.402,-0.045,0.313,-0.923,-1.55,0
662,1.809,0.395,-0.894,-0.113,-1.021,-0.374,1
663,0.174,-0.496,0.351,0.278,1.531,-1.801,1
664,-0.598,-1.354,-0.364,0.538,1.526,-0.132,1
665,1.107,-0.156,-1.303,0.71,0.103,-1.384,0
666,1.006,1.926,0.301,1.863,-1.376,-0.414,0
667,-0.2,-0.342,0.519,-0.103,0.429,-0.312,0
668,-0.039,0.265,-1.716,1.049,-1.469,0.28,1
669,0.784,0.077,-1.678,0.536,1.949,-0.291,1
670,0.739,0.46,-0.764,-1.359,0.636,-0.032,1
671,-1.017,1.378,-0.716,0.106,-0.878,0.857,0
672,-0.343,-0.472,0.044,-0.638,1.206,0.506,1
673,1.354,1.691,-1.805,-0.526,-1.525,0.225,0
674,1.127,0.789,0.9,0.84,-1.104,0.859,0
675,-1.402,-1.018,1.941,-0.298,-0.954,-0.971,1
676,-0.494,-1.075,-1.808,-0.568,-0.386,-0.567,1
677,1.141,-1.556,1.089,-0.751,-0.79,-0.74,0
678,0.281,1.482,0.173,0.027,0.621,0.453,0
679,-0.495,0.306,-0.525,-0.193,-1.073,0.261,0
680,-0.007,-0.82,-0.152,-1.086,-0.672,1.263,1
681,-0.594,1.248,-0.671,-0.191,-1.752,0.482,0
682,1.762,-0.795,0.761,0.392,-0.773,1.134,1
683,-0.776,-0.742,-0.179,0.774,1.805,-0.008,0
684,-0.943,-0.737,1.298,0.168,-2.345,1.913,0
685,-0.364,-1.411,-0.567,-0.866,-0.218,-0.62,1
686,-1.412,-0.174,1.297,-1.287,0.447,-0.109,1
687,0.998,-0.692,-0.148,0.342,-0.024,1.054,1
688,0.486,1.002,-1.217,0.554,0.421,0.909,1
689,-0.718,-0.993,-0.414,1.495,-0.387,-0.557,0
690,0.333,-0.74,0.036,1.964,-0.678,-1.431,0
691,-1.638,0.999,0.861,-1.046,-0.216,0.832,0
692,-1.14,-0.926,-1.47,0.014,1.074,0.235,1
693,-0.334,1.364,-0.272,-0.013,-0.439,0.315,0
694,-1.623,2.165,-1.386,0.923,0.449,1.936,0
695,-0.512,-0.895,-0.281,-0.431,0.111,-0.573,1
696,0.896,-1.507,2.032,0.134,1.052,0.25,1
697,1.482,-0.927,-0.854,-0.26,-0.42,-0.86,1
698,0.001,0.687,-0.686,1.551,-1.536,0.485,0
699,-0.887,0.297,0.151,-0.743,0.266,-1.275,1
700,1.538,-0.059,0.336,-1.109,-1.223,-1.646,1
701,-0.43,0.967,-0.032,-0.884,-0.563,0.686,0
702,-0.938,0.491,0.217,0.456,1.182,-0.912,1
703,-2.215,1.325,-0.319,-1.348,1.348,1.613,1
704,1.964,1.106,-0.872,-0.428,0.598,1.718,1
705,-1.077,0.146,-1.007,-0.799,0.335,0.725,1
706,0.65,1.146,1.206,-0.05,-0.08,1.346,1
707,-0.033,0.974,0.493,0.775,-0.036,2.033,0
708,2.847,0.112,-0.483,0.001,-0.187,0.623,0
709,-1.071,1.327,-1.867,-1.764,-0.219,-0.925,1
710,0.458,-0.064,0.42,0.42,-0.012,0.477,0
711,-0.523,-0.885,0.892,-0.524,1.506,-0.499,0
712,-0.919,-0.483,-0.372,0.237,-0.572,1.37,0
713,-1.655,-0.423,-1.057,-0.675,-1.711,0.58,0
714,-0.237,0.082,-0.036,0.612,1.272,2.669,0
715,-1.153,0.197,1.072,-1.353,-0.433,-0.561,1
716,0.278,-1.403,-0.448,0.177,-0.655,0.269,1
717,2.332,-0.281,0.863,-0.072,0.521,-0.473,1
718,0.081,-1.372,-1.145,1.353,0.466,-0.375,1
719,-1.779,0.745,1.371,1.272,-0.428,-1.155,0
720,0.755,-1.237,1.768,0.835,-1.366,1.052,0
721,-0.918,-0.056,-0.161,-0.742,-0.184,-0.243,1
722,0.025,0.976,-0.407,-1.587,-0.013,-1.19,1
723,-1.397,0.444,-0.012,-0.439,1.572,-0.438,0
724,-0.276,0.358,1.901,0.663,-0.252,-0.447,0
725,-1.386,0.311,1.232,-2.133,0.63,-0.782,1
726,-1.256,-1.028,-0.871,0.869,-0.236,0.676,1
727,-1.544,0.066,-0.36,-1.27,-1.011,0.071,1
728,-0.885,0.067,0.243,-0.209,0.211,0.465,0
729,0.985,0.113,0.529,0.91,1.758,0.056,0
730,-1.219,0.319,0.497,0.217,0.828,-0.894,1
731,-0.966,-0.606,-1.589,-1.056,-1.158,0.925,1
732,-0.788,-1.957,0.458,0.484,-0.482,-0.954,1
733,0.39,-1.533,0.748,0.006,1.131,0.072,1
734,1.333,0.377,-0.356,1.143,-0.765,-0.693,0
735,-1.351,-0.571,0.109,0.529,-1.11,0.457,0
736,-1.328,-0.961,0.628,-0.416,-0.983,0.01,0
737,-0.469,-0.456,1.327,-0.242,-0.604,-0.395,1
738,1.078,-0.626,-0.495,-0.59,1.142,1.094,1
739,0.839,1.256,0.216,2.693,-0.765,-0.278,1
740,0.602,-0.95,0.306,0.219,0.039,1.399,0
741,0.449,0.457,-1.296,2.62,1.637,-1.694,1
742,1.36,-0.983,-1.376,-0.594,-0.169,0.239,0
743,0.024,-0.771,1.236,-1.501,0.028,1.096,1
744,2.109,-0.08,-0.047,0.078,-0.439,0.727,0
745,-0.087,2.2,-0.124,-1.115,-1.439,1.507,0
746,0.013,-1.527,-0.376,-1.092,-0.509,-1.464,1
747,-0.424,-1.564,1.742,0.328,0.057,0.12,1
748,0.524,-0.61,-1.29,-1.314,-0.398,-0.518,1
749,2.423,2.21,1.473,0.22,1.195,-0.001,1
750,-0.004,0.993,-0.839,0.485,0.067,0.267,0
751,0.51,-0.435,-1.872,0.579,0.475,-0.691,1
752,-0.131,-1.023,-0.17,0.911,-0.049,1.238,0
753,-0.498,-0.067,-2.888,0.507,0.404,-1.41,1
754,-0.057,-0.847,0.089,1.039,-0.956,0.773,1
755,-1.073,0.571,-0.57,0.637,-0.884,-1.115,0
756,0.363,1.466,1.173,2.243,1.483,1.149,0
757,1.037,-1.095,1.382,-0.706,0.011,-1.191,1
758,-0.255,1.169,-0.184,-1.095,-1.884,0.683,1
759,-0.132,0.016,-0.423,0.388,-0.776,0.453,0
760,0.127,-0.111,1.335,0.259,-1.308,1.539,0
761,1.213,-0.034,1.294,-0.081,0.143,-1.948,0
762,1.235,-0.683,-0.101,0.277,-0.001,0.198,1
763,0.523,0.797,-0.34,-2.41,0.108,0.876,1
764,-0.002,-0.574,1.695,-0.648,-0.467,-0.606,0
765,0.833,-1.242,-0.504,0.014,1.001,2.363,1
766,1.186,0.094,0.805,-0.066,0.261,-0.33,1
767,-0.11,-0.559,1.587,0.198,1.284,-0.603,1
768,0.926,-0.502,0.591,-0.553,-0.201,-0.586,0
769,-0.425,0.364,-2.481,1.566,0.732,-0.348,0
770,2.47,-0.305,0.22,2.113,2.018,-0.635,1
771,0.584,-0.222,1.334,-0.9,1.142,0.203,1
772,-0.756,-0.006,-0.785,-0.78,-0.548,1.082,1
773,0.36,0.389,0.269,0.837,0.816,0.846,1
774,0.756,0.799,0.109,1.588,0.8,-1.528,0
775,1.913,0.582,0.83,-0.261,-0.209,-0.18,1
776,-0.086,-0.107,-0.991,-0.158,-0.009,-1.441,1
777,0.424,0.071,0.36,-0.961,0.936,1.334,1
778,0.633,1.721,-0.993,-0.092,0.229,-0.109,1
779,0.105,-2.043,-0.104,1.614,-0.689,0.237,0
780,-0.26,0.748,1.764,0.413,0.418,-1.007,0
781,-0.353,-0.764,0.925,0.998,0.563,-0.965,1
782,0.503,0.577,-1.649,0.331,-0.11,-0.805,0
783,1.866,-0.405,-0.16,-2.19,-0.784,0.367,1
784,-0.658,0.763,1.61,0.989,-0.182,-2.011,0
785,0.493,-0.736,-1.317,0.767,0.75,0.576,1
786,1.18,1.383,-0.132,-1.595,1.435,-0.303,1
787,-0.682,-1.507,-2.177,0.117,0.674,-0.572,1
788,-1.325,-1.037,2.21,-1.111,1.311,0.082,1
789,-0.611,-1.351,-0.327,-0.525,-0.202,-0.14,1
790,1.355,1.914,1.42,1.248,-1.201,-0.103,0
791,-0.639,0.248,0.305,-1.095,-0.148,0.137,1
792,0.573,-0.449,-1.359,0.148,0.139,-0.43,1
793,0.357,-1.193,-0.281,-2.367,0.272,1.029,1
794,-1.141,1.981,0.916,0.247,-1.094,1.191,0
795,-0.051,0.56,1.074,-0.051,-0.551,-0.227,0
796,-1.227,-0.53,0.728,-0.759,-0.737,0.059,0
797,0.228,-0.381,0.781,0.662,0.47,0.047,0
798,-0.121,-0.058,-0.94,-0.305,0.213,0.03,1
799,2.058,1.103,-0.022,-0.447,-0.138,-1.057,1
800,-0.032,0.94,0.028,1.98,-0.087,0.37,1
801,0.682,0.5,0.874,1.22,-1.052,-0.289,0
802,-0.478,1.02,0.092,0.886,0.632,-0.18,1
803,-0.087,-0.975,-0.003,1.059,1.664,-0.56,0
804,-1.192,-1.144,-0.427,0.684,-1.205,-1.084,0
805,0.089,-0.389,1.115,-1.246,0.343,-0.398,1
806,-0.714,-1.477,2.471,0.384,-0.07,0.15,0
807,0.235,1.378,-0.028,1.396,0.689,-0.618,0
808,0.835,-0.427,1.347,-0.712,-0.871,1.517,1
809,0.05,-0.123,0.288,0.175,1.438,0.525,1
810,-0.44,-0.582,0.039,2.177,0.438,-0.775,0
811,-1.313,-0.281,-0.349,0.609,0.536,0.42,1
812,-1.014,0.31,-0.267,0.435,-0.592,-0.155,1
813,0.042,1.167,-0.802,0.011,1.071,0.883,0
814,1.259,-1.783,-1.048,0.956,-0.954,-1.12,0
815,-0.618,1.211,-1.899,-0.068,1.859,-0.946,0
816,0.813,-0.963,-0.434,-1.905,-0.355,-1.367,1
817,-0.25,-0.519,0.524,0.506,1.18,-2.24,1
818,0.608,-1.32,-0.474,0.333,-0.778,-0.323,1
819,0.778,1.112,-0.023,2.463,0.13,0.392,0
820,-0.11,1.733,2.121,-0.191,-0.393,-2.418,0
821,-1.3,1.264,1.764,-0.105,-0.375,2.246,0
822,0.313,0.275,2.312,0.399,1.456,-1.388,1
823,1.775,-1.103,-0.613,-0.499,-1.59,-1.31,1
824,0.42,-0.375,1.154,0.209,-0.332,1.651,1
825,0.218,-0.073,-0.745,0.566,0.148,1.27,0
826,-1.267,-3.693,0.318,1.688,-0.092,1.428,1
827,-0.755,-1.287,1.292,0.667,-0.003,-0.057,0
828,-1.264,0.125,0.454,-0.91,0.84,0.683,1
829,0.236,-2.056,-0.217,-0.276,-0.541,0.153,0
830,0.683,0.234,0.494,0.744,-0.117,-0.997,1
831,-1.843,0.791,-0.34,-1.43,-0.34,2.066,0
832,0.332,-0.21,1.759,0.113,0.805,-0.975,1
833,0.294,0.83,0.412,0.828,0.345,-1.732,0
834,0.072,-0.244,-1.081,-0.103,-0.406,0.104,0
835,-0.644,0.756,1.523,-0.076,-1.05,1.029,0
836,-0.668,-1.399,-0.405,-0.259,1.091,-0.106,1
837,-0.644,-0.161,-1.784,1.24,-0.288,0.63,0
838,0.132,0.724,-3.459,-0.932,-1.071,0.378,0
839,-0.56,0.197,-0.64,1.438,0.33,0.931,0
840,-0.116,-1.305,0.026,0.2,0.553,-0.444,1
841,1.505,0.211,0.522,-0.304,-2.724,-0.168,0
842,1.934,-0.217,-0.727,-1.625,0.649,-0.27,1
843,1.06,-0.601,-0.692,-0.79,1.191,-1.271,1
844,0.018,-1.164,-1.221,-1.107,0.142,0.276,1
845,0.621,1.274,0.234,-0.892,1.435,1.359,0
846,-0.662,0.198,-0.413,-0.376,0.848,0.273,1
847,0.64,-0.236,1.818,0.058,-0.163,0.909,0
848,0.281,1.586,1.605,2.441,2.544,0.066,0
849,-1.728,-0.08,0.474,0.404,-0.469,-0.969,0
850,0.599,-0.035,-0.267,0.603,1.076,0.436,0
851,-1.014,1.867,0.931,1.114,-0.933,-1.392,0
852,0.748,0.468,1.12,0.345,2.739,1.682,1
853,-1.39,0.256,-1.223,0.751,-0.258,-0.567,0
854,1.493,0.877,-0.171,-1.507,0.386,-0.525,1
855,0.383,-0.807,-0.186,-0.572,-1.123,0.103,0
856,2.197,1.524,-0.212,0.472,-0.754,0.097,1
857,1.94,-0.764,0.625,0.876,-0.772,-0.568,1
858,-0.105,0.896,-1.575,0.39,0.835,-0.721,1
859,0.551,-0.377,-0.109,-0.608,-0.031,0.268,1
860,0.502,-0.259,-0.762,0.509,-1.056,-1.049,0
861,-1.161,-0.753,0.356,0.441,1.18,-0.838,1
862,0.313,-1.631,0.989,0.07,0.582,-0.729,0
863,1.169,1.017,-0.252,-1.771,-1.052,1.58,1
864,-1.969,-1.261,0.069,0.364,0.106,-1.4,1
865,-0.554,-0.603,0.06,0.667,2.287,-0.929,1
866,-1.076,-0.209,-0.386,-1.598,0.036,-0.992,1
867,0.853,-0.202,-0.314,1.191,-1.923,0.778,1
868,-1.093,0.242,0.124,-0.073,-0.001,-0.299,0
869,1.101,0.165,0.774,0.679,1.719,1.008,0
870,0.629,0.632,-0.71,-1.79,-2.4,-0.38,0
871,-0.275,1.233,-0.284,-0.635,-0.755,1.283,0
872,0.6,-2.181,1.93,-0.862,-0.08,1.66,1
873,-1.63,0.563,-0.018,0.49,-0.963,-0.003,0
874,-0.615,-0.23,-0.631,1.14,1.097,0.41,1
875,0.571,-0.648,1.012,1.654,1.474,1.727,1
876,-0.177,0.498,0.056,0.469,0.36,1.022,1
877,-0.224,-1.513,-0.083,2.488,0.522,-0.294,0
878,0.663,1.242,-1.25,-0.42,-2.494,0.063,0
879,1.016,0.35,-0.092,-1.534,-1.345,0.618,0
880,-0.047,0.07,0.13,0.217,0.486,1.11,1
881,-0.513,1.816,0.837,0.389,-1.0,-0.369,0
882,-1.216,-1.474,-0.74,0.067,1.017,-1.169,0
883,-0.373,-0.087,0.453,0.228,-0.21,-0.947,0
884,0.218,-0.736,0.075,-0.06,-1.422,0.493,0
885,-0.908,1.266,-0.543,0.65,1.195,-0.181,1
886,0.406,0.463,0.298,0.187,-0.595,-0.883,0
887,1.138,0.191,-0.561,-0.083,0.16,-0.153,0
888,-0.741,0.197,-0.202,-0.204,1.75,-0.5,1
889,0.558,0.394,0.359,-2.321,1.848,-1.163,1
890,0.204,-1.78,-1.189,-0.316,1.489,2.125,1
891,-0.177,-1.34,0.204,-1.897,-0.984,-1.402,1
892,-0.518,-1.299,0.761,-0.555,-0.224,1.798,1
893,-1.447,-0.721,0.275,-0.066,1.726,-1.427,1
894,-0.365,0.135,-3.105,1.385,0.103,-0.032,0
895,0.251,-1.464,0.552,-0.552,-0.655,-0.98,1
896,-1.602,0.784,0.599,-0.207,0.575,-0.151,1
897,0.245,-0.52,-0.938,-0.441,-2.918,1.353,0
898,-0.046,0.973,-1.407,1.361,1.153,0.061,0
899,-0.26,0.692,-0.017,0.638,0.929,-1.237,0
900,0.482,0.304,0.907,1.077,0.712,-1.985,1
901,1.557,-0.537,-1.542,0.559,-0.24,0.562,1
902,-0.478,-0.167,0.206,1.238,0.117,0.613,0
903,-0.077,0.485,1.157,-1.711,-1.086,-0.318,0
904,-2.341,-1.6,-1.663,-1.612,-0.888,1.558,1
905,-0.78,0.539,1.202,0.497,-0.621,0.325,0
906,0.884,-0.346,-1.481,0.02,1.412,-2.29,1
907,1.283,0.037,0.547,-0.983,0.258,-1.166,1
908,0.448,-1.131,1.452,0.983,1.951,-0.774,0
909,-1.083,1.028,-1.225,-0.642,-0.547,-0.721,1
910,-0.643,-0.46,1.969,0.044,1.043,-0.259,1
911,0.23,0.155,0.532,-2.655,0.549,1.281,1
912,0.259,0.009,-1.109,0.175,0.663,0.791,0
913,-0.419,1.086,1.831,0.157,-0.008,-0.516,0
914,2.02,-0.831,-0.691,-0.455,1.194,-0.054,0
915,-0.367,-0.498,0.908,0.022,-0.535,1.34,0
916,-0.115,0.945,-0.112,-0.561,-1.201,0.17,1
917,-0.834,-0.295,0.952,-0.467,-0.471,-0.272,1
918,-1.131,-0.053,1.738,0.634,-2.149,-0.902,0
919,1.351,-1.238,-1.59,-1.522,-0.089,-1.496,1
920,-0.281,-0.349,0.466,0.116,-1.126,0.166,0
921,0.773,-1.09,-1.548,-1.14,-0.179,0.601,1
922,-0.405,-0.351,0.631,1.432,-1.286,0.828,0
923,0.248,0.996,-1.027,-0.202,-0.937,-0.891,1
924,0.044,-0.936,-0.468,1.392,-0.773,-0.343,0
925,0.128,-1.966,-0.458,0.577,-0.953,0.123,0
926,0.707,-0.869,-0.245,-1.733,-0.078,-2.157,1
927,2.377,-0.644,2.726,-0.805,-0.963,1.26,1
928,-0.438,-0.18,0.924,0.454,-1.153,0.319,0
929,1.712,-0.886,0.112,-0.948,-0.593,0.277,1
930,2.483,-0.234,-0.591,0.359,0.257,1.786,0
931,-0.443,-0.843,0.436,-1.974,0.341,0.093,1
932,0.154,-0.371,-1.54,-1.181,-0.42,0.952,1
933,0.485,-1.638,1.688,-0.768,-0.469,-0.112,1
934,1.106,-1.256,-1.404,1.957,-0.22,-1.05,0
935,-1.192,0.54,1.428,0.688,-0.873,-1.492,0
936,2.323,-1.266,-0.534,-0.294,-1.705,0.627,1
937,0.309,-0.544,0.068,-0.931,0.503,0.895,1
938,0.154,-0.326,0.311,0.173,-0.171,-0.971,0
939,-0.717,0.396,1.932,0.622,0.283,-1.093,0
940,-1.165,-2.043,0.197,0.67,0.314,1.959,1
941,0.044,0.125,0.277,0.542,0.238,0.567,1
942,0.212,0.829,-1.598,-0.011,-1.198,-0.953,0
943,0.938,-0.5,1.769,-1.15,0.37,1.649,0
944,-1.065,-0.034,-0.842,-0.348,0.657,1.223,0
945,-0.299,-0.477,1.089,-2.23,1.699,-0.215,1
946,0.025,0.492,-0.394,-0.527,0.711,-0.9,1
947,1.343,2.599,-0.156,-1.547,1.63,-0.727,1
948,-1.754,0.625,0.195,-0.529,0.733,1.684,1
949,0.355,-1.1,-1.191,-1.18,1.959,0.811,1
950,0.548,-0.493,1.038,0.727,1.347,0.771,0
951,0.471,-0.572,0.446,-1.511,0.22,0.871,1
952,-0.822,-1.583,1.682,-0.539,0.787,1.26,1
953,-0.573,0.332,-0.974,0.74,0.399,0.052,0
954,0.213,1.192,1.777,0.776,-0.066,2.025,0
955,0.054,-0.909,-0.302,-0.277,-1.146,-2.025,1
956,0.15,0.085,-0.785,-1.085,-0.648,-1.06,1
957,-0.982,-0.448,-1.041,0.756,-1.471,-1.362,0
958,-2.072,-0.009,1.414,2.054,-0.568,0.571,0
959,0.111,0.088,-1.043,-1.291,0.654,-1.196,1
960,0.589,-1.296,-1.33,-1.133,0.572,-0.558,1
961,0.172,0.042,-0.874,1.045,-1.674,0.575,1
962,0.968,0.374,0.076,0.388,-0.055,-0.067,0
963,-1.411,-0.405,-0.883,0.06,1.025,0.059,0
964,0.086,1.029,1.434,0.067,-1.993,0.79,1
965,0.296,-0.658,0.74,-0.104,0.145,-0.488,0
966,-1.599,-0.465,-1.748,0.091,-0.619,-0.478,0
967,-1.165,0.216,0.029,-1.034,0.466,0.317,1
968,-0.018,1.563,-0.714,-2.232,0.178,1.175,1
969,-0.294,0.83,-1.118,1.742,-0.416,0.357,0
970,1.747,1.367,0.727,0.687,-0.852,0.132,1
971,0.02,0.941,0.516,-0.041,-0.672,0.304,1
972,-2.262,-0.626,-0.23,-0.084,-0.412,-0.916,0
973,1.701,-0.501,0.123,1.414,0.304,-0.888,1
974,-1.115,-0.47,-0.52,0.993,-0.644,-0.419,1
975,1.498,-1.31,-0.627,-0.218,-1.584,0.448,1
976,0.66,-0.525,-1.109,0.278,-0.51,0.26,0
977,0.416,-0.511,-0.562,-0.939,1.283,-0.388,1
978,-2.426,-0.667,-0.561,0.499,-1.282,-0.087,0
979,0.051,-3.062,0.155,0.27,1.037,0.076,0
980,-1.317,-1.701,-1.652,-0.265,-0.754,-1.584,1
981,-0.223,1.682,0.585,2.289,1.868,-0.024,0
982,-0.786,0.03,-0.895,-0.599,1.173,1.216,1
983,0.458,-0.426,1.375,1.116,-1.019,1.415,1
984,-0.441,0.438,0.639,-1.225,0.693,0.167,1
985,-1.013,-0.38,0.446,0.546,0.226,-0.714,0
986,1.205,-1.643,0.625,-1.121,-3.248,0.091,0
987,-0.162,0.388,-0.985,0.088,-0.502,0.97,0
988,0.667,1.327,-1.7,-1.035,-0.168,0.155,1
989,1.578,-0.065,-1.153,0.978,-0.267,-1.91,0
990,1.25,-1.77,-0.147,-0.333,-0.024,-0.357,1
991,-0.216,-0.179,1.018,0.146,-2.287,-1.362,0
992,-0.92,0.515,-0.133,-0.034,-0.766,0.011,1
993,0.545,-1.785,0.184,0.582,-0.361,0.479,1
994,-1.385,-0.441,-1.032,-0.155,0.23,-1.64,1
995,-1.271,0.742,0.59,-0.139,-0.705,-1.17,0
996,2.581,0.443,0.393,1.375,0.361,-0.514,1
997,-0.335,-0.138,-0.298,-1.207,-0.232,0.069,1
998,0.814,-0.237,-0.585,-1.275,0.568,0.741,1
999,-0.589,-0.567,2.283,0.057,0.18,0.477,0
1000,-0.007,-2.765,-0.374,0.81,2.042,0.344,1
1001,-0.64,2.918,0.664,0.683,-1.696,0.037,0
1002,-0.919,0.161,0.48,0.536,-1.431,-0.187,0
1003,0.604,1.296,0.089,-0.727,1.07,-1.618,1
1004,-1.004,-0.749,-0.136,-0.584,-0.742,-0.622,1
1005,-1.588,-1.134,-1.362,-0.262,0.138,0.389,1
1006,-1.702,-2.183,-0.604,0.526,0.316,-0.159,0
1007,-0.978,0.848,-0.748,2.143,0.293,1.842,0
1008,-0.524,-0.042,0.405,-0.594,-0.039,1.753,1
1009,0.549,0.011,-0.531,0.202,-1.107,-1.188,0
1010,-0.76,-0.013,-1.104,-1.336,0.589,-1.889,1
1011,-0.738,-0.078,-1.609,1.31,-0.214,2.108,1
1012,1.129,-0.51,-1.452,-1.105,-0.737,-0.227,1
1013,0.475,1.135,-2.23,1.615,0.993,-0.724,0
1014,0.382,0.152,-1.226,-0.976,0.766,-0.43,1
1015,0.004,-1.853,-1.369,-0.855,-0.414,-0.156,1
1016,-0.317,1.383,-1.639,0.054,0.954,-0.172,0
1017,0.232,0.055,0.455,-0.014,-0.394,1.319,0
1018,2.234,1.309,1.375,-1.331,0.348,0.302,0
1019,0.577,0.961,-0.906,-1.135,-1.749,0.79,1
1020,-3.433,-0.471,-0.587,-0.815,0.733,-0.352,1
1021,-1.091,0.012,1.099,-0.112,-1.003,0.203,0
1022,0.077,0.491,2.958,-0.308,0.141,0.966,0
1023,-0.975,-1.371,-1.071,0.552,0.991,-0.165,0
1024,-0.542,0.074,0.343,-0.971,0.713,-0.64,1
1025,1.745,-0.417,-0.324,0.769,-0.079,-0.515,0
1026,0.255,0.499,1.312,-0.119,-1.063,0.587,0
1027,0.933,-0.936,0.736,-1.061,2.276,1.415,1
1028,-0.055,1.734,0.004,-2.223,-0.684,-1.23,1
1029,-0.543,-1.734,0.789,-0.347,1.103,0.763,1
1030,-0.798,-0.384,1.588,-1.38,0.363,1.683,0
1031,-0.3,-0.06,1.815,0.808,0.74,1.145,0
1032,-0.403,-1.276,-1.48,-0.303,1.687,-1.67,1
1033,-0.716,-1.617,0.058,-1.539,-1.379,-1.012,0
1034,1.213,-0.965,0.252,-2.571,0.147,-0.347,1
1035,-0.684,-0.153,-0.605,0.004,-0.871,-0.67,0
1036,-0.421,-0.29,0.342,0.255,0.75,0.21,0
1037,-1.747,-0.106,-0.665,0.813,1.061,0.78,1
1038,0.505,0.384,-0.61,-0.089,0.165,-0.879,1
1039,-0.357,-0.697,1.209,1.197,-1.323,-0.728,0
1040,-0.691,0.456,0.303,0.143,-0.0,-0.585,1
1041,-1.855,0.665,-1.431,-0.469,1.134,1.689,1
1042,-0.181,1.385,1.336,-0.243,-0.653,2.421,0
1043,-0.226,0.633,0.401,0.937,0.407,-1.21,0
1044,-0.162,-0.242,1.632,0.708,-1.294,-0.616,0
1045,-0.871,0.873,-0.926,0.937,0.337,-0.143,0
1046,0.646,0.368,-0.568,0.242,0.571,0.787,1
1047,-0.397,-0.645,-0.795,-1.691,0.785,0.674,1
1048,-0.588,-0.312,-0.509,-0.034,0.01,-1.327,1
1049,0.665,-0.284,1.584,-1.349,0.194,1.381,0
1050,-0.871,-0.804,-0.687,0.099,1.037,-0.323,1
1051,-0.529,-0.354,0.943,1.076,-0.578,-1.249,0
1052,0.575,-0.255,0.545,0.352,-0.544,-0.024,1
1053,-0.327,0.336,-0.932,-1.382,-0.94,1.079,1
1054,0.061,0.011,0.16,0.001,-0.364,0.184,0
1055,0.502,-0.162,-0.691,-0.338,-2.253,0.92,0
1056,-0.38,-0.573,-0.467,-1.31,-1.193,-0.635,1
1057,0.301,-0.352,-0.085,0.126,2.511,-1.426,1
1058,-0.951,-0.604,0.785,0.222,-0.683,1.058,1
1059,0.274,-0.774,-0.24,0.065,0.979,0.414,1
1060,1.535,0.356,-0.987,-0.518,1.054,-0.67,1
1061,0.838,-2.477,-2.115,-1.196,-1.009,0.587,1
1062,1.791,-1.772,1.835,-1.634,-1.45,2.173,0
1063,-0.186,0.893,2.143,1.601,-2.749,0.769,0
1064,0.568,-1.147,-0.264,-2.206,-0.352,0.763,1
1065,-1.298,1.214,0.683,-0.689,-0.387,0.062,0
1066,1.745,0.501,0.872,-0.768,2.189,-1.626,0
1067,-1.018,-0.918,0.349,-0.151,0.838,0.076,1
1068,-1.18,-3.345,-1.089,-1.335,-1.322,-0.801,1
1069,0.596,-1.105,-0.863,-1.773,1.039,-1.681,1
1070,0.251,-0.564,-0.697,-0.006,-0.67,-0.372,1
1071,0.428,0.947,1.377,-0.034,0.215,0.772,1
1072,1.242,-1.211,0.326,-0.101,-1.026,1.501,0
1073,-1.89,0.123,-2.285,-1.027,-1.265,-0.53,1
1074,0.49,0.44,0.174,1.367,0.062,0.235,0
1075,-0.558,0.263,-0.366,-0.929,1.584,0.541,1
1076,-0.638,-2.488,-0.911,0.978,-1.817,1.43,0
1077,-0.048,-0.787,1.312,-1.798,0.642,0.844,1
1078,2.14,-1.389,-0.842,-1.674,0.853,1.179,1
1079,0.617,-1.149,0.948,0.592,-0.077,0.138,1
1080,-0.061,0.57,0.853,-0.344,-0.638,-0.298,0
1081,-0.262,-0.382,1.982,0.143,1.569,-1.401,1
1082,-0.709,0.642,1.492,1.708,1.407,1.382,0
1083,0.548,-0.21,0.747,-1.37,0.449,1.324,1
1084,-0.728,0.537,-0.703,-1.324,-2.376,0.619,1
1085,-0.017,1.68,0.78,1.644,0.62,-0.079,0
1086,-0.573,-0.307,-0.108,0.696,-0.686,0.502,1
1087,-0.827,2.42,-0.438,0.124,-1.71,1.622,0
1088,0.293,-0.509,-0.382,0.54,-2.252,0.889,0
1089,-0.972,-1.287,0.226,0.037,-1.043,0.242,1
1090,-0.089,0.534,1.413,-1.127,-1.198,0.582,1
1091,0.041,-0.906,-0.356,1.469,0.923,-1.179,1
1092,1.295,0.625,-1.616,-0.211,1.534,1.076,1
1093,0.398,0.809,0.945,-0.979,-1.724,-0.738,0
1094,-0.157,0.545,-0.086,0.346,-0.857,0.429,0
1095,-2.701,-0.825,-1.553,1.314,0.107,-1.066,0
1096,0.719,0.087,0.628,1.023,0.461,-0.577,0
1097,0.179,-0.97,1.506,1.673,-0.222,1.009,0
1098,0.574,-0.383,-1.321,-0.595,-1.48,-0.663,1
1099,-0.495,-0.382,-0.051,-1.134,-2.426,-0.345,0
1100,0.001,0.578,0.158,-1.619,0.906,0.094,1
1101,-0.419,-0.717,-0.427,1.489,0.074,0.554,0
1102,-0.911,1.626,-0.336,0.369,1.305,0.028,0
1103,-0.893,0.06,0.365,2.121,-0.147,1.089,0
1104,-0.783,1.158,-1.276,-0.156,0.733,0.203,0
1105,0.487,-0.434,0.048,0.379,1.324,-1.831,0
1106,-0.765,0.058,0.267,0.921,0.95,1.741,0
1107,-1.155,-0.272,0.048,0.528,0.099,-0.363,0
1108,1.235,0.38,-0.667,1.361,0.075,1.684,0
1109,0.422,1.165,-0.853,-1.233,0.464,1.165,1
1110,0.025,-0.841,-1.019,-0.275,-0.555,-0.545,1
1111,1.03,1.622,-0.108,-0.58,-2.523,1.357,1
1112,-1.044,-1.242,0.027,1.707,-0.192,5.069,0
1113,-1.483,0.628,0.472,1.103,-0.945,1.305,0
1114,0.819,0.526,-0.544,-1.133,-2.864,-2.407,1
1115,1.193,0.116,-0.483,-1.325,-0.777,0.45,1
1116,-0.663,0.732,0.231,0.452,0.242,0.262,0
1117,-0.608,1.111,0.766,-1.205,1.327,0.833,1
1118,-0.284,0.947,1.591,-0.067,0.134,-0.441,0
1119,0.133,-0.072,1.629,-0.129,-1.249,-0.307,0
1120,-0.757,-1.367,-0.667,0.799,0.074,-2.395,0
1121,0.644,-0.661,-1.667,-2.967,0.84,-0.875,1
1122,1.613,1.305,0.778,-0.578,0.856,-0.301,1
1123,0.738,-1.275,0.025,-0.379,-2.038,1.347,1
1124,-0.249,0.9,0.395,-0.038,-1.384,1.018,1
1125,-0.152,-0.728,0.324,-1.075,-0.636,-0.595,0
1126,0.491,-1.293,0.662,0.62,-0.29,0.899,1
1127,0.685,-0.567,0.892,-0.869,0.401,1.684,1
1128,0.527,-0.749,1.526,0.554,0.301,0.525,1
1129,0.934,-0.424,-1.049,1.407,-0.462,-1.045,1
1130,0.036,1.432,-0.066,0.059,-0.206,-0.13,0
1131,1.702,-0.593,1.417,0.899,-0.315,-0.269,0
1132,0.959,2.034,0.034,-1.401,-0.765,-0.269,0
1133,-0.865,1.073,-0.932,-0.301,1.694,0.877,0
1134,1.814,0.444,0.204,1.446,0.07,0.096,0
1135,1.187,0.877,-0.309,-1.312,-1.058,0.149,1
1136,-0.637,-0.197,-0.81,-0.643,0.89,0.427,1
1137,-1.694,-0.925,-1.402,-0.194,0.937,0.676,1
1138,0.82,0.088,-0.048,2.587,0.348,1.515,0
1139,-1.162,-0.61,-0.09,0.825,-0.971,-1.094,0
1140,-1.131,0.736,-0.592,0.553,-0.341,0.674,0
1141,1.371,-1.201,-0.344,-0.655,-0.309,1.487,0
1142,2.482,0.96,0.043,-0.726,-0.34,-0.167,0
1143,0.036,-0.236,-0.86,-1.176,0.784,0.43,1
1144,-0.198,-0.467,0.389,-0.999,0.265,0.093,1
1145,0.903,-0.054,1.082,0.812,1.399,0.338,0
1146,0.303,0.037,-0.237,-1.432,0.43,0.261,0
1147,-0.273,-0.564,-0.515,-2.047,0.419,0.621,1
1148,1.063,-2.643,2.122,-0.821,0.207,-0.052,1
1149,0.045,-1.37,-0.069,-1.485,0.972,-2.735,1
1150,0.777,-0.594,1.496,-1.132,-0.814,-0.064,1
1151,0.66,0.442,0.918,0.854,0.013,-0.417,0
1152,0.856,0.24,0.112,0.683,-2.128,0.33,1
1153,-0.094,1.455,0.144,0.242,1.698,-0.944,1
1154,1.45,0.316,-2.012,-0.862,-0.227,-1.215,1
1155,-1.521,0.617,-0.376,0.058,0.601,-2.374,0
1156,0.001,-3.02,-0.336,-1.286,-1.497,-1.836,1
1157,-0.186,0.544,-0.912,-1.404,0.967,0.889,1
1158,1.108,0.928,-0.173,0.839,1.17,-0.923,0
1159,-0.886,0.285,0.206,-0.785,0.614,-1.979,1
1160,-0.181,0.177,-0.754,-0.872,-0.104,-0.512,1
1161,0.76,-1.917,0.574,-0.952,-0.172,-0.783,1
1162,0.943,1.048,0.151,0.019,0.194,-0.193,1
1163,0.745,0.207,1.788,0.522,1.517,-0.004,1
1164,0.243,1.891,0.2,2.228,-0.217,1.357,0
1165,1.284,1.159,-1.546,0.119,0.345,-1.271,1
1166,-0.158,0.462,1.107,0.976,-0.061,0.017,0
1167,-0.43,-0.677,3.276,0.773,-1.946,-0.931,0
1168,-0.97,-1.176,0.73,-0.238,-0.241,0.142,1
1169,0.316,0.48,-0.89,1.218,1.462,-0.273,1
1170,0.385,0.501,0.653,0.911,-0.487,1.196,0
1171,2.237,-0.248,0.063,0.539,0.56,0.991,1
1172,-0.567,-1.077,0.174,0.129,-1.75,-0.274,0
1173,-1.051,0.726,0.818,0.925,-1.712,0.81,0
1174,-0.064,0.647,0.773,-1.552,1.441,-0.14,1
1175,0.473,0.913,2.46,-0.637,1.523,-1.665,1
1176,0.185,0.143,-0.04,0.405,-2.102,1.645,0
1177,-0.943,0.557,-2.362,-0.859,0.09,1.46,0
1178,-0.708,1.289,0.834,2.686,1.265,1.772,0
1179,0.558,-0.565,-0.38,0.54,-0.489,-1.336,1
1180,0.427,0.507,-0.053,-1.204,0.228,-1.078,1
1181,0.21,0.335,1.39,1.396,0.659,0.69,0
1182,0.809,-0.39,-0.97,1.828,2.017,0.132,0
1183,-0.662,-0.079,0.727,0.295,1.501,0.321,1
1184,-1.365,0.279,0.019,-0.554,1.56,-0.3,1
1185,-0.608,-0.613,-1.085,1.174,-0.643,2.257,0
1186,1.662,-0.249,1.048,-0.035,1.738,-1.484,1
1187,-0.092,-0.367,-1.058,-0.291,-1.65,0.886,0
1188,-0.31,-0.495,-0.468,-0.38,0.4,0.744,1
1189,-0.545,-0.613,0.917,-0.739,1.358,1.646,0
1190,-0.592,-0.711,-1.098,-1.039,-0.034,0.247,1
1191,-0.853,-0.851,0.891,1.342,1.823,0.19,0
1192,-0.88,-0.694,-0.245,-0.583,-0.736,-1.663,0
1193,-1.225,-0.929,0.167,0.657,0.608,-0.49,0
1194,0.697,-1.815,-0.242,0.113,-1.486,0.28,0
1195,1.873,1.183,-0.632,-0.716,0.715,1.209,1
1196,1.565,-0.331,-1.446,0.349,-1.186,1.419,1
1197,-0.936,-1.908,1.375,0.9,2.209,-0.149,1
1198,-0.697,-0.333,-0.728,-0.344,-0.006,0.471,1
1199,-0.989,0.739,0.234,-2.011,1.038,-0.737,1
1200,-1.654,0.781,0.551,-0.009,-0.417,0.946,0
1201,0.413,-0.305,-0.745,-0.209,-0.196,-0.355,0
1202,-0.33,-1.623,0.542,0.166,-0.635,0.183,1
1203,-2.025,-0.331,-1.445,-0.217,0.77,0.583,1
1204,0.154,-1.021,-0.207,0.219,-0.389,-0.496,0
1205,-1.326,0.198,0.713,0.457,0.64,1.587,1
1206,0.955,-0.392,-0.73,-0.071,-0.102,-0.808,0
1207,0.614,1.402,0.248,-0.565,-1.18,0.664,0
1208,0.03,2.215,-0.337,0.274,0.364,0.364,0
1209,0.618,-0.41,1.807,-0.451,-0.586,0.481,1
1210,0.084,-1.124,-2.426,-0.659,-2.32,-1.068,0
1211,-0.919,-0.238,-1.328,-0.135,-1.619,-0.489,1
1212,-0.559,0.768,-0.58,0.466,-0.71,-1.176,0
1213,-0.7,0.667,0.002,-0.301,-0.12,-0.159,0
1214,-1.334,-0.305,0.42,-0.197,-0.545,-1.232,1
1215,0.268,0.052,-2.626,0.813,0.026,1.046,1
1216,0.374,-1.028,0.885,0.228,-0.566,0.048,0
1217,0.491,0.616,-0.934,-0.728,0.347,0.342,1
1218,-1.05,0.304,1.131,-0.822,0.205,0.413,1
1219,0.715,0.936,0.174,-0.466,0.09,-0.04,1
1220,0.487,-0.324,-0.48,0.655,0.673,1.687,0
1221,-1.158,0.197,-0.743,1.258,0.288,1.031,1
1222,-0.057,-1.093,-2.333,0.412,0.479,-0.311,1
1223,1.703,-0.761,-0.329,0.343,0.479,-0.114,1
1224,-0.58,-0.584,-0.694,-0.462,1.107,-0.049,1
1225,1.976,1.597,0.655,0.197,0.72,-0.25,1
1226,-0.728,-0.358,-2.738,0.135,-1.179,-0.107,0
1227,0.618,-0.334,-1.502,-0.164,-3.124,-0.122,1
1228,-0.093,-0.653,-0.0,-0.1,1.337,0.289,0
1229,-1.082,0.796,-0.162,-0.362,-0.038,-0.269,0
1230,1.948,-1.646,1.77,0.182,0.943,0.047,1
1231,-0.693,-0.623,1.15,0.194,0.322,-0.056,1
1232,-0.885,-0.619,0.408,-0.918,-1.971,-0.467,1
1233,-1.52,-0.822,-0.661,0.314,-0.059,-0.293,1
1234,-1.949,1.21,0.746,-0.109,-0.346,-0.869,0
1235,-0.007,1.244,-1.89,0.609,-0.148,2.053,1
1236,0.748,1.082,-1.58,-0.925,-0.044,0.59,1
1237,1.065,1.146,0.671,0.91,-1.025,-1.913,0
1238,-0.938,-0.816,-0.944,0.244,-0.793,0.564,1
1239,1.219,-0.842,-1.148,1.898,1.077,-1.246,0
1240,1.798,0.827,1.252,-0.872,1.462,-2.348,1
1241,-0.24,-0.324,1.446,1.566,0.543,2.205,0
1242,0.809,0.725,-0.527,-0.96,0.928,0.893,1
1243,-1.286,-1.059,0.232,-0.742,-1.692,-1.72,1
1244,0.254,0.416,0.033,-1.863,-1.424,0.855,1
1245,-0.785,0.62,0.926,-1.64,1.341,0.744,1
1246,-0.736,0.299,-0.342,0.924,-0.798,0.24,0
1247,-1.157,1.76,-0.266,0.418,1.149,0.83,0
1248,-0.915,-0.695,0.797,0.655,-0.537,-0.227,0
1249,1.01,-0.675,1.413,-0.124,-0.119,1.176,0
1250,2.002,-0.47,1.561,-0.488,-1.92,-0.798,0
1251,0.337,-1.347,0.352,0.423,1.67,0.793,1
1252,0.116,-2.164,-1.302,0.278,-0.198,-0.15,1
1253,0.033,-0.078,0.259,-0.286,-0.597,0.939,0
1254,1.448,-0.532,0.75,-1.333,0.603,-1.949,0
1255,-0.119,-1.778,-0.446,-0.035,0.172,0.656,1
1256,0.77,-0.398,-1.408,2.521,-0.156,-1.15,0
1257,0.001,0.471,-0.508,-0.98,-0.424,0.473,0
1258,0.264,-0.468,-0.996,-0.364,0.395,0.196,1
1259,0.273,0.403,-1.268,0.623,0.121,-1.108,1
1260,-1.274,0.229,1.214,-0.051,-1.423,0.172,0
1261,-0.053,-0.048,0.582,-1.586,-0.081,1.11,0
1262,-0.56,-0.606,0.446,0.383,0.75,0.726,0
1263,-1.148,-1.283,0.273,-0.546,-0.293,-0.628,1
1264,1.058,1.254,-1.651,-1.951,0.989,0.185,1
1265,1.918,-0.882,-0.167,0.721,-1.321,0.764,1
1266,-0.646,-1.495,-2.308,-0.073,0.268,0.145,0
1267,-0.133,0.404,1.668,1.357,-0.065,1.539,0
1268,0.527,-0.824,0.44,0.711,1.156,-1.183,1
1269,-1.383,0.454,0.366,-0.376,-0.023,-0.204,1
1270,-0.732,0.256,-1.086,0.732,0.673,-1.354,0
1271,-0.322,0.656,0.196,-1.624,-0.754,0.041,0
1272,0.064,-0.339,0.962,0.852,0.173,0.863,1
1273,-0.285,-0.818,0.611,0.292,1.034,0.041,1
1274,-0.775,-2.835,-1.296,-0.56,-0.884,-0.567,1
1275,0.16,2.031,-0.511,0.648,-1.042,0.146,0
1276,0.572,-0.056,-0.341,1.62,-0.507,1.728,0
1277,-1.197,-0.033,-1.401,0.045,-1.087,-0.24,1
1278,-1.934,-0.767,-0.171,-1.704,0.175,1.112,1
1279,1.179,-1.581,-0.3,1.296,0.796,2.027,1
1280,-1.861,-2.283,0.124,0.75,0.451,-0.109,1
1281,3.256,0.209,0.288,-0.366,0.375,1.016,1
1282,0.404,0.547,-1.052,1.678,1.005,-0.35,0
1283,-1.449,1.974,-0.482,0.789,-1.329,-2.253,0
1284,1.153,0.934,0.179,0.387,-1.155,1.124,0
1285,0.575,-0.714,-0.967,0.857,0.857,0.597,1
1286,-0.49,2.863,0.911,1.321,0.479,0.671,0
1287,0.459,-0.758,0.795,1.055,1.254,2.052,0
1288,-1.358,-0.06,-0.526,-0.475,0.635,1.864,0
1289,-1.329,0.878,0.853,0.141,1.576,-1.036,0
1290,-0.29,0.067,-0.061,-0.656,1.285,-0.357,0
1291,-1.058,-0.429,1.396,-0.104,-0.539,-0.666,0
1292,-1.168,-0.3,1.143,0.866,0.095,0.107,0
1293,-0.759,-0.701,-0.541,0.827,0.984,0.451,1
1294,0.595,1.516,-0.209,-1.095,0.644,0.796,1
1295,1.173,-0.368,0.041,-0.021,1.636,-0.572,1
1296,0.259,0.918,-0.144,-0.883,-2.637,0.487,0
1297,-0.911,-0.995,-0.743,-1.729,-1.949,2.704,0
1298,0.12,0.66,1.428,-0.342,-1.795,-0.374,0
1299,0.25,-0.008,-1.454,-0.408,0.01,0.327,0
1300,-0.815,2.459,-0.011,0.333,0.457,-1.17,0
1301,-0.547,1.121,-0.22,0.954,-1.893,2.366,0
1302,0.256,-0.929,0.511,-0.886,-0.631,-1.345,1
1303,1.216,-0.694,1.849,0.245,-1.495,0.279,0
1304,0.189,0.475,-0.447,1.085,-2.177,1.079,0
1305,-1.107,0.525,0.997,0.369,0.84,1.12,0
1306,0.085,1.342,-0.267,-1.673,-0.221,-0.483,1
1307,-0.265,0.815,0.792,0.29,0.814,-1.726,0
1308,-0.344,-0.808,-0.381,-0.634,-0.353,-1.283,1
1309,1.662,-0.678,1.606,-2.311,0.701,-0.606,1
1310,-1.61,-2.055,0.098,1.002,-0.864,-0.167,0
1311,1.183,0.55,1.899,1.133,0.825,1.626,0
1312,-0.881,0.478,0.176,0.775,-1.522,-0.159,0
1313,0.806,0.94,1.485,0.725,-1.215,-0.853,0
1314,1.063,-0.972,-0.204,-0.279,2.091,-0.088,1
1315,-0.175,0.856,0.475,-0.163,-1.701,0.705,0
1316,-0.049,-1.406,-0.438,0.405,-0.505,-0.361,1
1317,0.721,0.521,1.212,0.577,-0.652,0.739,1
1318,0.473,0.681,1.323,0.44,-1.756,-3.104,0
1319,0.829,-1.217,-0.287,-1.169,0.265,-0.582,1
1320,-1.211,-0.966,-0.874,-0.517,-0.787,-1.471,1
1321,1.571,0.773,-0.35,-0.117,0.046,0.405,1
1322,-0.353,-0.358,1.739,0.132,-0.927,-2.531,0
1323,-1.403,0.373,-1.947,-1.424,0.03,1.027,0
1324,0.519,-1.475,0.245,-0.804,-0.632,-0.073,1
1325,-0.68,0.043,-0.458,-0.455,0.544,1.557,1
1326,-0.103,1.078,-0.278,-1.011,0.966,-1.23,1
1327,-1.087,0.134,-0.59,1.5,0.056,-0.693,0
1328,1.055,-0.492,-1.316,-1.497,-1.082,0.742,1
1329,-1.603,-1.212,2.14,0.478,0.642,1.602,1
1330,-0.733,-0.47,0.062,-0.163,0.012,0.16,1
1331,-1.109,0.468,0.708,1.273,-0.993,-1.445,0
1332,-0.808,0.555,0.736,0.366,-1.57,0.427,1
1333,1.37,0.839,-0.359,-1.378,0.34,-0.83,1
1334,0.064,1.081,-2.106,-1.229,0.178,0.988,1
1335,-0.227,0.916,-1.15,-0.77,-0.491,-1.322,0
1336,0.958,-0.971,-0.825,0.081,1.728,0.851,1
1337,-1.25,-1.007,-0.419,0.876,0.568,-0.422,1
1338,-1.442,-0.817,-0.622,-1.999,-0.052,-2.554,1
1339,1.465,0.589,-0.268,-0.155,0.9,-1.161,1
1340,1.46,0.625,-0.266,0.023,1.792,0.309,0
1341,-1.354,1.175,-0.14,0.412,-0.378,1.384,0
1342,-0.647,0.867,1.194,-0.215,1.58,-1.12,0
1343,0.782,0.112,-0.609,-0.134,-1.746,-0.342,1
1344,0.428,0.592,0.78,-0.181,0.788,0.875,0
1345,0.283,0.41,0.491,0.407,-1.216,1.871,0
1346,0.895,0.221,1.561,1.361,0.61,-0.168,1
1347,0.065,0.235,-1.089,1.497,-1.903,-1.604,1
1348,-0.955,-0.702,-1.552,-0.895,0.035,-0.538,1
1349,0.787,0.67,-0.794,-1.049,0.832,-1.001,0
1350,-0.489,-0.313,1.751,-0.708,-0.5,-1.794,1
1351,0.167,-0.56,-1.278,1.028,-0.019,-0.6,0
1352,-0.936,0.769,-0.191,-1.66,0.985,1.157,1
1353,1.024,0.233,1.739,0.413,0.149,1.33,0
1354,2.397,0.387,1.341,-1.479,0.15,-0.269,1
1355,0.1,-2.131,-1.05,-0.159,-1.405,-0.257,0
1356,0.692,-0.984,2.134,-0.247,0.526,-0.633,1
1357,0.599,-1.377,0.455,-0.791,0.703,-0.814,1
1358,-1.56,1.637,-1.64,-1.773,-0.411,0.609,0
1359,-2.047,-0.867,-0.485,-2.513,-1.392,1.4,1
1360,0.843,0.631,0.214,0.124,0.774,0.468,1
1361,-1.138,-0.046,-2.293,-0.607,-0.37,0.071,1
1362,-0.854,1.379,-0.318,-0.752,-0.721,0.873,0
1363,-0.157,-1.856,-0.669,-0.393,-1.39,0.307,1
1364,0.542,-0.408,-0.453,0.44,2.505,-0.829,1
1365,0.617,-1.827,-0.689,0.896,0.627,0.085,0
1366,0.788,0.274,-0.085,-1.854,1.233,-0.783,1
1367,0.719,-0.199,1.611,0.1,0.584,-0.284,0
1368,-2.19,0.42,0.806,-0.42,-0.706,-0.205,1
1369,0.504,-0.512,0.345,1.755,-1.423,0.091,0
1370,0.069,0.943,0.131,0.527,0.321,-0.772,1
1371,0.317,-0.754,-0.688,-1.127,0.276,0.14,1
1372,0.432,-0.571,0.182,0.193,1.072,1.178,1
1373,-0.516,-0.476,-0.472,-1.339,0.232,0.383,1
1374,-1.369,0.971,0.693,0.142,-0.82,-0.152,1
1375,0.999,1.247,0.688,-1.657,-1.423,-1.961,1
1376,-1.492,-0.358,1.569,0.125,-0.222,-0.767,1
1377,1.31,-0.669,0.377,-0.861,0.44,1.292,1
1378,-2.026,-0.139,-0.307,-1.427,-2.883,0.376,0
1379,1.192,0.315,0.264,1.805,-0.09,1.32,0
1380,-0.878,-0.235,-0.885,1.354,-0.322,0.226,0
1381,1.044,0.291,0.043,-0.019,1.497,-1.278,1
1382,-0.399,0.793,-0.783,0.895,-1.245,-0.658,1
1383,1.105,-1.788,-1.141,-0.188,0.257,-0.877,1
1384,-2.118,-0.844,0.391,-1.02,0.138,1.363,1
1385,-0.752,0.571,0.525,-0.074,0.268,0.103,1
1386,0.471,-0.557,-0.146,-1.488,1.19,-0.244,1
1387,-0.841,-0.752,-0.629,-1.579,1.964,-0.839,1
1388,1.876,-0.283,0.11,-0.059,0.834,-0.326,1
1389,-0.147,0.044,0.399,0.875,-0.984,-0.753,1
1390,2.468,-2.011,-1.141,0.318,0.733,-0.182,1
1391,0.403,0.984,-0.408,-0.489,0.26,-0.974,1
1392,-1.728,-1.063,2.46,0.323,0.851,1.858,0
1393,0.772,-0.269,0.842,-0.771,1.494,0.11,1
1394,-0.575,0.545,-0.82,1.803,0.871,-0.056,0
1395,-0.391,-1.019,0.113,1.293,-0.386,-0.176,1
1396,-1.992,1.174,-0.346,0.584,-3.505,-0.211,0
1397,-1.457,0.042,-0.255,-0.135,1.031,-1.633,0
1398,0.189,0.143,1.088,0.612,-0.711,0.082,0
1399,0.443,0.114,0.149,-0.992,-1.001,-0.397,1
1400,-0.256,0.068,0.162,0.984,0.035,0.849,1
1401,2.4,-0.994,0.469,-0.459,0.226,-1.415,1
1402,-0.769,0.695,-0.322,-0.778,1.126,-0.588,0
1403,1.207,1.108,0.339,0.542,0.855,-0.947,1
1404,-0.079,1.443,-0.981,-1.594,0.388,0.527,0
1405,0.124,-0.841,0.878,0.476,-0.005,1.619,1
1406,-0.859,-1.541,0.046,0.708,-0.524,0.372,0
1407,-0.409,-1.639,-0.401,0.388,-0.062,0.852,1
1408,-0.328,1.107,-0.799,1.213,0.681,-0.775,0
1409,0.099,1.023,-1.294,-0.675,0.756,-0.053,1
1410,1.973,-1.472,-1.993,1.662,0.893,-1.17,0
1411,-1.005,0.528,0.771,1.658,-2.368,0.151,0
1412,0.055,-0.849,1.537,-0.735,0.463,0.991,1
1413,-1.252,0.434,0.463,1.13,-0.257,0.11,0
1414,-0.369,0.371,0.624,0.339,0.15,0.968,1
1415,-0.988,0.078,1.079,1.544,-0.026,-0.348,0
1416,-1.879,-0.123,0.432,-0.011,-0.52,0.19,0
1417,-0.623,-0.647,-1.718,-1.834,-1.651,1.573,0
1418,1.178,0.549,0.97,0.039,0.975,-2.765,1
1419,1.625,0.608,0.243,1.279,0.308,-1.679,1
1420,0.452,0.288,0.158,0.075,0.76,-0.88,0
1421,0.611,1.297,-0.127,-0.916,0.958,-1.878,1
1422,0.85,-0.406,-0.161,1.535,-0.669,0.02,1
1423,0.749,-0.109,-0.159,0.237,-0.897,1.118,0
1424,-0.354,1.165,-0.26,-1.255,-0.398,-1.518,1
1425,0.65,-0.115,1.606,1.11,0.48,0.03,0
1426,-0.469,2.065,-1.946,1.577,1.182,1.202,0
1427,0.346,0.522,-0.063,0.176,-2.409,0.021,0
1428,0.575,0.108,0.954,1.803,0.283,-0.077,1
1429,-1.446,0.271,-3.187,-0.942,0.143,-0.733,1
1430,3.502,-0.271,0.808,1.095,1.015,-1.076,0
1431,0.397,-0.4,0.937,0.3,-0.147,0.095,1
1432,-0.36,-0.369,-0.297,0.261,-0.666,-0.147,0
1433,0.112,-0.425,1.732,-0.729,-0.598,-0.621,1
1434,1.235,0.654,-0.284,-0.229,0.331,-0.586,1
1435,0.625,-0.966,0.892,0.241,-0.663,-0.07,1
1436,0.079,-0.242,-0.64,2.897,-0.731,-1.175,1
1437,-0.134,-0.355,-0.426,-1.878,-0.691,0.472,0
1438,-0.615,0.892,-0.567,-0.264,-0.389,0.633,0
1439,-1.599,0.054,-0.382,2.39,0.791,0.021,0
1440,0.221,0.012,0.843,-0.169,-0.791,-1.73,1
1441,0.37,-0.387,0.48,0.468,-0.759,1.296,0
1442,-0.237,0.466,-2.025,0.485,-1.25,-1.493,0
1443,-0.223,-1.692,-0.529,0.358,1.696,1.53,0
1444,-0.512,-1.207,-1.602,-1.187,-0.431,1.63,1
1445,-0.673,-0.347,1.508,-1.148,1.305,-0.184,1
1446,-0.333,0.255,0.324,-0.2,0.748,0.606,0
1447,0.557,0.613,-0.019,0.123,-1.234,-1.034,1
1448,2.24,-0.544,-0.464,-1.359,0.118,0.763,1
1449,0.69,0.454,-0.522,0.575,0.081,-1.891,0
1450,0.129,-0.796,0.876,-0.966,0.222,2.112,1
1451,-0.268,-0.452,0.391,-0.68,-0.455,0.736,0
1452,0.368,1.964,-2.747,-0.592,1.826,-1.338,1
1453,-0.291,-0.653,0.395,-0.654,0.412,0.244,1
1454,0.644,0.096,-0.022,0.138,2.581,1.201,1
1455,-0.669,0.334,-1.797,0.681,-0.864,-1.264,0
1456,-0.858,0.837,-0.296,0.397,-0.471,-1.125,0
1457,1.374,-0.57,2.031,-0.518,-0.735,1.448,0
1458,-0.802,0.623,-0.708,1.097,0.669,0.501,1
1459,-0.833,-0.603,0.795,0.656,0.175,-0.378,1
1460,0.6,-1.321,0.726,0.188,1.021,-0.023,1
1461,-1.351,0.488,1.119,1.143,1.097,-0.913,1
1462,-0.53,-1.357,0.375,-0.089,1.095,1.113,1
1463,0.504,1.213,-1.269,0.433,-1.703,-1.182,0
1464,0.523,-0.37,0.532,-0.205,1.143,0.707,0
1465,0.533,-0.37,0.391,1.393,-1.656,-0.342,1
1466,0.257,-1.35,-0.354,-0.146,-0.183,0.509,1
1467,-0.008,1.092,0.752,-1.273,-1.476,-0.33,0
1468,-1.061,0.683,-0.492,0.376,-0.746,-0.324,1
1469,-1.797,0.81,-0.264,-0.936,-0.35,0.01,0
1470,0.216,0.693,-1.501,0.71,-0.38,-0.431,0
1471,-0.594,0.51,0.808,-0.215,1.139,1.084,0
1472,1.512,-1.104,-0.213,-0.127,0.662,0.783,1
1473,1.647,-0.577,0.407,0.357,-0.618,-0.735,1
1474,0.062,0.046,-0.023,0.948,-0.527,-0.353,0
1475,-1.695,1.942,-0.203,-0.762,-1.73,1.165,0
1476,-0.837,0.249,-0.594,0.429,-0.493,0.75,0
1477,-1.924,0.252,0.315,-1.318,-1.148,-0.158,1
1478,-0.36,-0.355,-0.365,0.093,-0.044,0.061,1
1479,-0.933,0.585,0.332,-0.475,0.332,-0.411,0
1480,-0.51,-0.707,-0.408,-0.252,-0.303,0.145,1
1481,1.436,0.257,0.957,0.059,0.459,-1.184,1
1482,0.975,0.705,-2.085,2.248,-0.316,-0.005,0
1483,-0.493,0.288,1.867,1.212,2.277,-0.9,1
1484,0.508,-1.19,-1.147,-0.66,0.306,-1.671,1
1485,0.334,0.5,0.836,0.854,0.183,0.465,0
1486,-0.079,-0.671,1.073,-0.35,2.06,-1.525,0
1487,-0.656,0.335,-0.209,-0.509,0.226,-0.241,1
1488,0.408,0.481,-0.427,0.961,-1.039,1.414,0
1489,0.178,-1.642,-0.564,1.286,-0.232,-0.284,0
1490,-0.711,1.556,0.629,0.864,0.632,0.993,0
1491,-0.076,1.527,-0.184,-0.349,1.522,0.758,1
1492,0.185,0.183,0.431,-0.346,0.207,1.84,1
1493,-0.88,0.154,-2.106,-1.023,-2.272,-0.051,1
1494,0.984,1.964,0.611,1.034,0.302,0.652,0
1495,-0.563,0.487,0.667,1.512,-0.445,-0.106,0
1496,0.202,1.543,-1.653,0.631,-1.601,0.933,0
1497,0.012,0.326,-0.03,1.153,0.957,0.387,0
1498,0.364,0.304,-0.158,0.18,-1.4,-1.086,1
1499,-1.046,-0.38,-0.319,-0.193,0.637,-1.215,0
1500,-1.943,-0.638,0.89,-1.194,-0.58,-0.154,1
1501,-2.302,0.465,-0.937,0.613,-2.143,0.515,0
1502,0.582,-1.549,-0.937,0.866,-0.095,-0.619,0
1503,-1.196,-0.198,-0.326,-0.339,0.698,0.156,0
1504,0.274,0.036,-1.509,0.473,-0.192,0.216,1
1505,2.007,-1.181,0.771,-0.648,-0.34,0.649,0
1506,-0.691,0.389,0.436,0.314,-0.949,1.768,0
1507,0.368,0.324,-1.31,-0.197,1.183,-0.741,1
1508,2.429,1.607,0.17,-0.659,-0.567,-0.67,1
1509,-2.095,-1.273,0.077,-0.239,1.269,2.118,1
1510,-0.344,1.111,-0.996,-0.301,1.517,1.22,1
1511,-1.567,0.115,-0.148,-1.299,-1.246,0.882,0
1512,1.499,0.723,1.6,0.124,-1.239,-2.102,0
1513,-0.132,-0.335,0.364,-0.663,1.813,-1.246,1
1514,0.009,-0.54,1.063,1.403,-1.566,0.351,0
1515,0.341,1.008,0.198,0.417,0.4,-1.648,0
1516,-0.157,1.143,1.332,-1.502,0.046,0.318,1
1517,-0.619,-0.022,0.039,-0.919,-1.057,-0.66,1
1518,-0.846,0.383,0.639,-0.747,0.556,-0.762,0
1519,0.52,1.464,-0.829,-1.336,-0.051,0.163,1
1520,-0.61,-0.476,0.271,0.423,-0.292,0.314,1
1521,-0.24,0.594,0.243,-0.828,1.223,0.48,1
1522,-1.067,-2.281,1.095,1.098,0.831,-0.497,0
1523,-0.224,-0.907,-0.999,-0.429,1.048,-1.689,1
1524,0.245,-0.48,-0.473,0.017,-0.321,-0.589,1
1525,-0.025,2.005,-1.213,0.982,2.047,0.589,0
1526,1.799,1.473,-0.046,1.283,0.16,0.386,0
1527,0.039,0.889,0.453,-0.436,1.077,-0.166,1
1528,-0.011,-0.703,-0.08,-1.074,0.631,1.136,1
1529,0.31,-0.741,-1.043,0.653,-1.773,-1.583,1
1530,-1.64,-0.47,-0.137,0.088,0.623,0.189,1
1531,-0.533,0.892,-0.344,-0.235,0.306,0.311,1
1532,-0.038,-0.921,0.226,-0.614,1.725,0.993,0
1533,0.796,-1.058,-0.287,-0.658,1.981,0.008,1
1534,1.455,0.796,1.678,0.606,0.667,0.15,0
1535,0.115,-0.465,0.615,-0.234,-0.628,1.011,0
1536,-1.733,0.546,-0.375,0.732,2.885,-0.228,1
1537,0.416,-0.153,1.989,-1.04,1.182,-0.558,0
1538,-0.857,1.621,1.46,-1.196,-0.623,1.615,1
1539,1.152,2.963,-0.334,1.596,-2.028,0.071,0
1540,-0.25,-0.24,0.596,0.57,-0.278,-0.502,1
1541,0.494,-0.647,-0.313,-0.287,-0.89,0.355,1
1542,-2.119,0.947,0.37,-0.502,0.033,0.028,1
1543,0.711,-0.696,0.232,0.1,-0.582,-0.063,0
1544,-0.011,-1.324,0.697,-0.502,-0.912,0.624,1
1545,-0.857,1.183,0.708,-0.974,0.038,0.739,0
1546,0.189,-1.127,-0.409,0.53,-0.594,0.629,1
1547,0.04,1.802,0.238,-1.522,-0.525,-1.877,1
1548,-2.068,-0.411,0.065,1.286,-0.496,-0.472,0
1549,0.75,-0.387,-0.429,1.376,0.2,0.466,0
1550,-0.592,1.355,-0.236,-0.524,-2.379,0.842,0
1551,-0.974,-0.004,1.184,0.426,-0.411,0.259,0
1552,-0.174,-0.23,-0.561,2.288,0.61,0.514,0
1553,-2.044,-1.074,1.47,1.657,0.257,1.689,0
1554,0.246,1.064,0.194,-0.526,1.914,0.76,0
1555,1.287,-1.115,0.743,-2.017,0.637,0.288,1
1556,0.356,-0.138,-1.0,1.056,-0.612,0.547,0
1557,-0.91,-1.184,-0.549,-0.469,1.013,-1.35,1
1558,0.561,-2.389,-0.667,0.374,-0.004,0.768,1
1559,-0.455,-0.191,0.138,0.181,-0.943,1.062,1
1560,-0.497,0.827,0.973,1.729,0.231,-0.346,0
1561,-1.023,-0.039,-0.832,0.378,1.234,-1.843,1
1562,0.406,-0.923,-1.996,-0.895,1.342,-0.518,1
1563,-0.664,0.853,-1.108,0.439,1.223,-0.221,0
1564,-1.135,-0.386,0.481,0.655,-1.095,0.431,0
1565,-1.843,0.273,0.582,-1.302,1.459,-0.474,0
1566,0.23,-0.938,0.889,2.351,-0.032,0.841,0
1567,2.312,1.859,0.359,-0.015,-0.196,1.029,1
1568,-0.593,0.291,0.022,-1.25,0.35,-1.744,1
1569,1.657,-0.416,-0.675,0.099,-1.224,0.824,0
1570,-2.153,-1.495,-1.735,1.36,1.313,-0.365,1
1571,1.414,0.04,-0.598,-1.592,-1.303,0.599,1
1572,1.121,0.608,-0.082,-1.046,0.609,-0.624,1
1573,0.159,-0.161,-0.468,-1.313,0.374,-1.02,1
1574,-2.293,-1.459,0.694,-1.289,1.775,-0.95,1
1575,-0.478,-1.015,0.712,0.52,1.698,-0.079,1
1576,-0.032,0.78,0.507,-0.034,0.928,-0.953,0
1577,0.443,-0.487,-0.153,0.629,-1.628,-2.256,0
1578,1.864,-1.788,0.216,1.183,-0.756,0.893,0
1579,-0.994,0.016,-0.737,1.903,1.173,-0.826,1
1580,-0.22,-1.909,0.272,0.772,0.287,-1.693,1
1581,-0.035,-0.145,-0.477,0.399,-0.17,0.527,1
1582,-1.365,-0.003,-0.717,1.05,1.08,1.495,0
1583,1.138,-0.02,0.818,-0.188,-1.046,-0.063,1
1584,-1.683,0.456,-0.788,0.514,0.483,-1.149,1
1585,0.366,-0.175,0.613,1.228,1.34,0.591,1
1586,0.74,0.634,0.21,-0.281,1.041,1.351,0
1587,0.816,0.545,2.448,-1.128,-1.356,2.185,0
1588,0.128,2.166,-1.321,-1.026,0.386,1.091,0
1589,0.148,0.334,1.882,-0.785,1.619,0.649,0
1590,0.46,0.052,-2.927,-1.321,1.067,-0.783,0
1591,-1.593,-0.807,-0.214,0.985,-0.181,0.988,0
1592,0.174,-0.983,-1.201,0.417,-1.244,-1.09,0
1593,-0.637,1.965,-1.603,0.482,-0.863,0.714,1
1594,1.495,-0.88,-0.152,0.318,-0.133,-0.657,1
1595,0.131,-0.227,0.234,1.183,0.666,-0.339,0
1596,-1.582,-0.235,1.29,0.987,0.946,-1.154,0
1597,0.429,0.526,-0.851,-0.216,-1.593,0.876,0
1598,-0.676,-1.032,0.88,-0.237,1.521,1.439,1
1599,-0.729,-0.63,0.229,-0.041,-1.381,1.115,1
1600,1.524,0.523,0.482,-0.614,0.937,-0.04,1
1601,-1.214,-1.015,0.023,-0.173,-0.302,-1.045,0
1602,-0.001,1.635,0.233,-2.029,0.215,0.359,1
1603,2.26,-0.564,-1.218,-0.311,1.044,1.456,1
1604,-0.851,-0.58,-0.871,1.395,-0.742,2.552,1
1605,2.363,-2.184,1.302,0.67,0.886,0.376,1
1606,0.091,0.71,-0.942,-0.78,-0.161,-0.129,0
1607,0.361,0.15,0.578,-0.112,1.19,-0.519,1
1608,-0.286,-1.12,-0.242,-0.109,0.823,1.781,1
1609,-0.11,-0.456,-2.434,-0.29,0.011,-0.476,1
1610,-1.013,-2.816,-0.858,-0.503,-0.239,-0.766,1
1611,0.19,-0.748,0.844,-0.695,-1.015,1.399,0
1612,-0.604,-0.038,0.418,1.12,-1.316,-1.21,0
1613,-0.236,1.867,-0.414,1.707,0.051,-0.412,0
1614,1.582,-0.263,0.048,-0.106,-1.244,-0.756,1
1615,-1.385,0.908,0.451,-0.988,1.476,0.495,1
1616,0.153,0.814,0.99,-0.49,-0.452,-0.056,0
1617,-0.521,-0.359,-0.199,-0.509,0.351,-0.379,1
1618,-0.975,-0.86,-1.403,0.032,0.009,2.487,1
1619,0.365,1.013,-1.157,-0.249,-1.141,-0.127,0
1620,-0.489,-0.124,-0.677,0.491,-0.469,-1.595,1
1621,-1.092,1.049,-0.431,2.497,0.219,0.008,0
1622,0.811,0.889,-0.318,2.23,0.909,-1.146,1
1623,-2.093,-0.637,0.5,0.995,-0.31,-0.084,0
1624,-0.506,0.074,0.918,-1.029,-0.599,0.547,0
1625,-1.96,0.425,-0.192,1.013,-2.275,-2.917,0
1626,-0.821,1.376,0.343,-1.7,-2.072,0.458,1
1627,-0.4,0.26,-0.706,-0.936,1.438,-1.455,1
1628,0.517,0.708,0.544,2.11,-0.23,0.543,0
1629,1.675,1.768,0.52,0.256,0.894,-1.938,0
1630,0.875,-0.725,1.489,0.43,0.182,0.5,1
1631,-0.033,0.672,-0.845,0.113,-2.528,0.328,1
1632,0.435,0.767,-1.251,0.798,-1.222,-0.128,0
1633,0.258,0.177,0.13,-0.566,1.566,1.618,1
1634,0.929,-0.937,1.197,0.731,-0.792,2.382,0
1635,-0.257,2.018,-0.284,-0.586,-0.802,-0.21,0
1636,1.03,0.704,1.863,1.305,1.151,-0.562,0
1637,-0.621,0.783,-1.677,-0.047,0.559,1.519,0
1638,-0.692,0.849,-0.059,0.956,0.892,0.784,0
1639,1.077,0.553,-0.233,-0.967,0.602,0.675,0
1640,-0.087,-0.147,0.467,-0.77,-2.19,0.442,1
1641,-0.323,1.193,0.764,0.133,-0.303,-0.936,0
1642,0.883,-0.692,-2.015,0.24,0.769,-1.872,1
1643,0.816,0.788,0.561,0.426,-0.882,0.394,0
1644,0.734,-0.349,2.181,-1.055,0.236,0.081,1
1645,2.232,0.135,0.151,0.538,-0.129,1.934,0
1646,-0.777,0.853,-0.061,0.475,1.135,0.773,0
1647,0.021,-0.699,1.307,0.849,0.11,-0.278,0
1648,0.781,-0.723,0.835,-0.489,0.314,-1.404,1
1649,1.242,-0.788,1.264,2.179,-1.27,-0.205,0
1650,1.517,-0.87,0.356,-0.572,-0.678,-0.314,1
1651,-0.611,-0.655,-0.9,0.663,-0.662,0.345,1
1652,0.802,-0.081,0.631,0.427,0.732,-2.291,0
1653,1.405,-0.597,0.632,0.864,0.057,0.859,0
1654,-0.7,-0.068,-0.818,0.906,-0.951,-0.927,0
1655,1.227,0.427,2.336,0.713,-0.501,-0.762,0
1656,0.583,-0.463,-1.047,0.069,0.05,0.01,1
1657,-0.309,0.841,0.619,2.956,-0.478,-0.363,0
1658,0.954,-0.798,0.548,-1.147,0.363,-0.69,1
1659,0.744,0.099,-0.912,1.285,0.326,-0.514,0
1660,-0.11,1.934,0.131,-0.953,-1.004,0.78,0
1661,0.256,1.721,1.529,0.019,0.614,-0.984,0
1662,0.295,0.482,1.254,1.627,0.06,-0.805,0
1663,0.374,0.498,-1.054,1.79,0.088,0.958,0
1664,0.008,-0.629,-0.303,0.447,1.546,0.273,0
1665,-0.711,-0.219,0.252,0.228,-0.724,-0.3,0
1666,0.142,-1.675,-0.069,-0.67,1.369,1.235,1
1667,0.082,-0.7,-0.851,-1.737,0.184,0.804,1
1668,0.594,1.898,0.418,0.484,0.488,-0.767,0
1669,-0.084,1.648,-0.93,0.26,-0.205,-0.011,0
1670,1.25,-2.929,-1.41,0.97,1.25,0.096,1
1671,1.201,1.283,-0.923,0.902,0.542,0.904,0
1672,-0.012,0.638,-1.486,-0.216,-2.166,-0.3,1
1673,-0.624,0.914,0.05,0.043,0.32,0.426,0
1674,-1.274,0.56,0.669,-0.347,-0.588,-0.739,1
1675,1.307,0.491,0.607,0.943,0.784,-0.733,1
1676,-2.222,-1.393,-0.197,-1.388,-0.454,-1.443,0
1677,-0.258,0.568,-0.479,0.289,0.844,-0.107,0
1678,0.79,-1.363,0.35,1.139,0.204,-0.514,0
1679,1.037,-0.803,-0.372,-0.7,0.783,0.828,1
1680,0.253,-0.762,-0.81,1.187,-1.212,-0.249,1
1681,0.618,-0.154,0.468,1.407,-1.971,0.434,0
1682,-0.385,-1.912,0.876,-0.844,0.557,-0.9,0
1683,2.276,0.33,0.008,-0.385,-0.543,0.32,1
1684,0.822,-0.606,0.968,0.041,-0.601,0.055,0
1685,0.802,1.808,0.004,0.093,-0.954,-0.274,0
1686,0.117,-1.551,1.429,-0.628,2.539,-0.662,1
1687,-1.778,-1.346,-0.159,0.181,-0.196,0.919,1
1688,-0.134,1.926,-0.275,1.252,0.543,0.082,0
1689,0.061,0.698,-0.127,-0.155,-0.778,1.166,0
1690,-0.55,1.007,-0.768,1.099,-0.099,-2.015,0
1691,-1.545,0.953,0.739,0.652,0.533,1.765,0
1692,0.137,0.892,1.033,-0.332,1.885,0.994,1
1693,-0.051,-1.263,0.395,-1.079,1.078,0.704,1
1694,0.242,-1.563,0.053,-0.909,-0.407,1.863,1
1695,0.295,0.436,-0.791,-1.187,2.2,0.183,1
1696,-1.543,1.432,-1.126,0.052,0.208,-0.482,1
1697,0.906,-1.667,-0.83,-0.461,0.292,2.239,0
1698,-1.394,-0.088,1.487,-1.947,0.723,0.453,0
1699,-0.517,-1.388,0.389,0.327,0.089,-0.232,1
1700,-1.344,-0.521,0.986,0.472,0.211,-0.675,0
1701,-0.116,-0.706,0.001,-0.734,0.898,-0.4,1
1702,-0.615,1.616,-0.388,0.895,0.619,-0.388,1
1703,1.464,0.905,0.171,-0.747,0.873,0.386,1
1704,-1.249,0.332,-0.106,-0.214,-1.027,0.381,0
1705,0.75,0.735,1.283,-0.531,0.633,1.022,0
1706,-0.401,0.317,-0.258,0.618,0.954,-0.932,0
1707,-1.515,0.679,0.376,0.186,0.12,0.534,0
1708,0.187,-2.407,-2.27,0.156,0.001,2.036,0
1709,-0.279,1.824,1.423,-1.189,0.27,-0.192,0
1710,-0.988,-0.231,0.794,0.207,0.02,1.156,0
1711,-0.327,-0.939,0.586,-0.736,0.976,-0.084,1
1712,-0.536,-1.357,-0.01,-2.196,1.226,0.451,1
1713,0.721,-0.304,0.663,-1.106,-0.26,0.41,0
1714,-0.361,-0.051,-0.266,0.391,-0.659,-1.13,0
1715,-1.357,-0.88,0.727,-0.949,0.163,1.717,1
1716,1.156,0.918,0.11,0.575,-0.358,0.178,1
1717,-1.283,-0.583,-0.259,-2.481,-1.098,2.091,0
1718,-1.359,-0.742,0.302,-0.875,-0.398,-1.452,0
1719,0.231,-0.691,0.131,-1.221,0.852,0.159,1
1720,-0.55,-1.047,0.148,-1.04,0.666,-0.167,1
1721,-1.369,0.843,0.664,0.08,-2.434,0.642,0
1722,0.852,-0.218,0.292,0.275,-0.818,-0.899,1
1723,0.082,-1.251,-0.549,2.103,0.6,1.928,0
1724,1.404,1.2,0.641,-1.191,0.121,0.436,0
1725,-0.171,1.518,0.757,-0.713,-2.686,0.639,0
1726,0.745,0.414,0.735,1.121,2.108,-1.286,1
1727,-0.082,-2.241,0.458,-1.441,-2.73,-1.526,1
1728,0.107,0.733,0.017,0.859,-0.274,0.404,0
1729,-0.875,0.872,-1.002,-1.216,1.083,-0.552,1
1730,-1.1,1.564,1.341,-0.504,-0.133,-1.115,0
1731,-0.825,1.102,1.004,0.187,1.005,0.936,1
1732,-0.798,-0.863,1.033,-0.663,-0.296,1.315,1
1733,0.348,0.77,1.687,0.486,0.927,0.273,1
1734,0.545,0.353,0.571,-0.742,-1.088,0.413,1
1735,0.046,-0.032,1.024,-2.353,0.577,-0.016,0
1736,2.082,0.627,-0.962,1.323,1.537,-1.003,0
1737,0.25,1.547,-0.244,-0.051,-0.832,1.274,0
1738,0.279,0.836,-0.565,-0.58,1.852,-1.012,0
1739,0.175,-0.113,-1.027,0.621,0.641,0.396,0
1740,-0.32,0.621,1.225,-0.708,1.26,-0.417,1
1741,1.753,-1.083,1.333,1.537,1.016,0.357,1
1742,0.208,2.004,-0.911,-0.279,0.073,0.115,1
1743,-1.122,-1.404,-1.574,0.801,0.665,1.117,1
1744,-1.146,-0.355,-0.525,-0.937,-0.649,-0.341,1
1745,0.499,0.184,-0.131,1.201,0.323,1.503,1
1746,-1.566,0.351,-0.618,-1.308,0.174,0.053,1
1747,-0.66,0.007,-1.55,-1.109,-0.415,0.626,0
1748,-0.736,-0.088,0.05,-0.916,2.009,1.718,1
1749,-1.295,1.108,-0.301,0.346,-0.225,1.138,0
1750,0.163,-0.688,-0.641,1.464,-0.005,0.61,0
1751,0.372,1.229,1.683,1.744,-1.179,-0.396,0
1752,-0.262,-0.619,1.195,1.175,0.331,2.133,0
1753,0.067,-0.486,1.077,-0.918,-0.108,0.604,0
1754,-0.327,1.253,-0.348,1.417,-0.846,-0.48,0
1755,-1.257,1.122,-0.647,0.817,0.083,-0.164,0
1756,1.05,-0.995,-1.387,0.199,-1.12,1.423,1
1757,0.343,-0.875,2.053,-1.591,-2.095,1.201,0
1758,-0.126,-0.014,-1.006,1.281,-2.131,0.499,0
1759,-0.287,0.063,0.954,-0.67,1.23,-2.063,1
1760,-1.078,1.846,-0.811,-0.566,2.19,-1.007,1
1761,-1.04,0.278,-0.83,-1.259,1.543,0.445,1
1762,0.728,-0.181,0.452,0.423,-0.801,1.23,1
1763,1.07,0.13,0.102,1.996,1.043,-0.177,0
1764,-1.199,-0.407,1.206,-0.13,0.832,2.085,0
1765,0.027,-0.179,-1.202,-3.268,-0.426,-0.014,1
1766,0.843,0.588,0.167,0.263,-0.657,-1.515,1
1767,0.089,-1.724,-0.541,-0.992,-0.649,0.918,1
1768,-0.353,-0.022,-0.709,-1.061,-1.254,1.615,0
1769,0.543,1.071,-0.588,-0.186,1.132,1.12,0
1770,0.205,-0.348,-0.91,-0.376,0.661,-0.651,0
1771,-0.995,-0.538,-0.138,0.478,1.045,0.442,1
1772,0.058,-1.017,1.264,1.06,-1.302,0.228,0
1773,1.233,0.186,-0.182,-1.798,-0.174,-0.028,1
1774,1.31,1.099,2.368,-0.267,-0.668,0.926,0
1775,-0.758,0.444,0.474,0.85,-0.23,0.321,0
1776,-1.695,1.515,1.441,1.466,1.577,0.566,0
1777,0.326,0.387,0.937,-1.049,-0.283,-0.07,1
1778,0.292,-0.062,-0.082,-0.945,-0.616,-0.683,1
1779,-1.49,-1.983,-0.207,1.438,2.186,-0.036,1
1780,1.293,0.017,0.626,1.298,1.63,0.319,0
1781,0.173,-0.051,0.571,-0.687,1.961,-2.454,1
1782,-2.199,-0.809,2.761,-0.628,-2.496,0.468,0
1783,0.56,0.592,1.006,0.692,1.114,-0.19,1
1784,0.664,0.884,0.054,-0.106,-0.151,-0.676,1
1785,0.269,0.806,-0.851,-0.211,-0.403,1.482,1
1786,0.386,0.775,-0.543,-0.04,-0.702,-0.998,1
1787,1.071,-0.331,-1.289,0.802,0.415,0.318,1
1788,1.183,0.897,-0.687,-0.059,0.901,-0.676,1
1789,0.577,0.63,1.287,0.07,0.774,-0.721,1
1790,0.996,0.473,-1.071,-0.393,-0.317,-1.085,1
1791,0.538,0.236,1.233,-1.456,-1.021,-0.962,1
1792,-0.274,-0.045,0.729,-0.323,0.628,0.781,0
1793,-0.45,1.475,-0.526,-0.173,1.395,-0.011,1
1794,0.274,0.755,-0.015,-1.081,-0.193,1.036,1
1795,-0.91,0.237,-1.293,-0.811,-0.334,0.664,1
1796,0.951,-0.757,-0.527,-0.009,0.239,-0.97,1
1797,-0.676,-0.086,2.247,0.892,1.12,-0.829,1
1798,0.825,0.317,-2.323,1.809,-2.784,-0.4,0
1799,1.267,-0.595,-0.135,0.593,0.038,0.319,0
1800,0.803,0.269,-1.207,0.167,-1.159,-0.472,0
1801,0.149,0.307,-0.173,-0.641,0.599,1.152,1
1802,0.38,0.076,-0.97,-0.872,0.976,1.18,1
1803,-0.376,-1.04,1.307,0.63,0.233,0.486,1
1804,-0.906,0.754,0.207,-0.046,0.617,0.425,1
1805,-1.17,-0.541,0.651,0.246,0.863,-0.142,0
1806,1.228,0.086,-0.07,-0.617,0.878,-0.892,1
1807,0.482,-0.36,-0.421,-0.198,-0.603,-0.478,0
1808,-0.766,0.919,0.538,-1.269,-0.643,-0.228,1
1809,-0.858,1.284,-0.539,1.12,0.127,-1.526,0
1810,0.012,-1.088,-1.002,-1.496,0.233,-0.718,1
1811,-1.346,0.197,-0.315,-0.299,0.15,-0.551,0
1812,-0.077,-0.262,-0.967,-0.133,-0.333,0.102,1
1813,0.219,-0.522,-1.099,0.379,0.764,-0.22,0
1814,-0.161,1.784,0.43,-0.775,0.322,0.172,0
1815,-0.901,-0.414,0.87,-0.969,-0.863,-0.284,1
1816,-0.402,-0.022,-0.255,0.747,0.217,-0.953,1
1817,0.117,-0.395,0.343,0.564,1.242,0.888,1
1818,1.489,0.751,0.731,-0.609,-0.445,-1.195,0
1819,-0.233,-0.603,1.064,2.001,-0.598,1.173,0
1820,-0.29,-2.551,-0.857,0.954,0.373,-0.317,1
1821,-0.979,-0.977,-0.334,0.571,-2.173,0.055,1
1822,-0.778,-0.693,0.867,0.293,0.293,0.363,0
1823,-0.204,-0.328,0.397,-0.153,-0.656,-0.117,1
1824,-0.789,0.891,-0.514,-1.019,1.058,1.351,1
1825,1.725,-0.199,-0.742,1.825,-0.586,-1.438,1
1826,-0.701,0.253,1.914,0.753,1.79,0.922,0
1827,-0.204,0.202,-0.27,-0.279,0.457,0.227,1
1828,-0.103,-0.464,-0.288,0.393,-0.098,-0.287,0
1829,1.67,-0.802,0.885,-0.483,-0.608,0.23,0
1830,-0.956,-1.397,-1.234,-1.082,0.126,-1.786,1
1831,-0.61,-0.626,0.989,-0.873,-0.322,-0.8,1
1832,0.367,0.803,-0.884,1.509,-1.107,0.428,0
1833,-0.149,1.51,-1.642,0.994,-1.312,0.638,0
1834,-0.173,-0.533,-2.529,-0.896,-0.944,-0.889,0
1835,-0.959,0.462,0.23,1.058,-0.615,0.265,1
1836,0.063,-0.148,-1.123,-1.215,1.163,0.063,1
1837,-1.163,-1.263,0.051,-2.229,0.461,-0.461,1
1838,1.425,-1.947,-0.558,-0.019,0.133,-0.879,1
1839,0.664,1.355,0.813,-0.441,1.428,2.721,0
1840,-0.084,-2.153,-0.114,0.549,-0.734,0.029,1
1841,-0.056,1.16,1.168,-0.275,0.014,0.691,1
1842,0.645,-0.107,-0.121,1.346,0.441,-0.682,0
1843,-0.379,0.407,0.032,-0.456,-0.833,2.549,0
1844,1.482,0.102,-0.218,0.297,-0.395,-0.141,1
1845,0.731,-0.455,-0.744,0.34,1.433,-1.646,1
1846,0.436,-2.014,-0.757,-0.343,0.339,1.3,1
1847,1.349,0.757,-0.76,0.262,0.365,-0.7,1
1848,-0.061,0.402,0.085,-0.441,0.771,0.495,1
1849,-1.923,0.233,0.853,-2.248,0.15,-2.128,1
1850,-0.633,0.087,0.774,0.046,0.839,-0.321,1
1851,-0.178,0.687,1.512,0.633,-0.183,-0.333,0
1852,1.228,0.117,-0.453,-0.334,0.437,1.02,1
1853,0.712,0.566,1.408,0.697,-0.487,1.227,0
1854,1.782,0.584,-0.362,-0.662,0.262,1.106,0
1855,0.54,0.209,0.573,1.229,-0.514,0.454,1
1856,0.274,0.069,0.757,0.834,0.189,-0.876,0
1857,0.469,-0.733,1.411,1.29,-0.474,-2.405,0
1858,-1.699,0.574,0.382,0.203,0.936,1.326,1
1859,-1.175,-0.487,0.397,0.616,-0.079,-0.287,0
1860,1.974,0.212,1.163,0.354,0.463,0.999,0
1861,-2.4,-0.392,-1.712,0.339,-1.105,-0.428,1
1862,0.08,-0.551,-0.778,1.534,-1.194,-0.794,0
1863,-0.836,-0.969,0.574,-0.541,-1.424,0.472,1
1864,0.709,-0.523,-0.096,0.95,-0.361,-0.92,0
1865,-0.593,-0.653,0.01,-0.67,-0.532,0.108,0
1866,0.94,0.276,1.4,0.101,0.827,0.482,0
1867,1.766,0.282,-0.889,0.118,-0.93,0.368,1
1868,-0.531,-0.052,1.109,1.371,1.717,0.178,1
1869,0.642,0.918,0.346,0.928,0.158,-0.316,0
1870,1.271,-0.682,0.98,-0.755,-0.169,-1.861,1
1871,0.294,-1.162,-1.951,-1.224,1.825,1.917,1
1872,-1.02,0.231,-1.449,-0.839,-0.477,-0.588,1
1873,1.765,0.436,-0.822,0.043,0.778,-0.086,1
1874,-0.281,0.143,1.428,-0.968,1.04,-1.083,0
1875,1.857,-0.685,-0.399,-1.106,-0.847,-1.693,1
1876,1.147,1.154,1.24,-0.164,-1.325,-1.207,1
1877,-0.809,-0.617,0.507,-0.121,0.782,-0.57,0
1878,0.226,-0.939,-0.878,-1.154,1.477,-0.551,1
1879,-1.801,0.616,0.031,0.779,-0.473,-0.878,1
1880,0.68,-0.178,-0.168,-1.743,-0.761,0.334,0
1881,1.154,0.038,0.775,-0.9,1.256,1.028,0
1882,-0.715,0.164,-1.085,-0.804,-2.58,-0.112,1
1883,0.743,0.897,-0.111,0.146,0.732,0.222,0
1884,-0.409,0.13,0.785,-0.252,-0.09,-1.567,1
1885,-0.444,-1.359,0.405,1.518,-1.166,-0.123,1
1886,0.464,0.122,2.169,0.223,-0.779,-1.501,1
1887,-0.792,-0.71,0.149,-0.814,-0.098,1.417,1
1888,-0.305,0.894,0.213,-0.014,0.042,-1.114,0
1889,0.801,0.101,-0.136,-0.977,-1.2,0.344,1
1890,-0.839,0.642,-0.051,-0.649,-0.246,0.286,0
1891,-1.27,-0.119,-0.337,1.446,1.151,2.262,0
1892,0.14,1.413,-0.72,-0.919,0.816,2.116,1
1893,0.74,1.803,-0.164,0.369,0.242,-2.891,0
1894,0.85,1.081,-0.274,-0.624,-1.122,-0.918,1
1895,-1.074,0.164,-0.253,-0.948,0.43,0.462,1
1896,1.277,-0.921,0.367,0.221,0.493,0.592,0
1897,1.229,0.151,-0.366,0.312,0.733,0.115,0
1898,-0.183,-0.42,-0.692,-0.604,1.136,-0.227,1
1899,-1.286,0.092,-0.362,0.995,1.521,0.536,0
1900,-1.511,0.542,0.028,0.332,0.61,0.722,0
1901,-0.419,-1.247,0.069,-0.205,0.332,1.099,1
1902,-1.298,0.538,-1.739,-0.598,-1.458,-1.141,1
1903,-0.044,1.148,2.207,1.023,1.777,2.428,0
1904,-0.444,0.159,2.002,-2.048,-1.147,-0.219,1
1905,-1.971,0.596,0.148,0.469,-0.33,0.852,0
1906,-1.582,0.824,0.1,-0.881,0.22,1.22,1
1907,0.754,0.726,-0.841,0.125,-0.858,0.666,1
1908,0.652,0.796,-0.688,0.18,-0.204,0.155,0
1909,-0.238,-0.491,0.512,1.832,1.334,0.854,0
1910,1.446,1.284,-0.342,-1.027,-0.072,-0.805,1
1911,0.233,0.041,0.143,1.323,-1.009,-0.46,0
1912,0.896,-1.388,0.034,1.71,0.147,0.293,1
1913,0.171,-0.291,-0.364,-0.441,0.382,-0.004,0
1914,0.656,-0.451,-0.73,0.216,1.274,1.835,1
1915,0.084,1.046,-0.011,1.949,-1.255,-0.414,0
1916,1.968,-1.423,0.79,-0.794,-0.385,0.062,1
1917,1.793,0.422,0.461,0.24,-0.901,2.152,1
1918,0.244,-0.855,0.602,-0.539,0.179,0.529,1
1919,0.837,1.099,-0.527,0.451,-2.576,0.049,1
1920,-0.986,0.501,1.976,-0.07,0.429,-0.638,0
1921,0.823,1.247,-0.861,-1.023,-0.562,0.85,1
1922,0.692,0.484,0.195,-0.945,-1.06,-0.117,1
1923,1.682,1.237,-0.217,0.147,-0.88,-0.092,1
1924,-0.078,-2.102,0.545,0.675,-0.983,-0.039,1
1925,0.821,0.107,-1.164,1.483,-2.681,0.045,1
1926,0.492,-1.11,0.319,-1.61,-0.651,1.727,0
1927,-1.561,-2.39,0.132,0.846,0.729,0.946,0
1928,0.077,1.144,0.198,0.418,0.327,0.535,0
1929,-1.2,-0.718,-0.223,-0.409,-0.963,-0.571,1
1930,-0.61,1.491,-0.973,0.304,-0.181,0.304,0
1931,-1.752,0.392,-0.474,-0.207,1.258,0.421,1
1932,-0.506,0.331,-0.663,2.247,0.063,-0.45,0
1933,0.577,0.186,0.581,-0.071,0.404,-0.742,0
1934,-0.835,-0.899,-0.15,-1.343,0.443,0.636,1
1935,0.496,0.03,-0.163,0.62,-0.581,-0.573,1
1936,-0.521,0.711,1.074,-0.838,2.173,-0.176,1
1937,-0.278,-0.251,0.132,0.552,-1.369,2.121,0
1938,1.115,0.293,-0.897,0.272,0.817,-1.176,0
1939,0.01,-0.155,1.627,-0.142,0.918,-0.092,0
1940,-0.602,-1.541,0.153,-1.628,0.899,0.28,0
1941,-0.618,-0.958,-0.511,0.758,-1.112,-0.395,0
1942,1.908,0.025,-0.555,-0.219,-0.31,-1.435,1
1943,-1.438,-1.118,0.412,0.875,0.37,-1.222,1
1944,-0.574,-1.081,0.549,0.996,-0.867,0.617,1
1945,2.096,-0.071,0.231,0.627,0.558,0.012,1
1946,-0.521,0.606,-1.178,-0.643,-1.532,0.793,1
1947,-1.072,0.822,0.087,1.285,-0.175,-1.162,0
1948,0.237,-1.26,0.364,-0.249,0.251,-1.523,1
1949,-0.675,-1.145,1.298,0.956,-0.231,0.616,0
1950,0.211,0.147,-0.444,-0.663,0.472,0.396,0
1951,-0.614,0.078,0.001,-0.461,-0.374,0.183,1
1952,-0.281,-0.048,-0.617,-0.014,0.303,-1.199,1
1953,-0.875,0.225,1.95,1.444,0.671,0.91,0
1954,-1.834,-0.018,1.025,0.985,0.27,-0.439,0
1955,0.393,1.697,1.665,-1.335,1.981,-0.637,1
1956,-1.001,2.191,-0.365,1.006,-0.953,0.193,0
1957,1.01,0.21,-1.134,-0.06,-1.578,1.206,0
1958,0.231,-0.979,-0.107,0.701,-0.455,1.545,0
1959,-0.487,-0.01,0.986,-0.74,-0.338,-0.424,0
1960,1.143,-0.561,-0.653,-0.544,-0.655,-1.695,1
1961,0.8,-0.262,-0.684,0.618,0.47,-0.705,0
1962,1.252,1.26,1.081,0.788,0.927,0.713,0
1963,-0.175,-0.992,0.123,0.482,-0.57,0.945,0
1964,0.217,0.314,-0.828,0.497,-0.485,-0.644,1
1965,-0.862,-1.391,-0.217,-0.677,-1.035,-0.399,0
1966,-0.193,-0.775,0.994,-0.59,0.321,-2.637,1
1967,1.448,-0.185,2.549,-2.044,0.764,0.828,1
1968,-0.63,-0.633,0.25,-0.355,0.709,0.244,0
1969,-0.594,2.488,-0.022,-0.011,-0.956,0.45,0
1970,0.465,0.337,-0.508,-0.794,0.379,-0.226,1
1971,-0.16,-0.126,-0.766,1.74,-0.533,1.544,1
1972,1.768,-0.346,-1.986,-0.152,-0.118,0.341,1
1973,-0.894,1.3,0.268,0.2,-1.277,-0.557,0
1974,-1.025,-0.567,0.126,0.035,-0.382,-0.38,0
1975,-0.51,-1.116,0.926,0.937,1.208,1.286,0
1976,1.221,-0.939,0.547,0.79,-1.319,0.798,0
1977,-1.329,-0.77,-1.734,0.831,-1.582,0.221,0
1978,0.64,-0.468,0.767,-0.211,0.107,0.546,1
1979,-1.111,0.186,0.052,0.52,0.5,-0.054,1
1980,-0.882,-0.038,-0.013,2.104,-0.633,3.485,0
1981,1.706,-1.414,-1.512,1.235,0.691,2.548,1
1982,0.891,-0.525,0.852,1.057,1.337,-2.051,1
1983,-1.379,-0.953,-1.282,1.772,-0.589,0.465,0
1984,0.444,1.795,1.827,0.375,-0.204,-0.309,0
1985,-0.844,-0.19,1.224,0.974,-0.987,1.833,0
1986,0.58,-0.633,2.3,1.331,-1.523,0.656,0
1987,-0.396,0.241,0.965,2.601,1.124,-0.793,0
1988,-0.59,-1.413,-1.469,0.118,-1.556,0.357,0
1989,1.266,-0.822,-1.254,0.878,-0.144,1.464,0
1990,-0.605,-0.589,-1.385,-1.17,0.79,0.961,0
1991,0.706,-0.595,0.593,0.052,-1.883,-1.654,0
1992,2.06,-0.401,2.869,0.478,-0.415,0.498,1
1993,-0.767,1.043,-0.793,2.579,-1.874,-1.728,0
1994,-0.057,-0.4,-0.023,-1.177,-0.151,1.291,0
1995,-0.739,-2.104,-0.604,1.712,0.59,0.156,1
1996,1.09,1.678,1.766,-0.371,-1.155,-1.686,0
1997,0.862,1.696,0.289,-0.366,-1.056,0.092,1
1998,0.531,-0.362,-0.087,0.396,1.592,-0.173,1
1999,-0.392,-0.091,-0.057,-1.498,-0.839,1.056,1
