customer_id,priority,minutes_open
1331,2,1.9
440,1,18.1
1121,3,3.5
1920,3,17.3
1976,1,3.9
1810,2,5.0
1740,1,25.2
631,1,0.6
251,2,25.1
144,3,7.3
810,1,16.5
1393,2,4.0
1986,2,8.3
407,2,0.4
1067,3,27.7
1582,3,1.7
396,4,12.6
9,1,5.5
1702,1,2.8
861,1,5.7
555,2,20.5
222,1,9.7
996,4,0.2
183,4,3.6
1834,3,5.9
140,3,2.6
704,2,3.3
1171,4,0.1
1261,2,0.2
568,3,3.2
156,2,7.3
601,2,5.6
1982,4,0.5
1671,1,10.8
251,1,9.2
1462,3,20.5
997,3,16.5
326,2,2.3
1688,3,19.8
1606,2,4.2
144,3,12.7
1585,4,17.9
78,2,10.9
975,2,11.1
1428,3,1.1
1017,2,11.4
835,3,6.1
132,2,53.2
444,1,1.5
614,3,13.8
580,1,12.9
1701,2,12.8
70,1,3.1
370,3,7.0
1566,2,11.1
711,3,6.8
1050,1,1.1
1487,4,11.8
823,3,9.6
48,3,7.9
1473,3,13.9
1722,2,0.0
1610,1,4.3
1262,3,4.8
1303,3,10.6
929,2,15.0
1354,2,0.6
487,2,3.3
1849,1,8.3
1843,2,1.9
254,3,19.5
912,3,4.8
340,1,3.5
1793,3,0.4
1434,2,11.9
1702,3,0.4
1536,3,5.7
43,3,8.2
718,2,5.1
1828,1,2.1
674,1,9.0
271,4,23.0
1245,3,10.1
244,2,0.2
33,2,8.3
1024,2,16.8
70,3,12.1
1916,1,16.1
503,2,10.8
251,3,6.0
1977,3,13.3
1170,2,40.3
1929,4,14.7
8,1,3.7
1233,3,4.1
919,2,13.0
583,3,18.1
1335,2,1.4
475,3,10.7
10,3,5.2
1659,2,11.8
150,2,13.7
1096,3,28.8
480,1,7.8
1974,3,2.1
342,1,1.5
1389,2,22.9
1226,1,2.9
1356,3,29.4
1549,2,33.2
1121,2,0.2
326,1,1.9
976,3,9.0
1533,3,2.4
1190,1,0.9
1144,1,13.2
241,2,6.3
185,1,18.9
1394,2,8.2
1856,3,0.3
715,2,13.5
979,1,0.2
883,3,11.4
59,3,28.3
462,3,33.5
106,3,35.0
477,1,2.6
1469,1,0.7
869,3,7.3
1763,3,15.5
809,3,14.7
1199,1,5.0
1939,2,3.4
1798,2,15.6
1727,3,23.5
1586,3,3.1
676,3,6.3
871,3,6.9
699,2,10.3
1672,4,16.2
165,2,7.6
733,4,8.1
514,2,1.0
656,1,2.1
1155,3,0.1
471,3,32.7
888,2,25.9
1254,2,8.0
504,1,3.5
182,2,2.1
653,1,0.5
868,1,1.3
350,3,16.8
389,1,1.3
215,2,3.3
1768,3,7.7
475,2,1.0
1338,1,24.2
1334,1,1.0
246,3,8.3
1208,1,1.2
41,3,5.5
169,3,2.3
1741,2,18.4
351,2,10.5
910,4,11.3
464,3,27.2
718,4,8.5
220,2,8.3
142,3,0.5
398,3,14.5
1328,2,23.6
112,2,14.6
733,1,4.2
59,1,8.2
1943,2,8.4
832,2,5.5
257,2,1.7
1579,3,4.0
402,1,5.9
497,3,12.5
314,2,1.7
1486,2,29.6
1614,3,9.0
1026,1,26.7
1107,3,2.2
1454,1,2.7
1951,2,3.9
932,2,2.1
1716,3,29.8
1251,1,2.9
1358,1,0.1
416,1,4.8
66,1,4.2
784,3,16.0
774,3,5.7
1442,2,13.7
881,3,3.4
1431,3,7.5
1465,3,5.0
658,3,3.7
1626,2,6.7
1612,3,10.4
1103,2,15.7
892,4,24.8
1851,1,0.1
1047,3,30.2
1591,1,2.6
1729,2,4.7
1755,3,17.5
1755,1,20.5
420,2,11.5
289,3,1.6
1558,2,19.2
103,1,6.8
16,2,7.9
1407,2,71.0
228,3,18.7
1265,2,4.7
711,1,10.4
1506,1,7.7
11,2,1.7
1813,1,6.2
686,3,5.0
1560,3,5.1
422,2,13.1
788,3,15.5
950,3,14.3
172,1,6.6
273,4,0.0
1523,3,2.8
1216,2,5.0
71,2,15.5
1948,3,4.2
655,2,2.5
890,3,16.5
735,1,13.9
1203,2,13.4
1310,2,11.4
1727,2,1.9
559,1,16.2
719,2,0.7
1924,1,13.2
971,3,11.5
451,1,6.2
819,1,0.1
291,1,3.5
61,4,3.1
1360,2,3.7
1303,2,16.5
1709,2,4.9
1602,3,0.6
1973,1,12.3
1157,2,7.8
665,1,0.9
1229,3,0.1
1301,1,29.7
1997,2,1.5
1003,2,31.5
188,3,9.8
534,4,5.0
145,4,2.7
921,4,4.7
1730,2,10.5
1439,3,1.4
912,1,2.4
1256,3,1.9
1788,1,0.6
681,1,37.2
1545,3,15.3
1840,2,17.8
11,2,5.9
922,3,20.5
1654,1,2.2
230,2,0.3
862,2,0.7
1057,3,2.3
118,1,3.2
539,2,3.4
129,1,1.7
1704,3,10.4
1734,2,2.5
1646,1,2.3
1124,2,50.2
327,2,0.5
954,1,8.4
818,2,1.5
912,1,9.4
121,1,9.6
1126,3,20.7
1882,4,5.2
1561,3,19.6
384,4,4.0
1805,1,15.1
900,3,0.1
1624,1,15.3
1329,1,14.4
286,1,8.5
538,2,1.5
9,2,10.4
1204,3,14.8
1244,3,10.1
1170,3,30.5
1306,2,14.9
1296,1,4.9
429,1,13.6
1849,2,36.5
1233,2,10.1
1081,3,1.6
731,2,3.9
878,1,5.9
825,1,14.0
961,2,2.4
1745,2,16.9
813,2,1.6
1729,4,0.4
565,3,4.9
1999,3,40.4
888,1,4.1
95,3,0.1
760,3,1.5
1799,1,3.3
516,3,0.5
1082,3,0.3
1741,2,8.6
1278,2,21.4
829,2,3.0
1532,2,5.7
71,1,2.2
1822,2,9.7
38,1,14.1
1406,2,1.5
1897,2,15.2
1947,3,6.0
1625,2,48.2
859,3,3.2
614,2,18.5
446,3,23.2
1365,1,9.9
1931,3,15.1
277,2,16.0
297,3,8.3
390,1,1.8
815,1,5.2
1150,4,5.8
1669,3,15.8
496,1,3.6
483,3,5.5
896,2,6.3
1497,2,0.8
1729,3,27.4
180,3,24.6
1297,2,1.8
1123,3,6.8
637,1,1.6
661,3,9.4
1986,2,51.2
1370,3,4.3
1711,2,4.0
757,2,0.8
1138,2,0.2
1191,2,10.8
1949,3,9.9
32,2,5.3
37,3,1.3
1679,2,3.3
51,1,16.7
314,2,0.5
1156,2,1.5
135,3,0.2
1966,1,15.5
439,2,2.3
1517,4,1.9
1402,3,2.1
1383,3,6.5
281,2,3.2
1629,2,35.8
716,3,11.3
1129,3,25.2
1691,1,19.3
1520,2,10.5
521,1,15.7
1452,2,3.5
107,4,8.5
672,3,29.2
740,1,16.0
1186,3,9.9
397,2,5.7
1872,1,2.1
649,3,3.2
276,3,4.4
1726,2,2.9
899,3,2.8
685,1,0.1
1788,3,5.1
1797,2,0.2
1985,1,2.7
643,1,1.3
413,2,3.6
349,2,4.5
76,2,0.4
904,3,13.4
139,1,11.4
492,3,3.6
1492,3,1.6
851,3,33.2
1816,3,8.6
142,3,2.8
688,2,17.9
1861,3,18.9
808,3,9.0
312,4,31.7
1332,2,6.9
1424,3,1.7
1833,3,8.2
1992,1,1.0
1602,2,4.8
1858,2,19.1
1628,1,17.5
321,2,3.5
933,2,3.7
1744,1,1.3
1493,2,9.6
940,2,8.1
1878,2,18.9
1419,3,4.1
1149,1,0.6
358,3,0.2
1072,2,15.1
1245,4,23.7
54,2,8.9
491,2,18.6
478,4,46.9
1206,1,6.5
1065,1,1.5
1714,2,8.5
1128,2,8.9
85,1,21.9
290,2,18.4
574,2,24.6
741,4,19.7
630,2,7.6
1108,2,14.6
336,3,1.3
1535,2,0.7
261,3,3.0
1492,3,18.4
1271,1,13.2
227,2,5.5
1831,4,23.4
1224,3,1.4
605,2,9.1
1915,1,4.3
1588,3,6.1
1282,3,13.7
36,2,34.1
860,2,0.1
720,2,33.4
1803,2,8.7
413,1,7.1
286,2,5.0
324,3,1.6
147,3,13.9
1147,2,11.3
120,3,4.7
614,4,0.3
3,2,7.0
274,3,14.3
518,4,17.6
936,2,3.7
419,3,5.5
1442,3,7.5
1319,4,11.5
1305,1,0.9
131,2,2.8
1030,2,13.2
1626,4,34.7
1821,2,1.3
878,2,15.2
843,2,9.7
1933,1,7.1
1745,3,13.7
25,4,3.7
1498,1,8.8
150,3,1.5
1590,2,9.1
38,3,2.6
391,3,10.7
399,3,1.0
57,3,9.7
1469,1,31.9
1681,1,0.3
917,2,16.5
1293,1,2.9
1957,2,10.9
327,3,3.4
1997,1,0.2
1798,2,2.0
946,1,12.9
1375,4,0.4
1668,2,15.1
1787,1,51.1
1672,2,8.8
35,2,1.3
151,2,4.5
203,3,2.8
277,2,13.9
464,1,11.1
1762,3,2.0
509,1,8.4
1131,3,2.3
10,1,1.9
1630,2,0.1
888,1,0.3
1197,4,3.0
251,1,17.8
409,3,12.9
614,4,4.4
1466,4,14.9
1117,3,16.2
524,1,3.5
1193,2,5.9
979,2,2.1
894,3,10.3
58,3,0.0
124,3,4.4
56,2,1.3
1833,1,17.7
1303,3,5.1
1128,1,2.7
217,3,16.9
192,3,3.0
202,3,7.0
547,2,7.9
673,1,11.1
567,3,11.3
529,2,4.4
1215,3,12.5
1439,1,2.2
1300,1,9.3
1874,2,1.2
561,1,6.5
1945,3,17.7
713,1,5.2
570,3,7.6
1335,1,3.7
1251,2,1.3
1005,3,13.7
1213,3,1.1
457,4,28.4
186,2,7.8
1107,1,9.8
352,3,14.9
1031,3,1.7
550,1,0.6
1604,2,1.4
979,2,1.2
1436,3,13.3
1546,2,9.1
1227,3,7.7
1700,2,6.1
1794,3,8.6
1488,3,4.0
1038,1,5.1
649,3,1.3
1612,3,10.9
1017,3,7.6
1858,3,10.3
471,1,0.3
717,3,8.8
1188,4,23.9
1979,3,29.4
1089,3,39.9
1021,1,22.2
830,2,2.2
1609,2,13.5
845,3,2.0
8,2,0.8
489,2,7.6
338,3,19.6
1250,2,6.6
1229,2,4.4
40,1,4.3
181,3,16.3
521,1,10.0
757,2,21.1
520,1,5.7
80,3,5.2
638,2,17.0
555,3,5.7
1676,3,12.1
1829,1,1.8
36,2,32.4
1400,4,22.1
767,3,4.0
1310,3,7.2
512,2,5.4
845,1,31.7
1150,2,1.4
1494,1,37.1
1672,2,5.2
691,3,3.2
690,2,11.1
862,1,20.1
1893,1,1.3
1016,1,1.8
1949,2,1.2
1027,3,17.5
1774,3,1.0
823,3,33.3
415,2,3.0
1650,1,15.9
1640,1,6.3
600,2,10.4
1610,1,2.0
639,2,3.2
1341,2,4.8
1922,3,25.9
1383,3,44.5
1692,2,6.7
1519,3,6.1
45,4,10.8
1795,3,5.1
1569,3,1.4
388,2,11.1
23,2,16.2
876,3,0.3
1702,3,1.1
76,2,8.0
92,1,10.2
1164,1,23.8
1477,4,3.0
916,3,15.2
236,3,12.4
109,2,4.7
1120,3,12.5
849,2,10.2
1061,3,0.1
1670,4,5.2
1527,4,4.7
660,3,3.2
716,3,12.3
1963,2,9.8
1332,3,6.2
1588,2,6.0
180,1,41.6
1027,2,12.1
561,2,5.5
7,3,6.5
1499,1,4.4
923,2,22.5
406,4,5.2
1996,3,6.8
1704,3,9.2
687,3,4.4
594,3,1.0
1309,2,38.6
1355,2,9.0
1906,3,7.4
1682,2,2.7
1457,3,21.8
235,1,3.7
207,2,23.9
777,2,4.4
1488,3,9.2
662,2,1.1
1326,2,4.4
935,2,14.3
319,1,59.2
51,2,4.6
405,2,0.5
436,1,7.5
1145,3,7.5
315,3,2.0
659,2,1.1
1259,2,9.1
1881,3,6.7
739,3,40.8
1148,4,6.2
1952,3,44.1
1485,2,4.0
1208,3,33.9
948,3,28.7
54,1,7.3
694,3,2.6
1389,4,1.9
1139,3,19.8
541,3,3.6
1408,2,11.7
1607,1,16.9
919,2,3.9
1693,1,1.7
568,3,0.9
1689,3,5.1
1341,1,16.3
1998,3,26.9
1293,3,1.8
1570,3,17.2
1466,1,15.0
645,3,5.3
31,1,17.0
1014,1,5.9
1000,3,9.7
1381,3,14.9
1321,4,1.9
1061,4,9.3
1460,1,19.0
1139,2,8.2
1202,3,1.6
263,2,22.9
1935,1,3.0
582,1,7.2
189,2,3.1
1813,3,8.7
1787,3,4.9
1500,4,8.2
1758,1,1.3
138,1,11.5
295,3,0.2
1866,2,6.4
1095,3,9.6
846,3,2.4
169,4,14.9
82,3,7.6
365,4,0.2
704,1,1.8
411,3,18.1
190,3,4.1
761,1,11.9
1300,1,1.2
253,3,14.3
1754,3,6.3
509,3,3.0
1120,1,4.2
438,3,5.8
1611,2,3.1
267,4,2.5
652,2,2.9
947,2,3.2
249,1,8.2
1946,2,1.8
1398,1,1.1
200,4,2.0
291,1,5.4
608,1,2.2
619,2,21.8
54,1,0.4
1899,3,1.6
499,2,12.6
1161,4,4.6
16,1,16.4
1593,2,7.5
1880,3,3.9
1520,2,11.2
1587,3,12.1
714,2,0.7
1379,2,1.7
1951,4,2.6
1224,1,33.3
1505,2,9.4
1151,3,20.3
457,4,9.0
1487,1,13.5
140,2,8.1
764,1,22.6
1560,2,1.1
361,1,34.5
1631,3,14.6
1782,3,0.8
932,3,7.4
1331,2,7.7
1287,3,4.9
1302,2,1.4
1474,3,0.7
162,3,30.8
80,1,15.3
1374,1,8.4
124,4,30.3
371,3,0.2
1345,1,31.7
973,2,18.8
343,3,9.2
1050,2,2.2
1479,2,23.2
1246,1,2.6
697,1,5.0
1825,4,7.3
1371,2,10.5
1909,1,0.8
372,3,15.8
298,2,12.3
856,2,0.3
396,2,18.5
355,2,8.7
1276,3,10.6
76,1,7.7
1514,1,25.4
1943,2,15.2
1031,1,3.5
1030,1,14.6
751,3,4.6
578,2,22.7
1310,1,29.7
1070,3,27.9
121,4,8.7
630,3,2.9
1014,2,11.5
1985,1,6.1
1461,4,0.1
992,3,14.0
757,3,0.6
140,3,1.4
1930,1,6.7
615,3,20.9
445,1,4.3
1117,1,8.8
1960,3,3.8
938,1,14.4
714,1,26.6
1737,2,7.7
550,3,18.5
1889,3,9.2
345,1,21.4
243,1,42.0
12,3,9.1
1607,4,4.7
679,2,2.4
476,2,0.5
1842,3,4.3
1912,4,16.4
922,2,3.5
1395,2,7.4
595,1,8.8
674,2,0.9
820,3,14.2
1538,4,10.6
1057,2,15.4
1155,1,17.1
334,2,1.5
128,3,1.0
543,2,2.9
1316,3,4.0
801,3,7.4
1717,3,16.8
775,2,4.9
1577,2,0.1
1076,1,21.1
1058,3,2.0
15,3,3.2
874,1,2.0
723,3,30.8
1598,1,16.4
874,1,4.8
239,3,11.6
670,2,0.4
845,3,10.2
493,2,1.8
899,1,11.1
671,2,7.9
1968,3,29.3
1900,3,0.7
435,2,13.0
102,3,1.7
709,1,7.8
1461,2,19.4
1410,2,12.6
500,3,4.8
1960,2,2.7
180,2,3.3
643,2,1.3
1193,1,1.1
1597,2,8.6
1531,1,8.6
1984,1,41.4
989,1,8.6
1098,3,12.3
1219,1,0.6
737,4,5.3
1794,1,20.9
36,1,5.7
692,3,20.8
993,3,4.7
686,2,0.1
1850,3,31.5
564,3,10.1
287,4,58.1
1903,3,3.2
726,3,0.7
279,3,50.3
1834,3,33.7
906,3,8.7
440,2,4.0
648,1,2.3
1171,3,4.4
1650,2,2.1
727,4,3.9
858,4,4.9
449,1,19.2
606,1,30.3
1465,4,4.7
819,2,11.0
415,4,7.5
369,2,11.8
1982,3,64.0
1474,3,13.7
1352,4,5.9
229,1,3.3
1716,1,0.5
1874,1,11.9
600,2,4.1
1423,3,11.7
1359,3,2.7
651,2,14.1
1658,4,3.2
1578,3,23.7
974,1,16.3
1941,3,5.5
1344,3,4.1
698,3,7.9
482,4,2.6
814,1,6.8
1775,3,2.6
899,1,0.8
1140,2,9.9
1779,1,5.3
599,3,16.5
604,2,17.1
1888,1,1.8
1657,2,22.3
713,1,8.5
1931,4,4.5
321,1,4.4
599,3,3.3
226,1,24.1
370,3,24.3
1503,1,6.4
1507,3,0.3
631,2,1.4
629,3,5.7
789,2,6.0
1000,2,0.0
225,2,2.7
790,3,3.7
572,4,9.3
1381,3,32.2
1536,2,0.7
1542,1,11.6
394,1,23.8
1765,3,15.8
188,2,0.3
470,1,2.9
175,1,8.8
264,3,3.4
672,4,8.7
886,1,8.1
1945,1,2.8
1638,3,5.9
73,2,4.4
1231,2,13.0
699,3,17.2
705,1,6.1
451,2,20.5
721,2,12.9
1699,2,1.8
593,3,1.0
506,1,5.3
1944,3,3.5
664,2,3.5
1374,3,11.9
1031,3,8.7
726,2,0.7
971,3,5.0
1017,2,13.3
619,2,6.9
560,2,23.1
348,2,16.7
167,4,5.1
1805,1,2.9
1633,4,9.7
562,4,4.3
410,1,17.4
712,3,4.1
199,2,3.4
882,1,13.0
1889,1,24.7
1423,2,12.3
1841,2,12.8
949,1,8.5
252,2,4.1
1904,2,5.6
1599,2,0.9
1999,2,2.3
82,1,3.6
1330,2,1.5
1768,2,0.6
526,1,10.6
1928,1,23.3
359,3,0.6
1440,3,0.1
1018,2,0.8
1952,2,7.2
468,1,10.2
922,2,21.4
978,3,6.6
1358,3,17.6
766,2,0.9
387,2,17.1
1483,3,5.7
696,4,2.3
200,2,3.0
1014,4,10.7
1721,3,14.6
265,2,13.9
1217,1,7.8
1679,2,5.5
21,2,24.4
62,2,2.3
1896,1,8.3
798,3,20.5
902,2,17.7
259,3,3.1
1678,1,3.1
1917,1,13.9
132,3,7.6
839,2,12.5
717,3,1.5
652,1,3.8
864,4,1.4
1179,3,1.3
1884,3,14.4
1354,3,11.1
222,2,10.4
721,2,4.4
44,2,10.2
1885,1,4.6
124,3,5.5
774,3,0.9
1298,2,3.1
147,1,9.4
126,3,1.0
1097,2,3.4
224,3,0.5
1911,1,32.2
350,3,23.5
1469,2,22.9
1210,2,34.5
1544,3,7.1
581,2,7.1
1586,2,12.1
7,3,5.5
1179,3,8.5
897,3,55.6
1406,2,10.3
111,2,19.9
1882,2,7.7
1723,2,0.5
905,2,8.1
559,2,4.6
1260,1,8.3
966,3,19.4
909,3,6.7
1120,1,2.7
208,3,0.4
1826,3,5.3
1695,2,2.8
642,2,4.4
526,3,0.7
1768,1,2.6
1173,2,17.2
1715,1,0.8
1776,1,4.0
1936,1,18.6
1010,4,14.0
635,1,6.1
1560,2,9.5
836,3,8.2
1441,3,1.2
707,1,7.2
710,3,32.7
74,2,7.3
958,2,8.9
1277,2,16.1
235,1,1.4
502,3,17.3
294,2,12.8
1209,2,11.6
845,2,5.0
1744,2,22.1
1262,2,3.7
147,2,5.0
34,3,0.6
1423,2,19.7
577,1,42.2
497,3,17.9
1133,1,7.5
1583,2,10.6
657,3,22.0
694,1,3.7
1762,3,4.0
1119,2,5.1
621,3,2.4
509,1,8.0
1147,4,1.1
1581,2,44.5
1478,1,15.6
1670,2,20.6
639,1,2.4
458,3,1.2
1534,3,4.0
1991,1,4.8
398,2,12.0
1575,3,34.7
1914,2,17.5
1505,3,28.0
106,3,2.6
1150,1,7.6
1603,3,3.6
904,3,4.2
1890,2,3.5
310,1,4.8
214,1,0.8
1909,3,19.1
111,1,9.4
449,3,26.0
1773,3,11.5
1885,2,9.8
1959,2,3.2
50,3,19.6
74,4,5.4
926,3,0.6
793,3,3.7
840,3,7.5
1579,1,0.0
1505,3,11.4
1895,4,27.1
361,2,1.1
247,2,10.2
1064,4,2.7
688,3,1.7
999,2,9.2
1320,1,2.1
1992,2,2.9
607,1,12.0
545,4,4.4
1575,2,6.5
590,1,2.9
40,1,25.0
1314,3,4.6
541,3,0.9
1099,1,4.0
941,3,1.1
1236,2,27.0
1515,1,55.0
290,2,20.0
370,1,4.5
1645,3,18.2
1933,2,6.5
57,2,3.3
1644,2,10.1
1344,3,5.0
1036,2,9.6
166,2,5.4
874,1,9.9
1576,3,30.3
194,1,9.3
1235,2,2.4
50,3,23.1
1377,2,1.3
1028,3,17.3
141,3,0.9
1172,3,8.5
1725,1,3.2
425,1,19.8
1239,1,0.1
1847,3,2.7
75,2,17.8
1360,3,1.8
794,3,13.5
449,1,3.2
839,3,28.4
430,2,13.4
1464,2,9.5
1463,1,26.4
613,3,10.4
1190,2,28.7
1402,2,9.9
1393,3,8.8
737,3,14.7
1868,3,0.9
1751,3,2.7
11,2,5.4
684,1,0.6
1141,3,4.3
325,2,8.0
83,2,3.2
1645,1,22.8
555,1,15.5
1710,3,9.2
1837,1,6.7
1895,2,53.2
438,3,14.7
507,2,6.3
1174,1,11.2
1071,3,3.5
629,2,4.0
217,2,0.7
1871,1,0.1
568,3,7.9
177,3,20.3
1405,2,6.4
471,4,11.0
370,2,6.8
573,2,2.6
1690,1,1.3
1640,3,29.7
938,3,5.0
1351,1,18.2
1908,3,9.9
1241,1,3.5
1059,2,86.0
33,2,3.1
1621,2,2.6
1717,1,7.5
1830,2,6.0
756,1,15.7
345,4,7.8
687,4,1.0
1522,1,1.0
1623,1,3.6
32,3,23.0
776,4,9.1
1186,1,5.9
1835,3,17.0
568,4,9.8
1392,3,2.2
556,2,12.1
771,2,1.9
577,4,9.1
1143,2,6.9
1173,3,38.3
1792,2,32.7
459,3,6.1
1584,3,4.2
784,1,32.0
250,1,3.8
892,2,0.4
1436,3,7.3
1134,2,7.0
825,2,7.5
669,1,1.6
1311,3,2.5
671,2,4.4
217,1,9.5
1356,2,15.3
1093,2,16.5
510,3,0.2
1731,3,1.4
801,1,10.9
268,3,2.2
1138,2,4.8
1061,3,7.3
1798,1,1.7
636,3,4.3
688,3,1.7
1320,4,20.6
1965,2,1.8
126,1,17.0
1783,2,8.4
1126,2,5.0
899,2,9.8
1893,3,12.5
1808,3,29.1
1478,2,5.9
641,2,3.3
434,3,12.3
461,3,6.5
1684,2,21.5
317,1,19.9
1975,2,7.9
1551,2,24.4
1292,2,12.5
661,1,9.9
525,3,14.6
1505,3,5.6
1870,1,0.5
1580,2,4.5
1861,4,7.4
1622,3,2.1
1434,3,0.1
36,2,3.1
1367,3,4.3
1194,3,1.4
673,3,0.9
1806,3,3.8
1597,1,18.9
564,1,5.0
1104,3,16.6
458,3,10.8
614,1,0.3
703,2,3.1
519,2,0.6
1234,1,20.6
224,1,3.6
640,4,1.6
668,4,31.5
916,1,6.6
363,2,25.8
926,1,23.1
963,1,0.7
1023,3,2.3
531,1,32.1
1116,2,25.7
510,2,6.9
1468,2,4.8
1788,3,6.4
1767,3,13.9
487,1,3.1
1227,3,2.8
1321,1,0.4
543,2,1.1
195,1,6.9
339,2,19.6
258,1,3.0
637,2,24.1
126,3,9.0
1129,4,1.4
1458,2,0.2
815,1,10.6
618,1,6.4
1708,1,0.5
1014,1,2.1
1657,1,1.1
1023,2,1.1
920,3,30.9
117,4,13.5
68,3,8.2
427,1,9.4
708,2,2.6
585,2,8.2
480,3,11.6
1735,1,15.9
1964,2,12.5
1884,3,0.0
1997,2,17.8
1907,1,17.6
31,1,0.1
914,2,14.0
1453,2,3.0
1316,1,4.1
1613,2,6.0
1201,2,6.7
1052,2,1.0
1843,3,23.0
1881,1,3.4
131,2,8.0
1744,2,2.3
1111,4,15.3
1974,3,0.3
653,4,3.5
1097,3,11.1
914,3,2.1
1468,1,5.0
1271,1,20.7
1394,3,8.1
1366,3,11.3
1224,3,4.6
211,2,34.1
1310,2,11.4
1911,3,36.0
52,2,7.6
329,2,8.7
839,2,3.9
594,3,1.0
1765,2,2.6
887,1,2.9
1824,2,11.1
1186,4,0.3
1228,2,10.5
60,2,8.1
915,3,0.6
1048,3,24.4
1855,2,17.1
1710,1,7.8
922,2,1.3
1792,3,7.1
384,3,1.2
788,3,2.8
993,2,10.1
963,3,4.7
1793,2,1.7
1567,3,38.1
1054,3,7.4
1754,3,6.7
620,3,8.5
1814,3,9.4
1722,4,2.2
1727,2,10.5
253,3,4.9
1437,1,2.0
571,2,6.6
805,1,6.0
231,2,10.3
1363,1,1.4
433,1,5.9
356,3,3.9
65,2,6.4
511,2,1.1
1389,1,13.3
1125,2,12.1
634,2,10.7
1119,2,16.5
1058,4,3.5
484,2,1.6
1832,3,1.9
462,2,7.9
796,1,7.8
1834,1,1.3
1004,2,0.2
1447,3,22.0
816,2,4.9
1983,3,7.5
301,3,2.7
504,3,1.8
1188,2,0.5
1962,2,11.7
1414,1,28.5
1056,4,31.6
633,3,11.1
439,1,0.5
1724,3,15.5
190,1,5.4
825,1,3.0
346,3,17.8
417,3,1.3
1977,1,7.3
182,1,36.7
1085,3,1.0
1463,2,2.8
536,3,2.7
586,3,12.2
285,3,30.4
927,3,11.3
846,3,2.7
549,3,4.6
1648,4,29.0
790,2,0.6
1605,3,20.9
830,3,6.5
1186,3,7.1
627,2,11.2
764,1,2.6
1707,1,30.0
903,1,4.2
1078,3,13.3
906,2,13.7
1506,1,16.5
1826,3,8.6
1062,2,11.0
944,2,1.7
387,3,2.9
929,2,1.2
1979,1,16.0
328,3,7.1
941,3,20.6
215,1,3.1
475,1,10.5
471,4,4.1
180,3,6.0
846,3,8.0
368,3,8.7
1398,1,0.6
1861,2,6.7
925,3,31.4
568,2,21.6
1852,2,24.7
1811,2,8.6
1419,2,19.4
1967,2,26.5
1968,3,0.8
984,3,0.1
1447,2,2.7
1682,2,2.7
1132,1,30.8
1185,1,32.8
1950,2,26.2
1934,4,2.4
1772,3,5.4
3,1,6.0
1202,1,6.5
668,4,3.7
479,2,0.7
1914,3,2.4
910,4,21.0
907,2,3.5
1389,3,0.3
315,2,11.3
267,2,4.1
1871,2,0.3
1658,1,3.5
217,3,5.0
1236,3,3.1
385,3,25.9
1279,2,1.4
881,2,3.2
973,3,1.7
2,3,1.9
430,3,4.0
1447,2,0.3
1845,3,7.0
1077,3,12.2
1776,1,5.0
1648,2,2.6
858,2,7.1
1631,4,17.9
1669,2,9.5
1694,3,8.5
1303,3,10.0
1415,2,36.8
1102,2,2.0
512,2,8.6
1519,3,0.7
1206,1,5.3
1414,2,2.6
1152,1,6.5
1815,4,16.7
1038,3,17.5
1334,4,7.1
1597,1,28.8
701,3,3.6
593,1,9.5
768,1,10.5
682,3,6.3
685,2,2.2
601,2,4.7
1459,2,6.0
728,1,17.9
277,1,3.7
1014,1,18.0
1172,1,16.7
498,1,1.0
414,3,6.4
1479,2,16.7
1301,1,8.2
1215,1,10.9
1651,2,11.1
854,3,23.4
1789,2,2.9
928,3,3.8
1152,3,3.4
1098,1,27.6
558,2,10.3
1848,3,7.1
1404,3,6.9
911,3,33.4
1955,2,2.7
1219,3,0.0
376,2,8.4
1075,4,11.5
1477,1,0.1
1467,1,9.8
1066,3,4.6
386,2,1.7
574,3,11.8
1178,1,5.3
401,3,10.3
1444,2,12.0
1,4,1.5
1761,3,4.5
955,2,9.5
1711,4,7.3
204,1,18.4
468,3,35.8
1836,4,3.6
973,3,3.3
839,2,20.4
1,3,10.8
1718,2,43.0
1205,3,36.2
461,3,5.6
490,3,31.3
288,2,4.0
1606,3,2.3
1867,3,75.7
138,1,28.1
1550,3,7.7
1529,4,5.1
1096,2,2.4
253,2,10.5
398,1,7.9
1755,1,0.5
289,1,5.7
463,2,16.8
1620,2,3.5
779,2,3.7
1212,2,3.6
1397,1,2.8
1054,3,0.9
1421,2,19.0
1662,2,8.5
1196,4,1.5
1938,3,0.3
1734,1,1.9
445,2,6.1
1982,2,1.6
35,1,4.1
623,3,3.5
1893,3,6.9
1814,1,11.1
677,2,5.7
1987,3,26.8
1465,2,5.8
403,1,0.0
747,3,1.4
256,3,6.0
1533,2,21.2
1529,3,17.6
1381,3,9.5
476,3,0.4
1209,2,20.5
1450,2,0.0
1162,2,17.4
1691,2,26.6
157,2,1.0
214,3,10.7
178,1,5.7
108,2,0.9
1816,4,0.4
628,1,7.9
293,3,4.9
836,3,4.9
995,2,2.4
1040,4,3.5
1343,2,2.2
431,3,12.8
1784,3,14.6
783,2,4.7
1693,3,5.5
1583,2,7.8
295,1,8.5
895,3,3.3
1813,1,4.5
1537,2,0.3
305,3,27.9
1381,2,1.0
1734,3,4.2
55,3,7.6
1408,2,6.9
1244,2,7.9
1267,3,59.6
842,2,11.5
1552,2,2.0
964,1,7.5
97,4,11.2
957,1,4.8
1300,1,10.1
1125,3,2.1
1602,3,27.2
1863,4,29.7
1925,3,4.1
909,3,11.4
1790,1,0.5
326,3,21.1
729,2,6.1
1327,3,3.1
302,3,6.2
33,2,12.6
78,2,4.0
212,3,10.2
1889,3,0.3
812,2,17.5
1725,3,5.5
459,3,6.2
60,1,27.9
1689,1,4.4
1855,3,0.3
1651,3,13.6
1735,3,21.1
282,2,6.9
314,2,6.0
767,2,6.7
1659,3,0.1
1649,1,38.8
1738,2,4.8
222,1,48.6
461,2,16.0
1905,1,5.5
815,3,0.8
1662,3,16.2
997,4,2.0
1823,2,45.9
1576,1,18.2
1054,3,0.2
347,2,1.7
1751,3,1.5
769,3,3.1
446,1,12.1
1463,1,2.7
1925,4,2.3
1794,3,3.3
146,3,9.8
1261,1,28.9
1106,2,13.8
657,2,2.0
1625,1,8.7
1803,1,1.2
859,3,6.8
1036,3,7.5
1096,1,12.2
662,3,9.6
1819,1,19.0
703,3,5.7
1254,1,17.2
1161,3,46.9
549,2,6.8
545,2,5.9
692,1,5.6
234,3,15.8
1742,2,49.5
1096,3,4.7
1077,2,3.8
1909,1,4.7
1665,2,9.4
823,3,8.5
1688,1,2.8
1132,2,28.6
1904,3,11.8
840,1,22.0
1691,2,0.2
1099,2,43.4
993,1,26.8
527,2,7.1
1664,2,27.3
1374,3,7.8
298,2,2.3
750,2,17.2
1981,3,3.2
1051,2,14.8
1947,2,3.2
1723,2,1.9
1956,1,18.1
1936,2,11.6
79,1,22.6
570,2,1.4
1755,3,10.4
188,3,1.2
677,3,15.8
563,2,37.2
272,2,7.7
118,1,11.5
479,1,13.1
20,1,25.8
1455,2,12.0
1175,1,9.3
190,2,1.6
1117,2,4.4
1626,2,10.5
1951,2,1.1
814,3,1.7
1591,1,21.9
1371,3,7.6
1026,3,0.9
1793,3,0.4
1525,1,4.0
1566,2,11.6
1842,3,4.7
1836,4,6.2
102,1,2.5
393,2,39.1
1589,1,15.5
643,3,34.9
1759,1,1.5
1815,3,3.2
996,4,38.1
804,3,22.3
1245,2,20.5
1891,2,9.1
684,3,43.4
142,3,0.5
862,1,0.6
1135,3,6.2
1542,2,3.9
178,3,13.6
599,1,1.9
1919,3,9.0
144,2,3.4
608,1,14.1
1724,2,6.6
1521,1,3.5
1222,2,0.6
394,2,8.2
1889,4,0.9
433,3,18.4
1643,3,2.8
1509,1,8.5
394,2,12.5
1631,2,9.2
1975,3,4.0
1761,3,9.8
344,1,18.3
692,3,1.3
1598,1,8.1
1910,3,4.4
70,1,7.9
175,1,14.3
1875,1,2.2
1551,2,2.7
1707,1,3.0
1293,1,0.0
989,2,5.4
230,1,2.4
1645,3,4.1
564,1,1.7
1970,4,15.7
933,4,3.3
1532,2,17.1
328,4,2.0
1467,1,11.2
1315,2,2.6
191,3,1.7
1996,3,28.1
1293,4,17.0
1956,1,16.4
1588,3,13.1
877,2,0.4
1973,2,3.2
522,3,1.5
1401,1,23.6
1650,2,6.1
1636,2,4.7
1121,4,7.1
344,3,23.7
1583,1,2.0
48,3,18.1
1676,2,14.8
998,2,25.7
51,1,10.4
1728,1,10.9
1674,1,7.9
84,2,1.5
498,1,7.4
1448,2,5.6
1775,1,16.2
660,1,0.1
1076,3,0.9
1265,2,12.6
1122,3,20.7
531,2,9.6
1282,3,1.4
770,3,0.0
129,3,8.0
584,1,9.1
1689,1,22.1
1035,1,9.2
8,3,8.3
29,3,2.0
474,3,25.2
236,2,1.0
635,2,2.2
1262,1,10.6
1058,1,1.5
1439,1,45.5
959,2,2.5
333,1,6.1
1345,1,7.3
1831,2,0.2
1990,2,3.9
1652,2,6.1
1091,4,0.2
946,4,2.3
895,1,3.4
1088,1,8.5
708,3,6.0
1057,4,12.6
998,3,14.2
300,3,7.8
1482,1,4.4
1734,1,12.3
743,1,2.8
1931,3,61.1
280,2,6.4
753,1,6.5
670,3,4.0
1751,2,3.1
895,4,2.0
416,2,1.6
222,3,2.8
1869,3,0.7
905,1,10.0
693,1,3.2
1624,2,9.3
303,1,8.8
1703,2,1.3
1472,3,6.2
100,3,10.3
211,1,12.4
1891,3,9.0
1179,4,5.3
644,2,24.1
966,2,16.4
1027,2,16.5
1169,2,26.0
518,4,0.8
859,2,1.7
1057,3,29.8
793,3,17.1
351,3,4.8
1074,3,5.2
1808,2,0.9
70,4,9.6
501,3,19.2
1654,3,2.8
55,2,22.7
1406,2,11.1
940,2,29.0
67,3,10.4
1496,2,35.6
399,1,3.1
608,2,1.8
533,1,21.1
1586,2,0.5
1894,1,15.9
1187,2,1.0
1082,2,1.4
390,3,7.7
1214,4,5.4
603,2,6.3
1369,2,1.8
358,2,12.0
588,2,12.2
1864,3,4.4
1168,1,0.3
1182,3,11.0
853,3,19.5
1618,2,37.1
1394,2,9.4
664,4,25.0
1904,3,8.6
1992,1,7.1
377,2,1.2
853,1,18.0
1791,2,5.8
1424,1,9.4
545,2,3.7
1555,1,4.7
196,1,1.0
1807,2,16.7
1760,3,3.0
1225,4,4.1
469,1,3.3
1008,2,21.6
146,3,2.3
644,2,12.1
906,4,19.1
158,1,19.2
405,3,5.5
1650,4,7.2
725,3,12.8
1957,3,11.8
360,3,9.5
589,1,0.1
1632,1,15.9
1165,4,0.7
863,4,0.5
983,2,16.1
1562,2,5.7
1456,3,3.8
709,1,19.9
1164,1,1.2
618,1,0.0
426,1,3.3
105,3,2.4
1151,2,31.3
986,2,1.1
903,2,9.7
370,1,5.8
1243,2,1.1
1838,3,0.2
34,2,13.4
1240,4,16.0
432,2,8.3
777,3,2.4
524,2,10.6
210,3,3.5
1154,4,19.1
1676,3,2.8
1718,1,10.0
867,4,2.8
1001,1,16.6
659,3,4.2
143,1,4.4
1651,2,26.0
1598,1,0.2
1891,3,25.5
1343,3,6.1
1507,3,13.3
1259,3,2.5
1385,1,15.2
955,1,4.5
1076,1,5.2
114,2,0.3
911,2,6.4
1552,2,15.4
1491,1,12.5
1856,2,4.1
4,2,7.3
1295,3,8.8
337,3,17.0
1722,3,11.1
1099,1,6.6
998,1,1.3
1556,1,5.8
1617,3,4.5
1325,3,15.1
1330,2,8.6
1621,3,0.6
856,4,33.1
524,2,11.9
1803,4,15.8
998,2,0.0
1830,3,14.1
1257,3,18.5
1798,3,3.3
73,4,18.0
976,2,24.1
1146,2,6.7
291,2,0.3
1601,3,3.7
1190,2,2.4
910,1,14.7
1315,3,15.3
222,3,0.9
729,3,3.6
803,3,1.6
1289,1,5.4
468,3,34.9
1,4,11.1
841,1,0.0
1812,1,15.0
797,2,12.4
1460,1,8.4
1822,2,2.4
1461,4,9.6
1872,3,8.3
1845,2,5.7
909,3,17.4
1917,3,3.5
1225,4,6.3
660,1,8.0
517,2,38.4
902,1,0.8
482,4,19.9
1119,2,4.9
684,2,6.5
1747,3,1.6
379,3,0.3
323,2,12.4
194,2,7.6
953,2,19.4
1866,2,1.6
491,2,2.4
28,2,32.7
1736,3,19.9
1584,3,0.9
538,3,0.0
1196,2,16.8
632,3,6.6
1759,2,3.0
91,2,5.2
1160,2,0.9
279,2,6.2
1574,3,4.3
1004,2,0.9
485,1,0.9
1120,3,3.4
1475,1,12.5
1713,3,19.4
0,3,7.7
259,2,6.6
1790,3,3.0
163,3,25.8
892,2,5.7
1366,3,12.5
15,3,0.1
1764,1,5.6
1510,1,7.8
456,2,2.6
411,4,45.8
1357,2,4.9
1820,3,0.7
1302,2,0.9
698,1,5.0
651,2,4.1
875,2,9.2
231,1,38.1
989,2,2.9
1890,3,5.2
279,3,4.4
374,4,6.6
1466,2,9.1
108,2,10.0
322,2,3.0
1043,2,45.4
190,3,4.7
349,3,24.5
1518,2,0.6
392,3,2.0
550,1,4.8
425,3,2.3
830,4,5.8
298,1,2.0
1234,1,17.4
1988,1,12.6
339,1,1.5
22,2,4.0
735,1,3.3
676,2,7.7
1049,2,7.8
1045,3,19.6
1156,3,10.2
644,3,39.3
1512,3,1.8
55,3,9.0
1431,4,5.2
51,3,13.0
1995,2,11.6
413,3,0.8
1959,1,8.2
1253,2,5.1
1821,4,12.9
1661,2,4.3
1346,4,14.4
1814,1,2.5
1477,3,2.2
1887,4,7.7
887,1,6.1
1034,1,12.7
797,3,13.3
825,2,42.4
1130,2,2.2
964,3,49.3
1630,3,0.1
1858,3,0.6
1366,3,8.0
160,1,39.0
1823,1,14.0
1285,2,3.0
214,3,1.2
1318,3,1.5
1220,1,46.5
1143,3,1.3
109,2,16.3
110,2,0.5
562,4,18.3
1741,2,7.0
1211,3,10.9
1296,1,11.5
1156,2,33.9
1959,1,2.9
571,3,7.2
1924,1,3.5
472,2,4.1
15,2,6.8
1813,3,9.4
110,2,15.2
337,2,5.7
1142,1,6.1
734,3,2.5
754,2,8.4
1075,1,5.4
1883,3,1.7
341,3,1.2
61,4,7.4
792,3,2.2
837,2,7.8
754,2,6.9
934,1,1.1
1139,2,32.1
956,3,3.4
879,1,11.3
504,2,1.7
535,1,0.6
1622,3,8.4
1714,1,43.6
241,1,20.3
1587,3,2.9
508,1,3.0
666,2,20.5
909,1,11.2
1063,1,10.9
721,3,12.0
637,1,15.5
103,2,10.4
679,3,5.5
719,1,8.5
1774,1,11.2
1371,2,0.8
1867,2,0.6
353,1,4.5
1174,2,5.9
1798,1,0.1
56,2,1.5
1846,3,23.9
419,4,16.8
789,1,27.5
1576,2,18.8
1584,3,3.1
998,3,0.7
1395,2,0.8
1167,3,5.6
1748,2,24.3
1664,3,31.2
96,2,9.5
448,1,5.3
1484,2,0.7
1136,2,29.2
1389,2,25.7
778,3,11.3
1958,2,10.2
1549,3,6.7
1822,2,4.8
251,2,2.2
998,1,3.9
1419,1,6.4
1185,2,17.2
92,1,3.8
729,3,0.9
1009,3,0.8
650,2,10.6
623,1,1.2
163,3,13.6
857,1,6.2
927,3,4.0
282,2,2.4
1122,1,2.8
1554,2,3.3
337,2,16.5
980,3,4.8
1754,2,2.6
223,1,5.5
401,1,12.7
1997,2,35.8
677,2,5.2
931,4,4.9
1750,3,4.3
498,1,4.4
316,1,0.2
1641,1,3.7
503,2,7.5
124,3,2.0
1298,3,3.5
1960,1,7.1
808,3,7.4
1964,2,6.8
826,2,30.4
298,1,0.3
1821,3,22.3
1286,2,10.8
1197,4,12.6
1826,2,0.4
859,3,10.7
1312,2,76.8
464,3,26.5
599,2,2.9
1546,3,25.9
993,2,4.2
1242,3,12.1
1842,1,2.6
420,2,3.3
1058,4,7.4
1199,2,9.2
110,1,0.1
403,3,23.4
908,2,9.0
715,4,0.3
92,3,1.4
1473,3,4.6
1497,1,9.6
725,4,2.4
1165,2,0.7
1870,4,2.3
1837,2,1.4
779,2,0.6
1130,2,0.3
1088,3,10.8
1231,2,79.4
1422,4,8.1
980,4,3.7
1379,3,4.6
238,3,8.5
980,4,11.4
1768,3,11.8
617,2,12.4
371,3,3.1
347,4,10.2
576,1,33.6
871,3,3.6
179,3,28.3
1109,2,3.2
1336,3,19.9
1823,3,1.8
1516,2,11.7
1055,1,1.5
157,1,1.4
871,2,7.6
1264,2,9.6
1305,2,4.4
633,2,15.4
1315,2,25.6
7,3,2.8
1947,2,6.6
1407,4,13.7
1317,3,4.1
1318,1,21.6
511,2,1.9
729,3,4.5
223,2,6.4
1915,1,21.2
470,3,5.3
684,1,4.3
266,3,0.9
284,3,6.8
555,2,9.4
1729,2,15.0
1725,2,2.0
1187,2,9.3
214,2,2.3
1397,2,24.9
1696,3,4.3
1761,2,0.4
1224,3,32.6
1991,2,4.8
493,3,6.0
142,4,5.9
1779,1,0.4
865,2,2.2
733,4,1.7
1342,3,0.6
244,3,10.2
149,2,11.6
1773,4,18.6
437,3,0.1
1127,3,13.9
266,1,6.7
1959,1,0.9
1376,2,6.4
962,3,1.5
1397,2,7.3
1312,2,17.2
1492,4,19.0
410,2,8.6
224,2,27.0
1307,3,14.4
176,3,6.1
1617,1,11.1
1532,1,1.9
1285,2,0.8
1249,1,4.0
1558,2,19.8
830,2,6.1
60,2,4.7
387,3,16.1
1177,1,6.3
542,2,7.3
1333,3,5.0
1669,2,0.8
461,3,9.3
644,2,12.8
1009,1,13.5
1422,3,19.6
1866,2,0.2
4,3,2.4
655,2,16.4
1658,1,1.3
1447,1,9.5
697,2,0.6
591,2,1.2
248,1,6.2
44,3,1.4
362,3,2.1
128,1,11.9
1287,1,0.6
138,2,1.9
8,3,1.8
1602,2,43.2
1221,2,25.0
1896,1,2.1
521,1,2.9
1272,3,11.9
294,4,4.2
1553,1,3.4
267,2,13.3
1448,2,0.2
1523,1,1.1
276,1,12.3
1549,1,5.3
1154,2,31.8
944,1,17.2
1253,2,32.7
330,3,9.2
636,2,18.9
1516,4,10.4
517,3,2.4
1577,2,4.1
102,3,0.7
1394,3,0.8
224,2,3.4
1460,2,0.4
1557,3,15.8
1209,2,9.0
572,2,1.6
1405,1,9.4
1026,2,4.3
1448,3,5.3
538,3,4.2
160,1,11.6
1319,4,1.0
1520,1,8.5
436,1,22.4
728,2,5.6
540,1,9.2
1082,2,4.1
950,1,3.2
265,2,24.0
1227,3,10.6
1132,2,1.3
213,2,2.2
918,1,0.1
1168,1,9.1
1301,2,18.8
801,1,7.5
1701,3,13.5
1294,2,11.8
362,2,8.2
420,3,8.9
1883,2,16.0
674,1,12.0
236,3,5.2
1865,1,10.5
120,1,0.1
1803,2,2.3
1019,1,21.7
665,2,2.8
120,2,19.6
952,3,1.6
1993,3,2.6
732,4,21.3
1082,2,21.5
532,2,1.3
72,3,9.1
1234,2,9.6
611,2,1.6
1652,1,0.3
1072,2,3.4
1006,2,0.6
1164,3,7.9
490,3,6.3
152,2,25.1
1571,3,15.1
524,3,2.6
387,2,21.0
1040,1,13.0
887,1,3.4
1496,1,23.5
1572,2,18.8
759,2,18.5
636,1,15.6
993,3,4.9
1921,1,8.9
507,4,11.7
1931,2,0.4
41,3,11.9
334,3,9.7
122,1,11.2
641,2,1.4
634,3,12.9
644,3,4.8
1819,2,6.8
785,2,7.1
273,1,5.0
1610,3,1.4
1972,3,13.0
1704,2,13.2
1751,2,12.1
1304,2,9.3
1926,2,2.6
655,1,13.6
1010,2,2.1
915,2,2.9
745,2,1.9
554,2,4.4
504,3,22.6
1698,2,47.7
1808,2,10.4
1694,2,5.4
50,2,6.9
869,3,4.5
317,2,12.0
1537,2,2.5
1112,3,13.8
107,2,1.3
1748,1,33.3
312,1,3.7
247,1,0.1
1473,3,5.4
1019,2,4.6
1817,2,3.8
558,1,9.1
889,2,11.1
1081,2,1.1
307,1,6.9
937,3,8.9
238,2,4.1
1470,3,19.4
965,2,17.4
218,1,3.3
1757,2,5.1
1984,2,1.3
260,2,0.7
950,2,2.2
1626,3,18.8
1118,1,2.2
925,2,15.8
49,2,1.6
1414,1,22.7
870,1,0.3
1142,1,3.1
1958,1,0.9
264,1,6.3
64,3,0.4
746,4,10.1
935,1,1.7
99,2,19.7
49,2,1.0
852,2,28.1
1840,2,3.0
1443,3,0.6
1891,2,8.3
744,2,34.5
1074,2,9.5
460,2,4.2
475,1,9.4
1490,3,4.8
1049,1,3.0
1573,1,4.1
1808,3,10.8
154,2,5.7
968,2,4.2
846,1,2.4
1321,2,2.6
1425,3,5.5
549,2,4.3
1934,2,15.5
1665,1,1.0
1820,2,4.5
1390,2,5.5
640,4,11.7
1363,2,16.0
611,2,9.8
551,3,13.3
1066,2,10.1
751,3,5.4
1868,2,0.0
1580,2,29.6
1375,1,13.8
1831,3,9.9
767,1,13.6
1211,3,7.0
1082,2,10.5
1317,3,20.3
1682,3,1.1
409,1,0.1
153,1,16.5
1923,2,13.8
127,2,8.3
1268,4,1.7
1622,2,3.7
253,1,8.3
799,3,6.1
1272,2,2.7
892,3,11.0
1829,2,21.7
13,2,18.4
1223,4,4.2
1781,2,7.3
90,2,20.8
16,3,3.7
1108,3,25.9
1240,3,6.6
204,2,32.9
164,2,10.8
69,1,26.2
446,2,7.5
1785,2,6.3
612,3,2.7
1453,1,10.1
339,3,11.7
1471,1,0.2
739,1,8.0
715,3,12.5
187,3,12.2
1063,2,3.1
1160,4,26.2
503,2,20.7
265,1,7.2
296,2,5.4
466,3,5.5
542,1,3.8
1774,3,18.2
1994,1,45.6
1605,1,10.8
383,4,8.2
505,1,2.6
1026,1,3.4
1095,3,17.9
1881,2,8.1
150,2,4.1
1834,1,7.1
1,3,14.0
1706,2,33.0
1675,4,2.5
1274,2,17.6
1645,3,5.4
939,2,0.7
1190,3,5.5
994,2,21.9
1582,3,37.6
619,2,6.6
1591,2,3.0
1252,4,9.3
369,1,2.3
885,2,9.8
388,2,10.8
94,1,9.1
1976,3,3.1
1185,1,7.0
1900,3,22.8
890,3,2.8
1320,1,2.0
193,2,2.8
1704,1,5.4
1814,3,10.4
904,4,0.8
145,2,6.2
1142,3,2.8
1368,2,9.1
303,1,0.4
581,3,1.1
25,2,2.7
1195,2,7.3
1856,3,31.8
440,2,2.0
1566,3,14.8
317,2,15.2
1623,2,18.7
851,1,9.0
1258,4,5.4
1655,1,19.2
1388,2,31.5
1456,3,14.6
1288,3,6.0
1608,2,11.7
576,3,15.9
1399,3,4.2
1166,2,0.7
240,1,28.6
1605,2,6.3
1774,2,13.3
310,2,2.1
1660,2,17.1
1593,3,6.0
1735,2,0.9
1482,3,8.0
536,4,17.0
1961,1,3.2
1418,3,18.6
369,2,6.7
1953,1,11.1
1288,3,24.7
1665,1,48.6
1763,1,3.5
487,1,5.8
1529,4,12.3
1867,3,2.3
1884,2,14.8
1496,1,5.4
1366,2,10.2
1860,3,17.9
1647,1,1.7
1652,2,6.0
218,3,15.5
367,2,42.4
87,3,7.4
1455,1,25.7
181,1,0.2
95,3,2.2
220,3,2.7
1192,2,5.5
1047,2,18.7
663,2,0.5
74,3,29.4
591,2,6.2
1797,3,2.9
406,1,6.7
128,2,9.1
983,2,3.8
665,2,0.1
912,2,11.0
527,3,41.1
119,2,1.0
1248,1,6.0
1771,4,0.7
325,3,3.6
1213,2,2.3
145,2,2.4
1000,2,0.3
1301,3,3.8
625,1,9.8
877,1,21.9
145,2,33.5
722,4,4.5
1548,1,2.5
1465,1,5.0
1004,4,4.0
1343,4,4.5
309,4,5.7
524,2,1.6
653,2,3.3
640,2,41.9
1768,1,1.6
1872,2,20.0
1411,3,8.4
689,1,4.8
1265,3,12.5
313,2,19.9
1977,1,0.6
865,4,8.7
1673,1,2.8
1086,1,1.5
770,3,10.3
1936,4,4.8
206,3,26.0
147,3,36.3
77,1,0.2
1221,2,5.4
330,1,19.0
648,2,2.6
969,2,0.3
747,4,1.8
1486,3,4.6
1922,3,36.4
1191,2,10.9
1813,2,18.0
103,2,9.0
667,1,2.0
910,2,7.1
1037,2,27.6
885,2,10.6
465,3,10.3
850,2,8.3
275,1,14.3
522,3,5.8
1259,2,32.6
1552,3,6.0
455,2,3.2
842,3,11.6
595,2,4.8
1157,3,23.4
1637,1,13.4
305,2,6.0
1272,2,8.3
230,1,8.8
4,1,5.1
786,2,2.8
1217,3,1.8
1038,4,7.8
1818,2,1.0
501,3,9.5
758,2,8.0
330,2,7.3
126,2,9.2
451,3,12.5
1117,3,26.4
1392,3,14.2
1613,1,24.6
534,2,3.8
982,3,8.9
148,2,4.6
804,3,1.5
1847,1,1.9
659,2,40.8
293,3,7.9
858,2,9.5
674,2,0.8
1052,3,8.2
366,3,11.2
960,3,3.9
770,1,4.3
1830,1,9.7
1382,1,1.9
1074,3,4.2
1208,1,19.8
404,1,5.7
1905,3,6.8
652,2,13.7
584,2,15.8
776,3,26.5
378,3,0.0
1649,2,0.6
1244,3,8.3
1574,2,9.5
1643,2,13.5
1838,2,12.3
547,3,8.4
530,3,12.4
363,2,4.0
1698,3,2.1
177,1,22.2
745,2,21.4
918,1,8.5
606,1,11.6
876,4,10.7
195,1,6.0
214,3,3.5
1966,2,9.5
121,2,0.6
1947,2,9.1
606,2,3.1
584,2,36.5
1081,2,16.2
925,1,26.1
386,2,6.2
941,2,20.8
1444,1,11.0
1360,3,27.2
1715,4,3.0
1611,3,4.7
346,3,7.0
1979,1,10.0
1254,1,7.3
1915,3,1.4
1298,3,24.9
881,2,5.4
535,2,0.5
157,1,1.3
1254,3,3.3
1922,4,7.0
1801,2,15.7
1991,3,17.9
727,3,8.6
1435,4,38.3
1628,1,4.5
354,4,10.5
1680,1,17.3
1339,2,20.5
223,3,3.7
748,1,18.9
1394,1,3.8
1441,1,16.4
1562,4,14.5
292,1,6.9
1713,2,2.9
304,1,10.3
1683,2,6.7
1710,1,7.6
186,2,8.8
1627,3,14.9
395,2,15.8
363,3,28.8
641,2,9.5
846,2,9.6
1234,1,0.1
353,3,20.1
1859,3,13.0
1753,1,21.2
312,1,10.6
602,3,5.3
15,3,0.1
1482,1,1.1
1886,4,5.2
355,3,27.3
1081,3,7.0
1337,4,22.0
1090,4,5.3
791,1,7.6
841,2,5.4
324,2,1.9
1044,2,27.2
1384,2,14.3
409,3,12.4
1289,2,4.0
1776,1,3.4
896,3,11.9
790,2,3.8
1698,3,14.2
721,1,23.3
1168,2,4.1
1912,4,6.6
1596,1,5.5
1748,3,19.7
1674,3,3.5
1576,1,11.5
1925,3,28.1
130,1,10.6
562,3,2.8
1256,1,0.8
1025,3,2.7
1528,3,8.6
1992,4,2.8
124,4,1.8
1701,1,5.3
810,1,16.8
1048,3,4.7
444,3,15.1
852,3,1.1
1870,3,7.8
1163,2,1.8
1522,2,15.8
1324,2,0.2
1461,2,0.7
810,2,7.4
552,3,4.7
1629,2,7.8
1780,1,1.0
1000,1,72.0
1097,3,12.0
500,3,24.1
1926,2,4.3
306,2,12.2
360,4,1.1
1836,2,0.5
1562,3,11.8
1858,3,1.8
1252,2,11.5
1627,2,1.7
1465,2,0.2
385,3,2.0
683,3,1.2
534,3,10.1
381,2,6.1
545,4,4.9
397,4,0.2
54,1,4.3
1162,2,3.0
1175,3,3.4
1337,1,0.3
1075,3,6.8
718,3,5.1
1586,3,8.2
1329,2,0.7
325,3,3.2
197,1,2.9
919,2,4.1
633,1,5.4
1838,1,21.3
84,3,13.1
816,4,1.3
1729,1,9.4
1292,2,11.4
1852,3,20.5
1962,2,2.1
173,1,1.0
1124,1,4.1
1162,3,9.3
114,3,1.2
727,1,20.6
314,2,20.4
977,1,2.5
189,3,4.8
1466,2,2.3
537,4,2.6
1464,2,1.4
820,2,10.0
444,3,18.4
1355,3,1.6
1669,1,25.6
1992,3,0.1
1297,2,0.6
1936,2,9.3
61,2,5.5
381,2,33.4
1021,2,11.1
1169,2,20.3
1428,2,7.4
914,2,26.7
1416,1,25.8
500,1,19.1
208,3,4.2
906,2,2.9
762,1,17.6
1413,3,11.5
147,2,0.2
1199,3,0.7
24,3,1.8
268,3,15.3
1288,1,1.8
610,4,3.8
614,1,11.2
1618,2,14.9
123,3,1.5
81,1,2.2
1718,2,10.8
409,2,11.1
1381,4,9.1
428,1,0.5
1496,3,7.0
1663,1,6.7
1404,1,9.3
484,2,26.7
1735,2,1.4
1976,3,17.7
648,1,1.7
299,1,0.6
749,3,1.9
827,3,3.6
1348,4,24.8
1273,2,19.8
899,3,2.5
1935,2,5.4
401,1,5.3
1435,4,4.4
656,4,36.8
1071,4,17.3
31,2,4.3
840,2,12.6
1934,2,9.5
1084,2,3.6
1972,1,12.1
1102,3,17.6
1489,2,2.2
1445,3,22.1
392,1,0.2
501,3,22.8
274,3,4.3
768,2,36.3
1150,1,23.7
711,3,7.6
146,3,7.5
953,3,14.1
1454,4,7.1
257,3,2.0
299,1,6.6
836,3,9.2
259,2,25.1
563,2,1.6
645,1,9.6
1965,2,4.1
1316,2,2.4
374,2,15.7
1437,1,1.4
1912,3,2.1
1409,1,2.7
340,1,14.5
1162,3,22.2
1401,2,33.2
245,3,3.0
206,3,47.8
1049,3,4.8
1312,3,1.7
638,1,5.0
303,2,22.6
1740,1,20.2
1914,2,7.5
51,3,4.8
654,3,7.0
685,3,4.2
1660,1,1.1
1103,3,2.7
257,2,2.4
788,2,9.1
780,1,7.4
361,2,5.4
116,1,7.2
1291,3,4.6
253,2,13.2
212,2,7.1
1227,1,17.8
1938,3,21.5
174,3,0.2
337,2,11.0
1335,3,0.2
167,1,5.2
616,3,12.9
581,3,5.0
62,1,10.4
1528,1,6.4
1384,1,9.6
1657,1,13.2
1295,3,9.5
695,1,1.4
1902,1,14.4
832,4,28.0
1093,1,48.6
65,3,0.2
284,2,8.4
293,4,10.7
1487,1,13.1
437,2,2.2
1933,3,14.8
759,3,1.4
653,2,6.7
1499,1,14.0
697,4,7.6
982,3,8.6
1088,3,1.6
910,2,2.3
441,2,3.3
666,1,0.5
1087,3,20.5
505,2,16.7
132,1,11.3
189,3,13.1
1396,2,3.7
426,1,11.7
1277,3,7.8
285,2,15.8
928,1,14.5
519,3,5.4
1437,2,3.3
472,1,0.8
1844,3,25.0
865,1,14.3
1138,1,0.4
764,2,1.4
878,1,0.7
1581,1,2.2
466,2,6.8
134,4,8.3
927,3,8.8
1029,3,10.0
1460,3,19.6
629,2,20.1
871,3,17.8
919,4,29.2
1245,4,4.6
261,2,8.7
1024,3,8.8
1242,4,13.4
1324,4,5.3
1102,3,10.7
1668,1,15.4
1464,2,3.8
672,2,24.9
1610,2,13.6
1498,3,9.0
877,2,43.4
1796,1,6.0
801,1,5.7
1558,1,20.2
73,2,5.7
619,2,12.0
312,2,0.7
1732,3,2.9
1053,4,2.9
128,2,12.2
671,2,20.6
760,1,9.6
1852,4,10.9
242,1,3.0
148,2,5.0
1976,2,4.2
129,2,14.4
27,1,24.0
793,3,9.2
1694,2,5.5
1637,1,14.7
1290,2,1.3
371,2,19.3
1257,3,1.1
781,2,5.3
1547,3,0.5
458,1,0.7
158,3,3.9
1627,1,0.1
1134,1,0.7
1412,3,2.5
171,3,1.7
1187,2,3.7
1108,3,14.1
399,3,9.6
492,2,12.4
1475,1,23.6
1070,3,8.0
327,4,0.4
1926,3,1.9
181,2,0.4
1058,2,5.3
789,2,8.8
1168,2,11.6
1036,3,6.8
885,1,30.3
1357,2,1.2
143,1,1.1
168,2,4.7
1104,2,0.1
871,3,7.9
450,1,4.5
103,1,5.7
897,2,4.5
1152,2,9.5
1041,4,0.3
344,2,4.6
1404,2,6.2
380,1,4.4
391,2,35.3
585,1,3.4
732,3,9.7
861,2,0.9
1501,3,17.0
654,3,4.9
1869,3,14.2
942,1,17.4
1747,1,9.7
287,3,21.9
684,1,8.8
1138,1,6.0
329,3,5.9
1330,2,7.2
1878,4,0.5
579,2,13.7
1803,3,2.3
1836,3,11.4
982,3,3.5
1712,3,2.2
985,1,7.6
1397,1,2.9
290,3,12.6
1104,3,3.5
571,4,17.7
70,1,5.0
212,1,11.9
1575,1,16.6
1284,3,7.0
1374,2,34.6
913,1,31.3
1021,2,17.1
1563,2,1.4
1831,3,10.4
423,1,7.6
13,1,5.3
1328,1,17.3
1908,1,26.7
1746,4,4.6
1358,3,7.2
1821,2,8.1
1579,1,2.0
1428,2,1.4
1097,1,12.9
427,1,6.4
486,2,9.6
360,2,13.2
318,2,29.8
878,3,25.7
485,3,2.7
67,2,7.9
1675,2,41.3
1516,2,3.6
1184,2,8.5
431,3,37.6
1285,3,9.1
1440,2,5.1
497,3,43.9
117,3,4.6
344,1,7.4
527,1,16.0
883,3,17.7
163,2,1.6
327,3,19.0
1952,2,0.7
39,3,5.1
1690,2,12.1
1011,3,1.6
701,1,22.0
275,4,6.7
993,3,6.7
1782,2,2.3
920,2,31.3
1678,3,20.9
1659,1,2.5
652,2,17.3
297,2,1.9
871,1,16.3
1209,3,1.4
688,3,17.7
814,2,2.7
1231,3,4.4
45,2,1.3
1016,2,20.3
605,3,8.7
441,3,0.9
547,3,9.1
808,3,14.0
591,2,0.2
385,3,0.2
866,4,1.6
595,2,0.0
54,1,13.9
867,4,15.2
165,3,13.0
1798,2,3.1
109,3,7.6
598,2,61.1
621,3,6.9
376,2,3.4
227,4,41.0
978,1,2.4
1972,2,0.1
774,2,2.6
1529,3,4.7
1101,1,6.6
1565,1,1.9
233,1,4.9
277,3,38.9
990,1,5.1
1592,3,15.1
283,2,2.7
396,2,15.0
1585,1,34.2
189,2,33.1
1181,1,10.8
1983,2,7.6
1696,2,1.9
1093,3,17.9
91,2,15.0
697,3,24.9
904,2,5.1
1314,3,3.6
1668,3,8.9
1654,2,19.9
569,3,23.5
1456,1,0.4
536,1,7.6
1237,1,6.9
1632,1,15.4
1540,2,4.2
207,3,1.7
1203,1,0.4
1043,1,0.5
1096,1,0.9
843,2,22.6
11,3,4.9
1905,3,2.3
22,1,21.7
439,3,1.7
553,3,0.8
1741,3,15.0
631,3,13.8
615,3,12.2
1667,3,16.3
588,1,4.0
1687,4,1.2
766,3,3.0
1361,2,9.1
1356,4,18.4
276,3,0.8
896,4,4.4
1159,1,0.4
381,3,7.1
1236,1,3.3
1686,1,21.8
709,2,4.8
937,3,7.6
1462,2,9.3
1229,1,3.0
502,2,1.8
1541,3,5.0
835,1,8.3
555,3,10.0
1548,1,3.4
925,1,2.7
1006,2,14.1
252,4,11.5
274,3,0.6
442,3,20.1
539,3,1.4
1482,2,12.6
1198,2,2.2
633,3,0.1
1421,1,6.6
610,2,3.0
1633,2,2.3
1774,2,1.8
786,4,21.6
1373,4,14.0
957,2,3.5
1777,3,7.0
1210,1,23.6
509,3,4.0
736,3,27.8
254,3,5.1
1139,2,25.0
1432,2,18.3
444,3,2.9
1587,3,6.9
428,1,5.2
1987,1,2.6
1879,1,1.3
1005,3,5.2
230,2,30.4
1582,2,7.9
1621,1,1.0
1262,2,2.3
945,2,4.6
34,1,5.9
1052,3,1.5
104,1,3.8
1216,3,21.4
900,4,20.3
1440,1,7.3
993,2,32.7
672,3,0.2
902,2,7.4
1897,2,8.0
1980,1,22.0
28,2,1.4
334,2,1.3
151,3,4.9
1223,4,4.0
709,2,3.0
330,2,6.3
1814,1,14.0
1893,1,0.1
1790,3,20.4
494,1,11.8
1500,2,17.3
83,3,31.0
42,3,2.1
1801,3,44.1
1428,2,1.5
555,2,6.1
1053,4,3.4
876,3,4.3
532,4,9.5
272,3,2.4
1092,2,7.4
1179,4,3.3
1854,1,17.2
1513,2,0.8
1806,2,7.1
996,4,8.0
960,2,13.8
1243,4,1.9
1314,1,10.0
1124,3,8.9
1651,4,11.1
397,3,5.3
1039,2,0.5
170,3,32.4
1010,3,37.9
1731,2,10.0
1924,4,32.2
656,1,23.6
1283,1,17.9
1667,2,6.4
686,4,3.8
594,1,15.8
1466,2,10.8
1205,2,5.2
500,1,11.0
1415,2,8.4
1564,2,22.2
1944,2,3.5
1475,1,13.9
177,3,1.5
1779,1,2.1
1613,1,1.7
434,4,8.0
645,2,10.6
1771,3,1.2
1098,3,8.8
722,1,15.5
374,1,10.8
1534,3,10.7
1631,3,25.7
1491,3,1.3
1085,3,24.1
639,1,9.1
1288,2,4.4
793,4,5.0
1393,3,9.9
1882,3,5.8
1012,3,5.5
858,3,5.6
642,3,1.1
512,3,2.2
1465,1,8.3
651,1,1.7
528,3,9.6
669,2,8.5
677,1,13.4
781,1,8.1
1344,1,20.0
457,3,7.5
377,3,6.8
839,1,8.1
1023,2,30.4
520,2,3.1
1031,1,9.4
1986,3,23.9
971,4,21.7
587,1,4.9
284,1,4.3
268,3,2.5
691,1,22.3
700,2,8.8
530,3,28.2
1703,3,14.0
989,3,2.6
139,2,9.8
528,2,22.0
1122,3,24.4
379,3,13.7
1615,3,19.3
1146,2,8.9
1980,1,31.3
1152,3,5.9
1525,3,13.1
1573,4,7.9
62,1,0.5
1883,2,2.1
1677,3,2.0
888,3,8.0
752,2,1.7
1150,2,20.1
1044,1,16.4
1381,1,8.1
329,3,18.9
1323,1,31.1
1576,1,5.9
1956,2,0.2
1138,1,2.0
1975,2,22.1
1910,2,12.7
1710,3,12.3
1128,4,3.2
1687,1,7.1
1900,1,11.0
137,3,8.8
423,2,4.1
259,2,15.9
1651,3,10.0
1351,3,5.0
573,3,9.2
524,2,0.7
1034,2,0.6
109,3,5.6
622,3,34.2
522,3,6.8
908,1,3.4
473,2,13.6
705,3,1.7
1560,2,20.7
302,3,3.3
752,1,5.5
1396,1,2.7
959,4,3.6
1235,3,1.2
1714,2,17.1
165,3,5.3
862,3,2.9
933,3,5.7
1655,3,5.5
1508,3,26.1
1126,4,8.7
1545,1,8.4
975,1,12.2
166,2,7.4
370,2,13.4
488,1,4.7
990,3,8.5
1792,3,7.2
1337,1,3.8
237,1,5.0
484,1,8.4
350,2,6.8
9,3,12.2
918,1,0.5
1803,3,8.5
1372,3,2.3
1977,2,23.2
331,1,9.7
1080,3,2.4
1181,3,21.8
817,3,7.9
1400,1,6.8
1130,2,8.9
444,2,11.1
1899,1,0.2
1027,4,10.4
1039,3,4.8
1290,3,16.5
849,1,7.2
1796,3,35.8
235,3,17.2
188,3,3.5
738,3,4.6
31,3,1.9
1787,2,0.2
1868,3,9.2
467,2,27.8
1941,2,8.3
1146,2,20.6
1946,3,3.7
1550,2,4.3
1682,3,6.9
1207,3,5.6
1262,2,1.7
1371,1,1.0
1550,2,1.4
145,1,8.2
1001,1,29.2
1958,1,54.6
421,4,7.9
1444,2,32.1
1862,1,0.0
578,3,11.7
1233,2,1.9
702,3,4.4
267,3,16.2
477,2,14.9
1624,2,26.4
1982,2,19.7
228,3,13.2
1949,1,6.4
431,3,6.0
1543,3,0.1
31,2,26.8
1094,2,0.4
717,3,7.9
952,1,3.9
431,1,0.4
1706,3,6.2
1600,3,15.7
1605,4,3.7
936,4,0.1
126,1,25.9
1985,1,5.4
1729,1,6.5
1015,2,4.6
341,2,5.5
1465,3,1.3
252,2,3.5
1852,2,17.3
358,3,3.6
1159,3,23.8
1494,3,16.0
325,3,5.0
1892,3,15.7
1903,3,0.3
1874,1,8.8
1176,2,8.7
1654,2,80.5
333,2,10.3
201,3,1.3
820,1,4.8
952,3,9.4
375,2,8.3
1212,2,7.9
1433,2,1.1
1846,3,2.7
333,3,6.0
1699,4,15.0
570,2,2.1
1064,2,0.2
553,3,18.7
1085,3,13.7
779,3,17.2
1320,1,3.1
1593,1,3.7
1338,1,5.2
149,1,22.9
1093,2,18.3
382,3,0.9
5,1,1.1
1650,3,5.9
810,2,1.7
1669,1,5.1
707,2,14.5
1639,1,2.1
1301,1,26.7
882,2,7.3
1865,2,28.1
1547,3,2.4
152,2,22.8
357,1,3.1
378,2,17.7
872,3,4.8
1728,1,15.5
1338,2,9.7
1549,2,20.0
1910,2,13.5
417,2,30.5
1186,3,6.4
1715,4,1.2
1106,2,3.5
221,2,8.4
1087,2,18.4
1997,3,12.5
1824,3,0.7
1132,3,7.4
1364,2,12.1
1562,3,8.9
1765,2,6.5
876,1,8.4
1995,4,42.9
593,2,0.6
576,1,28.9
1025,1,1.3
1040,3,9.2
971,1,3.3
1539,3,3.4
152,3,5.4
621,3,8.8
1989,3,7.1
854,3,20.2
1736,2,11.1
706,4,1.2
555,2,0.1
1137,3,2.7
218,3,8.9
1682,1,9.1
267,2,4.4
880,2,2.8
1480,2,7.0
1757,2,6.0
125,1,6.9
813,3,17.8
1484,3,0.4
367,2,2.0
529,2,10.3
1096,3,24.7
727,2,8.1
463,1,3.7
98,2,22.8
1935,3,1.5
1541,3,6.7
1849,4,0.3
952,2,6.3
754,2,6.4
1872,2,0.8
1008,2,2.0
424,4,1.0
941,3,11.1
617,4,3.3
1749,2,0.1
655,1,10.8
1024,3,6.7
1847,2,6.4
219,4,0.5
916,3,3.7
278,3,33.9
117,3,23.7
1770,2,2.7
1066,2,66.6
99,3,12.6
326,4,13.2
562,3,17.8
1989,2,5.9
793,2,4.0
1576,3,2.2
1378,1,2.4
1008,1,20.5
1333,3,8.0
916,4,2.1
162,3,9.5
1025,2,25.7
1403,2,24.8
1983,2,34.9
66,3,4.0
504,2,23.5
1896,2,1.1
770,2,10.2
750,1,2.3
1594,3,31.2
1878,2,6.7
1063,2,2.8
588,3,2.2
1861,3,2.2
1076,2,0.7
325,3,17.5
1975,1,21.6
490,3,9.4
1113,3,2.7
441,2,7.8
1481,4,2.0
380,2,1.8
444,1,15.8
1614,2,7.9
1411,2,0.5
830,4,5.8
1290,1,0.2
374,3,15.5
1420,3,8.6
415,1,23.6
1103,3,6.8
1879,2,8.7
1087,2,2.8
322,3,12.1
869,2,7.9
1746,3,17.3
412,1,0.7
1130,2,25.1
970,2,12.3
889,2,17.4
1774,1,6.9
877,1,8.4
673,2,9.0
1851,3,1.1
1197,2,9.3
1912,4,9.6
970,2,3.8
1680,2,16.8
1139,1,7.2
874,1,15.6
58,3,7.8
352,3,2.7
1969,2,9.7
1233,2,4.7
1308,2,1.1
754,4,5.1
915,2,9.2
1782,2,0.4
373,2,0.5
1976,1,7.0
1907,2,9.4
953,1,0.7
419,3,17.2
1169,3,6.1
1631,2,2.7
772,3,2.4
1937,2,2.3
197,2,5.0
1131,3,6.0
1026,2,30.7
766,3,3.9
596,2,28.9
52,2,26.9
1001,3,25.9
1293,3,8.8
1939,2,0.9
346,3,4.7
1074,2,18.0
245,1,23.0
377,3,5.5
1226,3,3.5
1917,3,25.1
467,2,9.7
1044,2,26.0
681,3,4.4
1719,3,3.7
893,1,1.5
171,2,12.5
1376,2,8.8
787,3,23.0
254,1,8.0
1638,2,15.3
675,4,8.7
98,3,0.3
495,1,2.2
1230,2,0.6
284,2,1.8
728,1,33.1
1635,3,8.6
363,2,9.5
752,1,5.5
315,2,11.8
674,2,26.1
1640,2,6.8
1316,4,9.6
1226,3,7.0
109,3,15.2
326,3,6.0
843,3,8.7
1511,3,12.2
455,1,0.7
1281,2,9.5
1544,2,6.0
1637,1,3.0
701,3,9.7
1603,4,3.6
760,3,0.1
1035,3,9.9
994,3,14.9
452,2,21.4
1201,3,14.0
232,3,4.5
669,3,2.2
709,2,31.2
619,2,18.7
1913,1,6.6
1727,1,0.2
1494,1,17.8
1117,2,41.0
1292,3,1.8
1823,1,14.4
1814,2,2.9
454,4,19.3
907,2,10.3
1831,1,7.6
375,1,47.0
1097,2,2.2
94,1,6.9
1150,2,2.6
132,2,25.3
1818,1,8.8
827,3,18.5
599,2,22.4
281,3,3.8
487,3,0.2
593,3,20.9
598,3,7.6
1347,1,8.1
568,2,15.0
5,1,8.4
514,3,4.0
1376,2,4.2
1504,3,7.8
1197,2,3.2
185,2,0.1
889,3,12.2
1475,2,13.4
252,1,0.8
379,1,6.7
1709,1,8.0
1614,2,6.1
1932,2,2.2
1852,2,1.9
744,1,2.6
357,3,5.0
1325,1,0.5
952,2,0.9
207,1,1.2
1692,3,0.8
1250,2,4.9
1292,1,2.0
1235,2,13.9
738,3,13.0
799,2,1.5
1982,2,13.6
1592,2,36.5
1902,4,5.0
271,4,17.3
750,1,6.9
1730,1,12.1
1134,3,5.4
339,1,1.8
1241,3,0.7
437,3,21.6
435,1,18.3
1498,3,2.9
1845,3,11.5
784,1,6.3
1573,1,21.4
956,3,2.3
1336,2,2.3
238,1,13.8
1540,3,17.0
1490,3,1.8
377,4,12.3
223,1,5.0
962,2,1.3
1265,2,6.7
631,2,3.7
284,3,2.9
688,2,7.4
885,2,13.7
209,2,0.2
1780,2,14.5
926,3,6.2
1517,3,6.7
143,1,0.5
763,3,9.7
1502,2,4.9
1256,1,1.7
1404,1,14.4
1858,3,33.5
201,1,5.3
399,1,14.3
1924,3,7.4
862,2,0.3
1522,2,6.2
315,2,0.5
703,3,3.2
492,2,17.4
216,3,14.3
1952,2,13.8
1024,2,9.0
950,1,3.5
374,2,0.4
999,2,12.2
1916,1,15.1
105,3,31.0
1194,2,2.3
206,2,1.8
987,1,5.2
1749,1,10.7
1774,2,5.8
743,4,1.3
585,2,0.4
579,2,38.4
168,2,3.8
1185,3,5.7
47,1,3.5
494,1,1.9
1956,3,20.1
1762,3,3.2
483,3,9.3
1148,2,0.4
179,1,6.4
1372,4,1.3
1604,4,37.7
1258,3,6.5
730,4,10.1
1608,3,9.9
560,2,13.9
128,3,30.0
1556,2,0.4
1060,4,2.3
1501,1,0.6
458,3,27.7
1582,3,2.0
1304,2,5.3
1065,3,1.0
1799,1,4.8
525,1,9.7
1711,3,1.5
233,2,30.6
605,2,0.3
627,2,0.5
1457,3,0.4
280,1,4.5
1846,3,11.4
937,2,5.0
883,1,9.5
12,1,15.6
323,2,19.3
1235,4,0.3
1115,2,2.5
1182,1,5.1
566,2,49.3
360,4,5.3
1492,2,6.4
709,4,7.2
1000,4,22.9
481,3,18.5
1528,2,17.0
1714,3,10.4
750,3,1.9
1485,1,4.7
146,1,44.0
785,1,0.6
1686,3,1.4
792,2,9.2
1324,3,10.6
1266,3,1.4
94,1,11.0
1910,3,9.2
855,2,3.6
557,3,9.1
1784,2,3.0
262,3,0.7
984,1,0.6
1347,2,2.3
583,1,1.6
628,3,9.6
1319,3,53.7
523,2,10.1
281,2,0.3
1718,3,0.8
582,2,0.0
477,1,7.8
1619,2,12.8
1333,3,24.9
306,2,1.4
1813,2,1.2
163,2,17.1
1726,1,15.1
800,2,14.5
1138,1,6.1
933,1,7.3
909,2,3.2
991,1,3.6
1853,2,27.3
444,2,6.3
1169,3,2.6
1792,2,6.2
252,2,10.3
683,3,9.7
1470,2,3.0
1234,2,29.8
1792,1,12.1
29,2,3.4
1782,1,1.2
1408,1,4.6
170,2,5.6
849,1,15.8
1183,2,2.8
1497,1,1.2
854,3,10.4
857,3,6.0
1479,1,6.3
195,2,2.0
1899,3,1.9
1012,2,3.5
185,2,3.1
1409,2,4.6
275,2,3.4
1128,3,3.0
1438,3,0.9
1965,1,13.4
1161,3,6.1
1280,4,1.3
320,2,4.8
618,2,19.3
1033,3,6.5
503,4,1.4
1450,2,14.5
1117,3,8.0
1122,4,1.1
1559,2,3.6
1844,4,1.2
695,2,3.5
1369,2,2.0
1943,2,11.0
629,2,7.0
949,3,3.8
1733,2,18.0
1488,3,2.7
1042,1,2.9
602,2,42.5
346,1,33.2
890,3,10.0
932,1,4.5
1214,3,19.8
1261,1,15.4
63,2,6.6
1712,4,9.8
1340,3,10.7
448,1,0.1
1523,1,1.5
186,3,2.5
831,2,14.7
1894,2,3.5
1920,3,9.9
211,2,4.8
894,1,0.1
189,2,1.8
1183,3,25.6
132,3,9.8
819,2,19.1
1804,2,2.2
1243,2,18.6
274,3,0.2
1302,2,1.9
1169,2,21.1
1427,3,3.1
1762,4,6.3
1774,1,13.2
1708,3,1.0
1221,4,0.9
1321,3,9.6
951,2,4.6
114,3,0.9
844,2,7.0
930,2,7.5
306,4,8.5
231,4,1.5
1901,2,6.6
462,3,17.0
626,1,3.4
258,2,3.9
451,2,23.9
358,2,2.3
523,2,34.2
1112,1,2.2
1834,2,8.9
351,2,11.6
1862,3,18.9
324,3,11.7
1091,1,24.2
1669,2,5.5
873,3,10.1
890,2,13.7
988,1,3.5
1372,1,12.0
1603,4,3.5
992,4,0.6
654,3,9.9
1075,1,6.4
1958,3,0.8
366,1,2.8
464,3,10.8
46,1,24.2
704,2,8.8
1027,3,5.7
1891,1,10.0
1660,3,35.0
361,1,4.8
1791,1,0.8
888,1,5.2
783,3,2.2
1855,3,6.7
734,1,5.5
739,3,24.6
1428,2,25.3
443,2,17.7
1496,1,8.4
95,4,11.9
520,3,3.5
1235,3,25.6
239,1,0.9
737,4,19.9
176,3,3.3
1815,3,13.9
128,4,3.3
1792,2,1.4
434,3,3.1
1310,1,17.7
473,2,2.1
697,2,10.9
1538,4,5.3
891,2,6.6
1725,3,28.8
885,2,10.9
873,2,3.6
111,1,11.6
871,1,7.7
1748,2,9.0
199,1,1.1
1801,3,17.4
1114,4,5.6
1684,1,5.7
1248,3,1.5
1007,2,10.8
1409,3,0.2
973,2,10.2
713,3,8.2
357,2,4.2
717,1,5.7
1180,2,3.7
1742,2,6.0
221,3,0.5
1148,3,23.9
1254,3,17.8
973,3,12.5
774,1,8.4
1333,4,2.0
1277,1,3.1
381,3,10.7
1833,2,1.3
1573,2,7.9
660,3,0.5
830,4,38.0
1721,3,7.5
1164,3,3.6
918,2,13.4
1426,3,4.2
735,2,10.3
387,2,27.3
792,3,24.4
1316,4,3.5
1850,3,26.3
1749,3,2.1
177,4,12.4
1329,4,11.7
642,3,16.8
1846,2,2.0
313,1,4.3
1166,2,2.6
807,3,0.4
1277,1,0.2
1741,3,17.5
792,2,9.3
965,1,3.9
704,3,1.7
1770,3,13.0
1068,3,20.8
1162,3,4.1
884,2,6.6
1653,3,1.2
1382,2,6.5
389,1,7.3
452,1,12.0
220,3,4.1
997,1,54.4
1816,3,7.5
1429,4,9.1
1948,3,0.1
501,3,3.4
163,4,1.6
335,2,2.9
646,3,24.6
162,3,3.1
801,3,14.9
691,2,1.6
233,1,20.6
852,2,11.0
226,1,16.3
743,3,2.5
860,2,2.6
1786,3,2.5
581,3,9.2
1010,2,10.1
87,4,23.0
760,3,8.2
887,3,2.0
1513,2,10.9
1998,2,0.9
1832,2,9.0
1845,1,19.5
155,2,19.2
1944,2,6.9
37,4,23.8
1519,3,5.8
1234,3,11.6
1197,2,28.0
1760,2,8.2
769,1,1.5
1041,3,11.4
1325,1,19.6
753,3,39.0
941,1,11.0
1979,1,10.1
137,1,20.8
751,1,10.4
1796,1,27.6
1626,3,3.5
1293,3,5.8
1836,2,5.9
243,4,11.8
615,3,3.8
1690,3,12.8
1187,3,45.3
1008,2,3.9
1413,1,17.8
126,2,0.2
1530,2,3.0
14,3,5.3
1382,2,2.3
782,2,0.3
1980,1,0.6
84,1,0.3
478,4,26.7
1564,2,1.0
240,2,2.1
1565,2,5.2
764,3,1.9
604,1,12.3
1817,2,1.2
1483,3,2.1
1185,3,24.2
155,2,2.4
876,2,11.8
1764,3,17.2
861,3,3.8
291,3,10.2
1473,2,0.6
1900,3,6.3
1850,2,4.2
1465,3,8.5
1881,3,18.2
501,3,4.8
1550,2,4.2
133,1,0.9
1404,1,0.2
1951,2,3.3
148,1,0.6
1286,1,2.7
2,2,1.3
1314,2,3.9
695,3,6.7
1325,1,4.6
1682,1,1.3
510,3,11.9
1531,2,5.6
1122,2,7.8
1068,2,25.4
1934,3,5.8
1052,2,1.9
1238,4,2.8
1585,4,7.7
1979,4,2.3
413,1,7.5
318,1,11.5
427,2,12.4
1077,1,1.8
270,1,2.7
1225,4,12.1
944,3,9.4
591,4,25.6
847,2,15.6
1249,2,8.4
519,1,12.6
1778,2,0.7
470,1,9.0
1858,2,9.2
1629,3,0.3
695,2,14.5
1369,2,7.9
970,2,11.0
303,1,6.0
242,1,14.4
1209,2,16.6
1077,3,22.4
395,3,18.5
959,1,2.6
1022,2,3.9
1860,2,24.1
1885,3,4.7
584,3,5.3
36,3,11.6
724,2,10.7
813,3,1.2
436,2,0.5
1424,3,2.1
181,2,6.4
1357,3,9.9
272,3,3.3
244,2,30.9
1891,2,6.7
1722,2,2.4
21,3,21.6
897,3,1.1
757,3,4.5
868,2,12.4
620,2,10.4
74,2,19.0
127,4,2.0
1568,2,0.3
330,1,13.4
1437,3,5.1
1285,1,1.8
572,2,15.1
256,3,24.1
1160,2,15.1
1581,2,9.4
240,1,43.2
355,2,10.8
1248,3,6.9
1687,2,15.8
1116,2,27.0
216,4,5.0
681,1,7.3
1709,1,4.3
797,2,4.0
1940,3,9.6
719,2,9.5
1876,1,4.5
1082,2,33.3
755,1,15.8
742,3,8.7
284,3,18.1
78,2,14.1
1583,1,34.5
1400,2,17.8
1525,1,8.1
1510,3,17.5
1031,2,4.5
1667,4,16.0
887,2,40.1
430,1,13.6
1046,3,2.0
1251,3,10.8
1597,3,0.8
367,3,25.7
24,2,0.8
1697,1,8.6
1958,3,24.0
1136,3,4.0
1615,2,1.7
620,3,43.4
1232,2,9.4
397,2,4.1
1078,3,3.5
1475,1,21.5
1823,1,1.4
842,2,14.1
246,1,3.2
124,2,5.9
751,2,18.3
1818,3,0.5
1518,3,22.5
1399,4,0.4
324,2,33.3
1988,3,3.8
1815,2,0.2
903,3,10.3
1239,2,12.2
1953,3,17.4
1709,3,1.0
89,3,10.0
1632,3,8.9
1284,3,2.5
1291,2,0.9
105,2,17.0
877,2,19.7
116,3,2.4
1,4,9.2
540,3,2.1
540,1,5.3
766,4,49.7
153,1,0.6
714,3,20.7
758,3,7.2
1578,1,25.6
754,3,10.1
1581,4,4.3
1814,3,2.5
1659,1,0.8
408,2,7.7
1,3,14.0
1921,2,11.4
687,2,24.8
79,2,6.1
1,3,37.8
517,4,18.4
1820,2,4.6
362,3,4.5
515,1,1.1
1360,2,0.9
618,1,4.7
278,1,4.8
1612,3,3.2
87,1,4.9
476,1,12.6
1898,3,8.0
123,3,14.6
1801,1,7.6
1828,2,3.0
1568,1,4.3
1389,3,15.7
134,1,1.2
733,2,10.6
1085,3,21.3
1531,3,11.8
501,2,16.0
1092,3,8.3
1797,2,6.7
981,1,3.3
268,1,3.0
1786,4,5.1
907,4,7.5
999,2,31.1
638,2,3.7
529,3,11.6
1733,3,0.9
452,1,25.5
1075,3,0.9
862,1,10.4
316,3,18.0
463,3,10.1
1711,1,30.8
215,2,12.6
380,2,3.2
1868,1,1.1
831,3,1.5
941,1,0.4
1269,3,0.2
173,1,5.5
1238,3,0.0
1855,2,5.2
1348,3,10.6
813,2,9.7
1224,2,10.4
1708,2,7.3
613,2,24.1
1597,2,52.1
881,1,0.8
774,3,1.6
1380,2,1.7
472,3,20.7
1587,2,11.4
204,3,3.2
299,1,13.2
680,2,8.1
591,2,18.5
1703,2,0.6
507,2,19.4
610,1,24.0
1184,3,0.2
949,1,15.1
1297,3,16.8
1332,4,1.7
260,1,7.5
365,2,0.7
45,3,7.1
1029,1,15.6
1347,1,11.2
1440,1,4.9
1724,2,11.8
1463,3,2.5
498,2,3.1
108,1,31.1
947,2,14.3
669,1,8.6
950,3,2.3
1767,2,54.4
310,2,4.5
1688,3,30.8
1785,3,8.6
1355,1,2.4
959,3,2.3
729,3,19.1
1665,3,14.7
104,2,11.6
1220,2,0.9
1647,3,7.6
1798,3,9.0
369,2,5.8
1067,1,6.4
1643,1,7.3
1112,2,8.6
1069,3,5.1
88,1,2.9
1578,2,3.6
1560,1,4.3
1552,3,7.8
799,2,3.8
1178,2,0.7
1126,3,31.8
723,1,1.6
1806,2,11.1
1948,4,11.5
1940,2,11.5
1263,1,1.9
820,3,11.0
1603,2,6.9
327,1,8.0
1358,2,4.7
398,3,0.8
1002,2,8.8
198,2,23.1
246,2,2.4
947,3,0.5
16,2,5.7
609,2,8.8
981,3,3.8
1328,4,5.5
43,3,13.5
1294,3,21.3
1548,3,3.7
340,2,3.8
476,1,24.1
1310,3,17.8
1301,2,7.9
25,4,21.4
513,2,2.9
1255,3,3.8
301,1,40.2
1705,3,15.2
1706,3,2.4
1410,3,24.3
1222,2,15.8
1408,1,0.1
1371,2,3.7
1555,2,1.8
400,3,2.9
279,4,6.7
753,3,8.1
1202,4,1.2
81,2,5.3
426,3,7.9
33,2,1.0
445,2,19.9
664,4,13.1
378,2,42.1
990,1,0.5
1045,2,13.7
419,3,15.6
77,2,20.0
548,3,0.8
913,3,0.5
806,2,5.0
271,3,4.1
515,3,20.8
883,2,13.1
1817,2,3.5
849,2,1.6
560,2,2.4
184,2,32.1
288,2,15.6
995,2,2.9
1855,1,1.3
1622,4,19.6
823,2,9.1
1124,3,2.1
1525,1,48.6
1074,1,14.0
1784,4,18.9
1799,3,4.5
1258,4,3.2
1396,3,10.0
675,4,3.6
933,4,1.3
414,3,0.3
241,3,22.2
874,2,3.5
980,2,1.8
1601,2,3.4
612,2,3.6
276,2,15.0
289,1,12.1
11,2,0.5
1336,2,2.8
1793,3,13.7
718,3,20.7
208,1,1.0
1258,3,8.1
1805,3,27.7
739,1,0.6
1235,1,2.5
640,3,9.6
1544,3,9.9
240,2,1.7
93,2,19.7
245,1,25.7
1851,1,13.2
1548,2,31.9
1615,3,1.1
259,1,0.2
780,1,21.1
1236,1,57.6
1274,3,7.9
193,3,2.5
180,3,0.8
178,2,18.9
1722,2,0.7
1529,3,3.3
1246,3,15.0
434,2,5.3
1668,1,17.7
89,4,0.9
1510,1,4.2
1830,3,1.5
1850,2,6.7
1701,2,0.9
850,2,41.5
934,3,34.4
369,1,3.6
1567,3,20.6
1203,3,7.2
1778,2,22.4
1903,1,3.9
123,3,4.0
238,3,1.9
1595,3,11.5
1837,1,22.5
1259,3,34.3
849,3,21.5
952,2,2.6
1163,4,1.1
792,3,3.8
305,3,3.5
275,3,27.3
531,1,32.5
1095,2,14.7
1204,2,16.9
1563,3,7.3
11,3,6.2
1531,1,17.3
952,2,22.4
394,1,4.2
1499,2,45.4
1285,3,9.0
1827,2,0.8
761,3,9.2
791,1,10.1
1709,1,27.8
744,2,40.4
264,2,1.1
1624,1,2.6
1595,2,6.7
145,3,1.9
398,3,6.4
223,2,4.6
1468,2,21.6
86,2,0.7
1658,3,6.8
1904,2,23.1
1381,2,19.9
1493,4,35.1
610,1,30.1
1875,3,0.2
432,4,4.2
1841,2,5.5
1409,1,9.3
1949,1,4.3
1273,3,1.6
1226,1,5.4
1547,3,6.8
228,2,4.6
683,1,1.5
1841,3,0.4
759,1,6.8
130,2,1.1
1644,3,34.8
1035,3,11.7
590,2,1.0
1338,2,8.2
1669,2,6.1
1634,3,23.7
934,1,5.4
390,1,2.2
45,3,14.1
251,1,4.7
1213,3,12.5
923,4,3.2
1893,1,4.6
318,3,0.2
1051,1,3.5
504,1,0.5
1873,2,3.3
783,3,0.2
197,1,22.9
405,2,2.5
836,2,1.6
0,2,23.4
206,3,2.8
178,3,4.8
1308,3,1.4
1266,2,22.0
1822,2,22.4
1386,3,7.5
693,3,1.1
924,2,52.4
1079,2,6.5
1696,3,5.6
114,3,1.7
1255,1,2.4
1071,3,11.3
1080,2,6.6
173,2,1.4
1520,4,5.2
177,3,0.1
776,2,16.2
1474,2,4.2
1864,2,19.3
182,1,2.4
786,2,0.6
262,2,4.5
1408,3,2.6
1113,3,1.3
1901,1,6.9
349,3,4.6
67,2,0.7
577,3,8.1
1425,2,7.6
922,3,11.1
1402,1,2.9
739,2,13.2
42,1,10.5
1754,2,21.9
719,1,3.8
69,1,3.3
1903,3,1.3
842,3,6.0
104,3,9.4
937,3,5.9
59,3,0.1
583,2,7.6
183,2,36.1
1567,2,20.3
1087,3,27.1
287,3,8.5
986,2,60.0
1997,2,0.3
595,3,16.7
475,3,12.0
1952,4,5.0
368,2,0.4
1785,2,12.7
1609,2,3.8
828,3,13.0
1144,1,6.4
1809,3,5.7
536,1,0.7
695,2,10.3
279,3,3.0
1894,3,28.1
247,1,1.3
1663,3,0.7
45,3,4.6
1871,2,0.5
1384,3,0.9
1569,1,0.1
1116,2,4.7
27,2,0.2
617,2,1.6
256,1,12.0
1308,3,21.8
1139,2,11.5
1578,1,13.2
521,1,0.0
682,2,9.2
1599,4,15.8
186,4,9.5
406,2,29.2
294,2,0.7
1385,3,0.1
666,3,12.4
1090,3,5.9
269,1,9.6
444,1,3.4
329,1,2.6
1781,4,6.6
688,1,3.9
16,1,12.3
1358,2,5.2
512,2,19.3
709,3,20.1
581,2,12.0
418,2,16.3
1517,1,0.5
725,3,2.6
393,3,16.0
839,1,3.5
1840,2,9.2
250,3,5.3
1866,2,4.1
813,3,0.8
18,1,32.7
952,2,13.0
396,2,9.9
1057,2,4.5
477,1,8.8
1606,1,15.7
1978,3,9.6
742,3,20.8
1613,1,1.0
1357,3,0.4
490,3,7.2
435,3,3.7
280,3,8.5
1576,1,18.5
516,3,0.9
1454,2,4.8
479,2,9.6
3,1,5.3
1174,2,7.8
702,2,19.7
333,2,3.6
1194,2,16.7
530,4,6.3
1896,2,17.6
833,3,6.0
1955,2,21.2
218,3,13.5
689,3,2.7
1658,3,12.1
77,1,5.0
634,2,0.3
677,2,8.2
1881,1,19.1
1708,2,1.6
1300,1,2.1
575,4,1.5
1835,1,2.9
529,3,2.0
1902,3,2.6
1225,1,41.9
1470,3,1.4
95,4,39.6
1926,2,6.4
276,2,1.3
1234,2,17.1
57,4,1.2
1905,3,9.8
1224,1,48.2
1155,2,7.6
874,1,4.1
911,1,17.1
1078,2,11.8
1430,1,5.5
798,3,27.2
340,1,5.5
76,2,7.3
1723,2,9.1
687,3,0.6
1716,3,1.3
1109,2,6.5
621,2,3.8
1536,1,56.7
733,4,22.6
1007,2,14.8
714,1,9.8
1235,2,9.4
1606,1,6.9
485,3,13.9
1519,3,26.4
829,3,9.9
1592,3,27.9
1291,2,4.9
1604,2,20.8
697,3,2.6
1582,2,4.1
974,1,6.7
1408,1,2.3
249,3,10.1
1317,3,4.3
111,3,0.2
809,2,26.2
109,2,5.9
865,2,2.3
954,3,7.1
567,2,16.6
1916,4,2.3
1247,3,0.1
207,2,0.3
334,3,8.7
622,3,17.2
414,2,27.2
174,2,9.4
139,2,11.5
981,2,7.5
1945,2,2.5
1675,3,5.5
1114,4,2.3
1986,2,4.0
718,2,15.1
430,2,12.5
1143,4,7.2
1099,3,4.6
1117,3,18.4
545,3,8.2
709,2,15.0
333,1,5.7
1821,1,2.0
1888,1,45.6
660,2,5.6
1162,2,2.9
537,1,10.6
1015,2,9.0
1042,2,3.9
9,1,7.6
462,3,7.8
1111,3,5.9
952,4,4.7
1495,2,5.8
737,4,0.9
1131,3,36.2
1818,2,18.7
1202,4,38.1
539,1,26.6
1069,3,3.6
1761,1,7.0
970,3,5.9
1658,2,6.7
1822,1,1.9
1530,2,1.8
1760,4,4.3
179,2,5.3
1179,2,0.3
714,2,13.1
183,2,7.5
460,3,6.0
649,1,7.0
1615,2,17.8
355,1,8.4
1183,1,24.9
1905,1,27.2
1717,2,6.5
1562,2,0.1
283,2,0.6
1342,2,3.8
1706,2,0.9
1768,3,4.2
895,4,1.5
1380,3,9.8
1511,3,1.0
141,2,35.5
555,1,6.6
729,3,0.2
1030,1,4.1
670,1,7.0
1014,1,16.8
1123,4,8.2
819,2,12.3
241,2,1.6
1422,4,10.1
196,4,0.3
1478,3,22.2
1936,4,4.3
1083,2,4.9
186,3,6.6
1706,1,6.0
1616,1,27.8
1607,2,17.6
489,2,59.3
147,2,9.3
89,2,0.7
1971,3,6.8
194,3,4.3
1184,1,7.3
999,3,4.8
1913,3,6.9
1468,1,2.1
1412,2,7.4
612,2,23.6
289,3,15.1
1217,3,32.0
113,3,7.7
1298,3,3.6
1176,3,6.3
489,1,13.5
1727,3,12.6
340,1,7.5
1876,2,2.2
158,2,7.4
453,2,3.3
1592,1,13.0
1779,2,21.1
629,2,11.2
266,2,18.0
1218,4,2.9
323,3,5.0
1060,4,11.5
915,3,7.8
1993,1,11.6
1048,1,30.7
203,3,0.0
1266,1,6.9
1128,3,12.2
1368,3,14.7
1208,3,23.3
1533,2,0.2
1962,2,6.0
444,2,17.0
1579,4,6.6
1447,2,11.1
65,3,28.1
1913,1,14.0
880,2,1.4
1601,3,2.4
1369,2,4.0
1147,4,2.9
1006,3,14.1
20,2,50.3
1811,1,13.4
1872,4,1.0
978,1,13.7
210,3,14.1
1572,4,38.8
35,1,26.2
1409,3,0.4
1777,3,2.3
566,1,5.2
885,2,3.8
1703,1,9.2
1049,3,0.5
360,4,9.6
137,3,5.8
699,1,8.5
810,3,10.8
542,3,3.3
1360,2,1.2
748,3,11.7
1863,3,16.4
1449,3,0.4
902,2,20.6
1232,2,31.0
1790,3,1.3
438,2,6.4
1952,4,28.6
1671,2,7.0
802,1,11.1
59,1,1.2
1769,3,5.0
1674,4,8.5
747,1,0.9
343,3,1.3
371,3,5.4
459,1,1.4
1693,2,11.6
844,4,10.7
212,2,25.6
227,2,7.3
1119,1,6.9
1783,2,14.0
1511,1,2.3
691,1,0.9
1137,3,8.1
1931,2,9.0
1132,1,0.2
1045,2,1.5
474,2,12.4
197,1,8.4
551,2,1.6
1220,3,28.5
580,2,6.4
1019,3,28.9
290,1,9.4
917,3,12.1
1276,3,6.1
1905,3,4.0
1414,3,2.1
1187,1,7.4
1524,2,2.5
488,2,7.6
478,1,3.0
507,1,2.3
1644,3,4.3
929,2,3.4
154,2,13.6
1195,2,1.9
998,1,0.5
18,3,5.6
656,3,5.6
1771,3,17.4
866,3,8.0
940,1,8.1
590,1,2.1
1048,1,2.3
564,2,34.8
886,3,3.2
1905,3,1.7
1859,1,3.6
1183,2,3.4
1399,3,4.3
1491,4,8.8
810,3,21.2
1841,4,1.5
1855,1,2.6
807,1,7.7
713,2,32.5
54,3,14.3
947,2,0.2
106,1,7.4
6,3,10.9
195,1,9.2
457,3,11.0
127,2,6.4
1940,3,11.5
1622,2,17.6
234,3,43.8
1282,1,16.4
1793,2,0.1
1610,3,21.3
395,1,9.6
1871,4,28.0
1484,2,3.7
620,4,1.9
1629,1,29.6
538,2,0.3
1704,2,3.7
546,2,23.1
582,3,2.6
1521,3,12.0
147,2,2.9
1328,2,31.5
1345,3,16.1
1250,3,1.6
1043,1,12.3
248,1,2.5
1248,3,10.7
1488,3,9.7
1368,2,1.4
1038,2,7.2
1202,1,11.6
1637,1,4.3
1404,2,18.3
1629,2,20.1
1281,4,5.1
1169,1,7.8
848,2,45.2
1018,2,16.7
1289,3,8.7
255,1,9.4
806,2,6.1
1789,3,23.8
260,2,10.5
1656,2,17.9
1739,1,5.3
173,1,8.7
1453,2,0.8
1759,1,2.6
1029,3,5.1
1099,2,0.7
236,1,9.6
851,2,7.2
407,3,1.1
690,3,3.4
674,1,4.7
490,2,33.4
779,1,4.8
724,1,11.8
1105,3,7.7
1975,3,2.7
928,1,4.2
809,3,3.8
942,3,13.3
1919,4,7.3
1608,2,34.1
1430,3,25.1
1550,1,3.7
815,3,1.2
310,2,7.6
1480,2,14.9
1577,3,1.4
1261,2,12.7
758,2,45.1
138,3,3.4
434,1,2.9
1636,2,19.7
584,1,25.9
825,2,5.5
1213,2,2.9
349,2,4.1
1312,3,14.9
1137,3,3.5
730,4,8.8
1847,3,0.1
1738,1,8.6
714,2,1.9
69,3,3.0
1287,1,2.9
1526,2,5.7
1751,3,16.0
1232,1,1.7
1876,4,3.5
27,3,15.3
869,1,15.9
1836,2,4.9
1395,4,0.9
778,3,3.7
1442,3,3.4
688,4,10.4
641,4,10.5
1089,2,13.0
806,3,0.3
1591,3,4.3
165,3,13.6
800,1,4.1
158,1,22.6
871,2,3.7
1620,2,23.8
1368,1,4.5
1384,3,5.6
426,1,3.4
1225,3,14.1
294,1,8.3
638,1,27.9
1365,2,0.4
1248,3,41.6
1461,3,0.7
1661,2,19.5
117,1,0.9
948,2,14.6
1986,1,15.0
997,2,6.5
161,3,17.3
708,1,5.9
702,3,3.6
808,3,0.9
1971,3,6.5
1767,4,0.9
270,1,5.0
1527,4,13.5
343,1,3.2
778,2,16.9
1271,3,5.5
1938,1,3.7
406,2,5.3
893,2,5.7
1807,3,0.9
456,3,0.1
1641,1,0.3
1399,2,0.7
1132,2,7.8
1082,3,0.9
737,1,1.4
964,2,2.4
481,3,8.4
78,3,0.2
1640,3,15.3
178,1,8.2
393,4,3.1
996,1,8.5
693,1,12.7
1015,3,7.3
889,2,1.2
550,3,7.5
1846,1,1.2
1327,1,12.5
9,2,12.2
1088,3,18.3
393,2,1.0
322,1,11.9
1922,2,7.9
1433,2,15.3
419,3,0.3
1944,3,4.1
724,3,1.3
1404,2,5.2
1406,1,10.4
1602,4,7.2
1285,2,7.5
407,3,24.7
90,4,3.1
772,2,9.0
1066,3,11.6
239,2,4.0
1474,1,39.6
65,3,11.5
1448,2,6.0
1110,3,1.3
71,1,5.7
433,1,8.5
371,2,1.8
901,3,7.3
1718,2,32.9
572,3,3.9
482,3,64.3
161,4,22.5
1624,3,1.0
349,2,5.5
85,2,24.6
738,2,4.9
204,2,10.5
1979,3,9.8
754,1,1.3
493,4,13.2
809,3,8.5
1729,3,8.3
1403,1,6.8
1691,1,38.7
1146,2,3.7
950,1,1.7
467,3,5.7
952,2,0.7
1798,3,0.8
204,3,14.5
1466,2,3.0
1972,1,1.6
1148,3,19.7
1675,2,22.9
1419,2,18.7
837,3,4.6
308,1,0.0
1294,1,28.9
1278,4,19.0
356,3,1.3
1835,4,0.6
797,3,3.9
856,1,25.5
425,3,0.9
316,3,28.6
1667,3,8.4
1055,2,5.8
1018,2,14.9
144,1,21.6
19,2,0.3
1705,1,4.4
1593,3,2.9
1299,1,33.0
1772,3,31.1
95,4,15.3
1519,3,13.5
480,2,8.4
128,2,2.5
302,1,7.6
2,3,6.3
1890,2,8.4
1050,1,10.4
1157,2,5.2
606,2,25.6
407,4,7.2
559,1,20.5
196,4,3.8
1290,3,37.9
1786,2,8.2
1978,2,8.4
1187,2,6.9
771,2,22.2
1656,1,14.4
817,3,18.7
248,2,20.0
1130,2,4.6
1031,2,1.5
1181,1,11.4
1011,1,11.4
481,3,7.9
900,1,12.2
1906,2,33.4
777,1,8.7
1759,3,6.0
668,1,1.0
1870,4,7.7
1986,1,14.2
1204,2,1.8
1768,3,19.3
727,1,3.6
1137,3,6.7
1128,1,29.1
284,1,16.7
1200,3,10.6
1395,3,8.1
521,1,17.5
985,1,1.9
681,1,3.5
1877,3,21.8
516,1,19.9
936,3,8.1
1532,3,6.5
348,2,3.2
1680,3,1.3
619,1,8.3
582,1,8.7
105,1,7.4
1330,2,17.8
768,2,3.7
13,2,8.0
148,2,25.4
1472,2,22.2
1150,3,1.0
1419,1,17.4
6,2,44.5
477,2,18.4
1458,2,6.7
1272,3,11.5
1345,3,11.4
1313,3,14.2
1304,3,4.6
410,3,3.7
187,1,9.9
262,4,40.5
608,2,11.9
896,4,17.0
1167,1,5.1
117,2,7.8
375,1,4.5
1760,3,10.8
1253,2,3.0
1247,1,4.1
1460,4,0.4
936,3,11.5
1418,4,4.3
638,2,8.5
221,3,11.8
280,2,1.3
1996,1,14.1
542,3,2.3
1977,2,8.7
222,3,1.1
1831,3,2.8
212,2,3.1
748,3,0.9
1533,4,29.3
415,2,18.2
836,2,18.7
483,3,10.4
121,4,18.5
12,3,35.2
1853,3,0.5
1609,4,1.7
1023,2,7.6
1831,4,12.2
1068,4,14.4
1322,1,6.4
518,2,16.0
1295,1,0.0
1908,2,6.3
311,3,6.5
578,3,8.7
1559,2,1.7
1616,3,0.8
1391,2,11.2
13,1,11.9
765,3,13.1
584,1,3.1
591,2,0.5
920,3,3.6
654,3,11.3
745,3,16.2
1589,1,15.8
526,2,14.9
963,2,4.0
442,1,12.4
1880,3,3.7
437,3,19.7
456,1,3.8
979,2,26.6
570,4,0.5
153,2,2.1
898,3,1.5
96,3,12.3
158,3,29.9
1621,1,40.0
1242,3,13.7
1192,3,0.2
1215,3,20.4
405,2,24.4
744,3,1.4
1135,2,15.5
1354,2,14.1
910,3,8.2
292,2,6.0
425,3,28.6
312,3,7.7
433,2,6.5
1745,4,5.6
880,2,9.4
1899,3,4.7
1983,1,3.9
818,3,4.2
537,3,5.1
1298,1,3.3
1863,3,12.2
1912,1,1.5
208,3,7.8
947,4,1.9
1412,3,3.9
1443,2,31.3
1159,3,5.6
1952,1,10.0
1728,3,6.1
1986,3,24.5
81,2,2.3
406,4,19.4
1476,3,21.9
238,2,10.8
546,2,5.2
1709,1,10.9
1666,2,6.4
1170,2,13.3
1709,3,4.9
1298,1,0.4
403,2,7.8
1935,2,10.0
1927,3,29.2
1058,2,7.2
504,1,12.8
492,4,3.4
1693,4,11.1
999,1,6.9
875,4,5.1
967,3,15.5
415,4,5.6
1466,4,1.9
1106,1,2.5
1951,1,5.2
845,1,5.2
1704,3,26.1
1130,1,0.4
1745,2,10.2
554,2,7.9
1742,2,27.8
1813,1,8.9
133,2,22.1
563,3,8.2
1281,2,8.4
1022,2,6.2
946,3,1.3
1440,1,20.2
874,2,4.5
861,4,17.6
1182,2,7.4
888,4,9.0
200,3,18.3
1028,2,0.3
1704,2,36.6
999,3,1.6
709,2,24.6
484,2,12.1
69,1,6.6
1616,1,16.6
811,3,31.6
666,2,16.6
1398,3,10.7
1805,2,10.8
1425,3,1.7
446,4,7.3
1961,3,1.9
728,2,10.5
439,2,10.8
412,1,20.9
1513,1,12.0
1286,3,3.6
308,3,3.2
318,4,3.6
259,2,20.5
1526,1,19.5
410,1,39.1
614,2,5.6
955,3,0.3
763,2,3.6
576,2,36.5
743,1,3.2
666,2,40.7
987,1,4.0
321,3,5.9
585,1,1.5
475,3,3.3
32,2,35.3
1924,2,10.4
979,1,6.9
270,2,15.3
1497,3,9.1
29,3,2.1
320,3,0.6
1299,3,11.0
702,4,20.1
391,2,6.7
1588,3,10.9
671,1,14.4
1880,3,5.6
1969,1,16.4
1131,1,13.8
734,1,5.4
920,3,1.9
330,3,0.3
835,1,2.7
424,4,0.8
1677,2,1.8
864,2,5.4
1877,3,16.4
260,1,2.2
322,3,31.6
1223,1,5.5
626,3,11.1
889,4,4.3
1505,1,2.1
1490,2,5.2
1920,2,6.1
354,2,13.6
263,1,2.4
1661,2,9.8
468,3,0.8
383,2,7.3
1109,3,7.0
1620,3,6.4
392,1,0.8
943,2,1.4
225,3,14.3
647,1,5.3
575,2,0.8
1866,2,1.9
1014,2,14.4
227,2,16.0
130,1,0.6
1494,1,30.3
1839,3,4.2
89,2,14.6
1305,3,4.8
212,2,6.5
130,3,18.2
176,4,6.6
1860,3,4.8
1880,1,9.2
85,3,2.3
1745,1,10.0
35,3,2.6
1689,1,5.0
653,2,22.5
911,3,3.5
65,1,0.6
1105,2,5.5
1585,2,19.3
697,3,13.4
923,4,7.1
884,2,11.3
998,3,8.8
597,1,0.8
1221,3,4.7
997,2,3.1
256,2,4.6
654,1,12.8
1129,3,1.4
703,4,14.8
1347,3,30.0
1826,3,5.7
841,3,1.5
1885,2,19.1
643,1,12.4
1876,4,1.1
1249,3,20.9
1606,3,23.7
10,1,7.9
1974,3,6.8
1805,3,6.8
533,4,18.0
70,3,3.0
1087,3,7.2
1648,4,13.2
1868,3,16.1
136,2,11.1
1137,2,19.9
1151,2,4.2
335,3,10.9
1243,2,2.3
711,3,14.1
1778,2,0.9
1086,2,5.3
1761,4,4.3
1078,1,2.4
327,2,1.2
1015,3,5.7
1961,1,4.2
1620,2,8.2
1091,2,10.7
781,2,24.9
1205,1,11.0
729,3,2.2
136,2,1.3
211,1,17.4
1845,1,0.8
1608,1,24.5
1855,4,1.6
423,3,3.1
212,3,25.5
1229,2,6.6
826,4,27.0
902,1,1.6
1950,3,11.6
1540,2,10.3
72,1,1.7
1525,3,13.5
575,2,1.1
600,1,16.2
1595,3,1.3
1521,3,0.7
969,2,11.7
946,1,1.8
1772,1,1.4
949,1,13.6
1937,2,4.3
720,2,6.2
1206,2,6.7
1489,3,6.3
817,2,9.3
1032,3,24.5
1990,2,7.0
44,1,8.4
1757,2,13.9
1069,3,9.6
1925,4,17.2
1953,1,3.7
1706,2,6.4
1857,2,0.2
958,2,0.5
79,1,8.0
460,3,26.3
1581,4,8.4
1549,2,0.5
1731,3,11.5
498,2,1.0
1226,2,4.1
1827,4,10.5
448,2,5.2
29,3,23.0
391,2,9.5
1648,4,0.7
443,2,3.8
1567,2,8.7
391,1,36.6
1311,3,3.9
1243,2,11.4
249,1,16.7
1682,1,9.3
1781,3,4.0
302,2,2.0
1303,1,8.5
1982,4,3.0
1940,2,21.0
610,2,5.3
1617,4,5.3
1037,2,0.4
1381,1,13.9
874,3,3.2
67,2,25.7
51,1,11.6
573,3,0.3
188,3,19.4
557,3,19.3
975,4,5.8
960,2,2.5
1810,2,4.9
1703,2,6.9
1893,3,35.2
962,2,2.3
506,3,32.7
1114,2,1.2
1746,2,5.5
115,3,21.0
1984,2,1.9
1331,2,0.4
767,2,6.3
813,1,4.3
408,2,15.9
1083,1,5.6
1840,1,5.0
27,2,1.4
1541,1,5.3
312,4,0.8
266,1,12.7
629,3,11.0
1774,2,6.0
603,3,18.5
889,4,2.9
136,2,5.2
434,3,9.2
1598,1,21.9
1676,2,2.7
1449,2,6.3
459,4,19.7
1570,2,12.2
1179,2,12.4
667,3,0.9
920,1,1.4
1715,1,16.5
493,2,17.8
339,2,9.2
1851,1,19.9
1614,2,11.2
77,2,5.2
1484,2,0.2
1607,1,30.3
657,3,24.1
1392,1,11.1
79,2,5.8
690,1,1.3
335,2,7.2
921,2,9.3
1907,1,25.5
1480,3,39.4
1989,2,18.6
1824,3,38.4
1991,3,5.5
1782,3,21.8
402,1,1.3
1466,1,9.3
1297,2,8.9
1246,2,4.6
1180,3,21.1
1825,3,0.8
906,3,7.3
1759,4,9.3
1690,2,2.0
1804,2,1.8
607,3,5.8
1752,3,9.7
1168,4,25.4
236,2,7.3
1085,3,11.3
961,2,1.5
580,2,17.5
1753,3,3.7
1015,2,9.9
1980,2,2.9
1832,3,4.5
493,2,8.0
18,1,1.9
1934,2,14.2
356,3,3.2
1930,1,14.1
1815,2,7.5
604,2,1.4
693,1,2.3
880,3,0.7
1200,1,15.1
1419,1,4.1
1497,3,2.0
1167,2,7.6
1491,1,18.3
1003,2,12.3
1847,2,6.2
1508,2,9.5
812,1,17.0
1648,2,14.0
602,1,1.1
801,3,1.9
665,3,1.1
1698,3,12.3
252,2,24.9
522,3,19.1
1587,3,7.5
606,3,5.9
26,1,7.7
1548,3,1.3
377,1,1.2
156,3,4.5
1828,1,5.4
1256,1,0.2
477,3,5.6
321,1,7.1
1451,1,11.8
179,1,19.9
540,1,15.0
1391,1,2.4
1143,2,2.0
1390,1,12.2
1636,1,19.1
307,2,1.4
1441,2,11.4
529,2,14.8
299,2,2.5
1915,2,7.1
1026,2,6.2
1893,3,26.0
1801,1,0.5
1920,1,9.6
244,1,13.9
1997,2,8.4
1055,1,4.2
734,3,10.7
1004,1,12.4
520,3,19.0
1475,2,5.8
1691,1,7.1
1638,1,9.1
1306,3,12.0
333,4,0.9
80,1,2.0
836,4,18.5
1642,3,1.2
602,1,22.4
1141,2,8.6
1317,1,5.5
1625,2,10.2
397,4,0.9
1727,1,22.9
1032,1,15.3
803,1,7.4
1714,1,8.8
853,1,10.2
1057,2,22.5
1750,2,20.2
407,3,5.4
1632,2,0.9
350,3,7.5
1438,3,4.9
109,1,2.6
1030,2,1.9
1263,2,19.0
423,1,25.7
1266,1,25.8
1291,1,14.9
1709,1,4.9
1952,2,22.3
1786,1,17.4
339,1,0.9
1445,2,1.7
66,1,0.8
942,3,22.7
1342,2,19.2
722,1,1.3
727,3,1.3
1694,3,1.2
454,1,26.8
1655,1,6.4
1249,3,5.9
1929,1,4.1
1683,1,18.0
962,3,44.7
974,4,9.8
88,3,12.8
145,2,13.5
835,1,0.5
1686,3,25.7
972,3,81.4
433,3,4.2
1518,2,6.3
1920,2,5.5
1621,3,6.8
1201,3,0.2
968,2,7.2
317,2,32.5
1589,1,1.3
1054,2,1.5
473,2,5.2
280,2,14.6
1282,3,4.6
721,2,17.9
1922,2,5.9
1166,1,4.0
464,3,4.8
23,3,3.2
1253,2,8.3
234,3,14.3
1568,1,18.5
411,2,3.4
27,4,5.2
471,2,15.4
304,1,12.3
474,2,29.5
1231,3,0.5
359,1,4.0
1976,3,20.8
581,4,10.1
536,2,0.5
560,4,28.5
672,3,3.3
53,3,0.5
1317,3,6.2
1202,3,8.9
1816,2,9.8
257,2,4.9
4,3,6.1
798,1,6.6
334,3,15.4
12,3,8.7
889,4,2.5
1495,1,19.1
574,3,12.8
1295,2,13.1
1120,2,3.3
1741,2,12.0
1047,1,0.9
578,3,3.9
391,3,12.3
38,3,23.7
793,2,25.2
195,2,3.8
1563,1,9.0
1303,3,46.2
533,4,1.4
543,3,14.2
1774,3,21.8
128,1,12.5
510,2,1.7
664,1,63.5
341,1,26.0
619,3,25.4
1419,1,41.4
1495,3,2.1
1566,1,35.2
340,3,7.5
1721,1,6.7
1605,3,8.9
1893,3,2.3
680,3,3.7
292,3,7.1
50,1,5.0
1596,1,14.8
1026,1,8.7
1878,2,11.2
168,2,2.2
1995,1,6.0
1645,1,11.0
671,3,15.6
275,3,35.5
958,2,22.5
1013,2,7.1
1920,1,20.1
1861,3,20.5
962,1,4.1
1105,1,9.3
1408,3,6.1
590,2,4.5
1242,4,2.4
1930,2,5.5
75,3,0.4
423,2,6.8
686,2,12.3
1843,3,1.2
1997,3,10.6
562,3,8.0
1264,2,8.9
1636,3,9.6
47,3,3.2
856,2,0.7
419,2,15.1
418,4,0.1
294,4,3.2
935,3,22.2
1937,1,8.2
1225,3,3.1
643,2,5.8
1138,2,2.9
312,2,10.6
249,2,12.0
1345,1,5.0
1203,1,32.3
893,1,4.5
1382,4,8.2
1776,1,2.0
852,3,1.3
1624,1,6.1
991,1,0.4
1928,3,5.2
1256,1,3.6
1275,2,1.9
1871,2,1.2
313,3,2.3
494,2,7.0
116,3,13.3
1639,1,14.4
535,1,4.7
529,1,10.3
941,2,6.3
1971,2,12.9
721,3,3.8
579,1,9.4
1451,3,4.1
1160,3,14.2
526,3,1.6
52,2,5.3
424,3,0.2
1807,1,16.4
1406,2,24.3
1663,1,8.3
1758,1,25.2
599,2,23.5
661,2,1.3
796,2,24.9
1185,3,2.4
1943,3,14.0
1908,3,4.1
573,3,23.9
1564,3,19.3
23,3,1.4
170,3,5.6
1212,2,2.1
1287,1,1.1
559,2,2.8
213,3,3.3
1329,4,16.1
1504,2,2.2
1899,1,0.9
1685,2,0.9
1407,3,1.7
1988,1,9.5
185,1,0.5
1055,1,4.8
205,2,14.7
514,2,5.5
667,3,17.0
1784,4,11.2
1496,3,21.1
540,2,0.6
709,3,10.0
45,2,1.2
1709,1,2.7
1061,3,10.4
110,3,4.3
1574,2,26.9
111,1,14.0
854,3,11.5
1586,1,12.8
1345,3,12.3
1387,3,27.5
1886,3,4.8
812,1,1.2
1112,2,13.2
851,1,16.5
599,2,16.7
1683,1,2.3
192,1,1.1
17,4,44.5
1429,4,0.4
1932,1,24.3
1337,1,4.8
554,2,9.9
589,2,0.8
500,1,2.2
1667,3,13.6
1758,2,0.6
378,2,17.3
553,1,3.7
986,3,0.5
1322,1,32.3
1877,3,2.7
1741,3,8.0
1559,1,0.7
1927,1,9.7
736,1,0.1
1530,2,9.0
787,4,9.3
588,1,9.0
756,3,8.8
165,3,22.9
550,2,13.2
1943,2,4.6
1718,3,15.1
276,2,15.5
1380,3,8.7
1178,1,1.0
1392,3,8.7
510,2,36.2
297,2,7.7
1492,3,12.7
1835,1,18.1
742,2,24.1
902,2,29.7
454,3,9.6
912,3,17.4
1063,3,4.9
1141,3,0.6
999,3,16.7
1138,2,5.8
1024,4,4.5
563,3,13.4
898,3,9.3
20,4,29.8
1064,3,2.1
225,2,3.9
1311,3,18.2
1453,2,3.7
339,1,14.1
1983,3,0.8
849,3,6.3
1873,2,28.1
196,4,2.5
557,1,10.9
1426,3,8.6
343,3,2.2
924,3,12.9
1856,1,8.8
769,3,10.8
405,3,31.6
1270,1,1.7
525,1,2.1
628,3,0.4
792,3,3.4
1642,1,29.4
1734,3,8.5
1491,2,0.9
1737,3,9.5
372,3,2.0
83,3,2.7
1065,1,0.0
1681,3,1.0
1880,2,11.4
1963,1,3.4
1706,1,3.0
508,3,20.3
1232,3,32.5
991,2,1.2
1115,4,21.8
691,2,4.3
1153,3,30.3
1309,3,4.8
209,4,6.9
1507,2,10.1
1304,2,2.7
866,4,6.4
1074,2,2.8
627,2,20.4
1033,2,0.9
1235,2,5.5
101,2,1.1
1657,3,5.7
1978,1,0.2
1303,2,3.6
879,2,15.7
262,3,31.7
1105,3,31.7
1238,4,13.7
381,3,1.1
789,4,8.7
1714,1,11.6
100,2,10.6
1243,1,14.4
1781,3,22.6
1047,3,22.2
1639,1,11.0
1739,1,11.7
335,1,21.2
956,2,2.0
399,1,8.5
1042,2,2.8
1854,1,4.4
812,2,5.7
656,3,0.6
1653,3,14.9
928,1,1.4
1069,1,8.0
33,3,12.7
638,3,15.7
530,4,4.3
412,3,0.8
1528,2,1.1
1428,1,23.3
1702,2,29.9
1864,2,0.6
1833,2,27.6
100,1,50.5
1476,2,1.3
625,3,5.8
530,3,5.9
1741,2,13.2
459,3,1.6
1271,3,4.4
226,1,18.6
1206,2,21.8
1078,3,8.7
102,1,3.4
1812,1,2.2
720,3,21.2
504,2,1.3
115,3,2.5
1716,2,12.3
1754,2,30.7
1368,2,18.5
871,1,0.4
1372,4,17.8
403,2,14.8
1306,3,6.1
1061,2,0.8
926,1,5.9
957,2,23.4
472,3,3.8
661,2,4.5
212,1,18.1
567,3,17.9
1011,4,9.9
1600,2,3.5
1256,1,20.4
1021,1,15.5
1537,1,1.8
507,2,3.4
1795,1,1.9
98,1,3.0
1380,2,35.4
859,2,9.6
1058,3,0.8
1935,3,2.8
1632,2,1.2
1802,2,61.8
1536,3,4.5
1492,3,4.6
1536,3,9.1
1992,3,8.4
1760,4,3.0
1516,2,7.5
60,2,11.6
1433,2,4.9
1796,3,4.0
144,3,0.4
676,3,3.3
613,3,10.4
370,2,9.5
1446,1,28.8
958,1,9.5
478,4,5.3
1157,2,3.0
96,1,4.6
1156,3,11.6
523,3,4.7
738,3,0.9
1038,4,1.0
436,2,0.1
1462,3,11.8
1110,4,16.8
897,2,8.2
991,1,13.0
838,1,29.6
523,1,48.9
704,2,0.1
1639,1,3.7
1158,2,0.3
742,3,2.7
1193,2,0.1
300,4,27.1
895,2,0.3
1182,3,11.0
1958,3,3.9
338,4,17.1
1125,1,4.4
313,3,18.2
1295,4,1.1
688,2,25.3
682,3,9.0
390,3,2.8
1976,2,4.9
981,1,0.3
871,1,15.0
577,2,1.4
246,1,32.3
828,3,2.9
297,2,10.4
1114,1,6.1
332,2,22.2
739,3,2.9
1430,3,4.1
398,1,44.2
929,4,21.6
1398,3,1.7
951,3,1.0
636,3,1.4
1897,2,10.4
469,1,12.1
1084,4,6.6
951,4,3.9
199,1,24.9
517,2,15.6
1535,2,11.3
980,3,5.9
837,3,2.8
1047,4,3.7
1484,3,6.4
403,2,8.5
246,2,2.5
735,3,0.9
573,1,1.5
1730,3,2.2
947,3,0.6
1188,4,7.6
1613,3,5.9
13,2,8.8
824,2,45.3
364,2,5.4
1810,3,5.8
1128,1,1.2
271,2,0.4
1058,4,16.0
1699,3,0.2
1278,1,4.9
13,2,6.9
1552,1,1.7
1218,2,6.9
8,2,40.5
1840,3,7.9
872,2,23.4
1441,1,7.2
1289,2,4.6
1111,3,7.3
1302,1,7.7
1521,2,16.5
1842,1,26.0
939,2,2.6
1149,4,3.5
306,3,6.7
690,1,1.4
1559,2,8.3
1086,3,4.9
813,3,11.1
1422,2,0.0
1444,1,4.6
1525,3,8.0
385,3,29.5
1664,2,2.2
191,3,7.6
1699,2,14.3
628,2,3.0
1104,3,1.1
647,1,1.6
1310,3,16.1
1013,3,0.5
1010,2,8.8
228,1,0.2
130,3,12.5
152,3,1.8
1925,2,11.0
1044,1,1.2
1753,2,42.8
1316,3,5.9
289,3,10.0
54,3,0.7
1280,2,40.6
272,1,27.5
822,4,16.8
1037,3,5.9
1801,4,0.3
942,2,0.9
1352,1,0.5
1856,3,0.1
1282,2,13.9
257,2,5.5
1081,3,0.4
1426,1,0.7
1891,2,0.9
540,2,2.1
1402,3,6.8
1005,3,3.0
987,2,13.7
1512,3,15.8
48,3,0.2
1689,2,5.8
505,3,6.0
847,3,3.5
516,1,2.2
411,2,8.3
1433,2,38.2
1431,2,10.9
1293,3,6.8
332,3,10.5
1795,3,0.9
448,1,8.0
606,1,4.4
416,2,3.0
785,4,6.9
1025,1,12.5
1853,3,7.3
287,2,6.9
1499,2,10.0
118,2,0.7
922,2,9.5
1856,3,5.4
1134,1,13.9
624,1,1.8
1989,2,1.7
754,1,2.1
1578,3,1.9
424,3,6.1
1610,3,1.5
1483,2,2.1
693,1,2.2
802,2,17.3
1519,1,4.6
1660,3,22.3
643,2,2.9
61,4,33.1
1459,2,2.5
1121,3,43.5
1539,1,4.0
1528,2,31.0
883,2,15.1
1797,1,0.3
1605,2,10.9
670,3,0.2
884,2,0.3
1131,3,8.2
1326,4,0.8
418,3,14.3
1172,1,11.0
583,3,2.1
1135,1,26.9
1435,2,5.5
329,3,17.9
1862,1,7.1
422,1,44.1
1380,3,4.0
587,2,25.8
1476,1,7.1
993,2,13.1
1488,1,10.8
161,2,20.6
357,3,2.4
618,3,6.6
808,4,16.5
100,3,8.7
1767,4,0.4
759,1,10.4
932,2,18.9
1777,2,5.8
1566,1,6.1
1749,2,17.4
1185,2,6.8
60,1,3.3
340,1,3.5
580,1,2.1
311,1,14.2
446,3,17.7
380,2,7.0
1871,3,0.8
1256,1,6.1
526,3,4.8
1463,3,1.6
1153,2,2.4
1046,2,3.6
1436,3,7.5
135,2,7.3
407,3,19.2
1530,2,18.7
409,3,7.2
512,3,2.5
1557,2,3.5
788,3,11.3
1604,4,9.5
844,3,11.0
1462,1,17.0
1429,4,25.2
1782,1,2.5
19,2,13.1
1696,1,11.1
579,3,20.7
1530,3,1.3
1729,3,3.1
712,3,2.3
1098,4,27.6
1727,1,52.0
1350,3,3.4
851,3,9.9
1902,2,30.5
235,3,3.3
869,1,3.8
182,3,19.6
596,3,1.5
1134,3,18.3
1279,4,15.3
97,3,0.5
464,3,7.9
294,2,11.6
1362,3,0.9
344,3,7.1
1847,2,9.8
945,1,10.0
1550,1,7.0
782,2,6.4
1826,3,4.4
1982,2,44.5
1408,2,2.1
1283,3,6.2
678,1,5.3
1996,3,2.6
1886,3,1.2
20,4,25.4
19,2,13.7
175,1,11.2
1387,2,3.8
84,3,4.5
1250,2,7.4
366,2,6.6
1807,2,6.3
1847,3,21.0
288,1,14.5
566,3,10.7
593,2,20.1
210,3,0.5
383,2,2.7
772,2,15.4
645,3,18.9
642,1,2.5
833,1,84.3
174,1,10.2
762,3,12.4
1512,3,7.8
1388,3,7.1
1948,2,4.2
221,4,0.6
1480,2,2.8
350,2,1.7
1996,1,1.2
1771,3,37.5
1233,2,3.3
214,4,4.2
725,3,1.5
407,4,15.2
942,2,2.4
1948,4,13.3
840,4,27.3
54,3,14.8
629,1,5.8
1880,1,5.7
33,3,0.2
767,2,6.3
1129,3,3.5
1993,3,14.1
1525,3,9.8
1636,2,10.9
629,2,1.7
866,3,3.7
1429,3,1.1
943,1,2.0
1234,1,2.5
119,1,11.4
1350,3,4.7
934,1,27.3
1517,4,6.7
1915,1,2.8
183,3,0.1
1463,2,27.1
27,3,3.0
1842,2,0.6
139,3,12.4
746,3,2.1
953,3,47.1
281,3,1.9
459,3,7.0
359,2,14.1
42,3,10.7
1853,1,8.4
826,2,4.6
1713,1,5.3
1247,2,0.4
1699,2,2.2
1629,2,4.9
1321,4,11.8
1635,2,1.2
795,2,3.7
1495,1,4.4
1937,2,0.3
638,2,2.2
847,3,2.0
986,1,1.4
1465,3,10.2
623,1,4.0
107,2,4.3
164,3,9.9
1194,2,1.7
994,1,3.9
243,2,2.6
197,1,13.3
858,1,13.8
681,2,3.5
1609,3,3.0
1373,3,4.1
1588,3,4.9
367,4,14.5
1002,3,7.5
1379,3,29.1
170,4,0.5
1214,2,0.8
1759,3,15.4
1127,1,12.5
474,1,15.7
1215,4,20.3
944,1,0.3
1901,4,8.9
1029,3,7.1
648,3,7.9
634,3,14.7
1820,2,5.1
1695,2,1.1
698,2,18.3
1779,3,3.7
1371,1,5.5
1301,1,0.4
1416,2,31.3
1283,1,8.6
1643,3,6.2
572,3,27.2
1573,2,20.2
1010,3,0.8
699,2,11.9
1853,3,23.5
1047,3,16.0
816,1,25.3
46,2,1.6
1659,2,6.6
829,2,16.8
1007,3,1.6
1172,2,35.9
298,2,26.8
1778,3,2.2
1459,2,0.0
1859,1,34.6
1415,2,27.8
1436,1,6.8
432,1,9.3
1778,2,3.9
299,1,13.5
533,3,11.9
632,1,3.5
107,2,4.8
328,3,19.2
910,2,11.6
988,2,6.0
864,2,13.1
411,1,17.0
769,2,2.8
1014,2,5.0
327,3,3.0
1634,2,12.7
1465,3,7.0
1569,2,6.1
930,1,19.2
1556,2,16.1
1721,2,2.6
232,4,30.3
930,1,14.7
149,2,34.6
1999,1,1.9
1131,3,28.8
1786,3,57.9
843,1,6.7
578,3,3.3
1740,2,10.5
1910,3,37.4
1409,2,2.0
1904,2,25.9
1997,2,4.8
472,2,2.2
1110,3,9.3
1171,4,4.9
681,2,0.7
1080,2,16.9
816,3,8.3
1973,3,7.5
1841,4,11.1
542,3,27.7
1955,3,2.1
860,2,8.2
1484,4,8.7
1777,3,2.0
1114,1,16.7
878,1,9.4
1945,3,9.3
774,3,17.7
982,4,0.9
486,2,0.7
335,3,3.1
287,1,3.1
627,2,7.2
387,3,0.1
1599,2,2.1
1958,1,9.9
1204,2,29.3
614,2,19.3
621,3,2.8
1375,3,8.8
961,3,2.7
1897,3,5.8
357,3,33.7
816,4,15.2
780,3,7.9
1912,4,33.3
568,2,1.0
1117,2,8.8
930,2,8.6
1602,4,8.5
644,4,6.6
381,3,9.0
633,3,35.8
1562,3,8.4
334,3,3.9
1193,2,4.3
314,1,1.3
561,1,6.1
1420,3,11.5
1189,2,0.7
411,2,8.0
1339,3,4.8
691,1,9.0
1622,4,0.5
32,3,12.9
656,2,2.6
1185,1,1.8
453,1,0.1
1677,2,15.9
1608,4,14.0
771,1,16.7
673,1,4.5
1522,2,17.8
1143,3,12.4
1078,2,14.8
1245,2,0.4
1800,1,2.8
198,3,7.4
358,2,10.6
1979,2,11.1
607,4,2.2
1324,2,4.7
439,3,7.0
835,1,9.3
1219,4,5.3
1573,2,0.7
1896,2,8.2
1885,4,3.6
1296,3,32.6
1125,2,10.0
1821,1,1.6
1712,1,9.9
472,2,16.8
651,3,6.4
1952,3,12.8
535,3,3.9
208,3,21.8
1980,3,3.2
1497,2,2.9
1532,1,0.3
1675,4,1.9
164,3,3.5
1140,1,3.2
1821,4,16.5
408,2,33.4
449,2,10.4
554,1,6.8
475,3,0.7
206,3,5.9
1669,1,10.3
1,4,27.5
604,1,2.2
1940,2,3.5
570,4,4.5
732,2,3.0
1805,2,5.6
111,1,24.4
193,4,1.0
532,1,9.4
1322,3,24.9
1139,3,17.6
894,2,6.1
479,1,11.7
1312,1,27.5
1686,2,3.7
1360,2,20.6
213,3,1.4
1825,3,13.9
31,3,12.0
375,1,14.7
478,3,20.5
802,2,13.9
1949,3,4.3
1163,4,0.7
1804,4,5.7
1832,1,3.4
943,3,0.6
262,2,29.8
1646,1,8.0
155,2,9.9
1790,3,11.3
1847,1,3.3
507,2,0.3
990,4,15.8
282,4,11.3
949,3,0.6
626,1,0.8
453,2,3.2
381,4,0.8
32,2,2.5
1168,3,19.6
1913,2,15.3
609,3,19.3
108,2,0.7
37,3,5.6
1967,3,1.9
1629,3,2.7
1387,2,3.4
1435,3,13.4
610,3,42.1
610,1,13.7
14,3,3.8
1615,4,41.1
1597,3,6.9
635,3,7.8
1630,3,1.2
1042,1,5.4
774,2,0.9
886,1,19.9
1259,3,5.4
1581,3,0.2
1783,4,14.5
399,2,10.1
903,1,6.6
1172,2,6.5
893,3,3.7
819,1,2.3
539,2,19.2
1079,2,4.6
913,1,4.3
56,3,41.0
1940,2,23.1
1629,1,35.3
1483,1,2.3
31,4,5.9
1452,4,0.4
1693,3,9.7
1685,3,3.9
594,3,9.0
780,2,15.4
1693,2,1.4
1067,2,2.0
572,1,2.0
46,3,29.6
1900,2,1.4
1117,1,11.1
248,1,16.0
164,4,7.3
1411,2,10.7
1186,1,10.8
834,3,0.2
1839,1,9.8
1965,2,7.3
863,4,27.2
345,1,0.3
1376,2,10.5
1103,2,5.8
997,4,49.1
162,2,14.4
1344,1,1.9
765,1,13.6
69,2,10.4
952,3,14.0
989,1,1.2
485,1,2.3
551,1,22.1
1681,2,12.5
795,1,10.0
456,3,10.4
57,1,12.7
1044,1,0.6
1633,2,0.4
1404,1,3.4
1984,2,5.2
1178,1,2.6
1714,2,21.4
519,3,49.6
1237,1,23.0
1605,3,28.0
526,4,2.0
302,2,21.4
733,1,12.8
1002,2,5.1
620,2,16.0
1503,1,6.7
1467,3,3.0
1513,4,13.9
1197,1,17.0
548,4,10.4
1843,1,18.8
711,2,4.1
586,3,2.8
1587,3,6.2
926,2,6.1
1453,2,8.6
73,4,1.1
1443,3,8.8
826,2,7.8
237,4,13.2
1385,1,2.8
1857,2,3.7
1809,3,16.7
1205,4,22.0
1483,1,2.3
598,3,9.5
587,4,15.3
1990,2,2.9
237,1,6.1
1930,1,6.1
356,3,3.4
1943,3,1.5
1059,2,5.9
616,3,31.3
570,4,2.8
1931,4,4.1
1020,3,1.7
392,2,8.4
162,2,1.1
279,3,12.5
1041,3,2.4
162,3,3.2
227,3,8.2
1379,2,2.4
1235,1,1.0
1838,1,5.0
1925,4,6.1
861,1,0.4
202,4,12.9
412,3,10.9
1528,2,1.4
1620,3,35.7
812,3,5.0
1883,3,15.8
1949,3,1.4
6,3,2.6
1407,1,5.8
1291,2,3.4
818,3,0.8
896,3,1.3
1509,1,1.9
850,2,9.1
1666,3,5.7
18,2,10.2
1146,3,6.0
1351,3,23.6
1012,3,3.3
874,3,6.0
782,1,3.0
650,2,8.0
559,1,3.6
503,2,12.3
1575,3,14.4
401,4,1.4
385,2,25.5
1047,2,27.7
1616,3,4.5
784,2,24.9
275,4,51.6
669,1,13.4
454,2,16.0
697,2,0.6
1055,3,17.1
656,2,8.2
984,2,6.5
851,1,30.2
1427,1,21.0
1175,3,1.5
1903,3,9.1
811,2,2.6
1122,4,2.7
668,2,3.1
1433,1,24.8
30,3,12.2
1092,1,7.5
1943,2,17.6
1831,3,9.3
920,2,10.2
895,2,2.3
1315,3,1.3
88,3,2.9
1776,3,0.2
668,1,12.4
1795,3,8.0
1028,3,5.1
1209,4,3.6
495,2,2.9
196,3,5.7
1133,1,12.1
486,2,8.7
178,1,14.7
673,1,33.4
876,1,3.1
306,3,37.8
1059,2,1.4
113,2,9.1
1100,1,4.2
922,1,11.1
176,2,0.8
93,3,19.7
119,3,22.6
186,4,15.2
1801,4,0.5
482,3,13.6
1462,3,2.3
312,2,12.2
974,2,0.9
687,2,13.3
1308,2,28.2
104,3,26.2
1370,1,8.8
884,2,7.1
339,2,17.2
1210,2,1.2
1580,3,32.8
1131,3,4.1
1317,2,7.6
1195,2,5.3
800,3,0.7
1595,1,3.1
406,1,5.7
214,1,4.0
1257,1,10.7
1797,1,2.9
1889,2,22.0
855,2,8.4
1641,3,2.6
436,1,4.5
1381,1,23.9
1380,3,8.3
1993,1,1.6
1979,4,19.3
257,3,1.4
1314,1,3.8
108,1,13.0
1532,2,4.4
318,4,1.3
1651,2,20.4
4,3,11.1
332,1,2.2
1734,2,0.6
1640,2,4.2
1607,2,0.5
60,1,8.8
773,2,7.9
911,2,1.7
177,4,10.4
1942,2,3.6
1517,3,6.1
218,3,0.8
1193,2,3.4
1825,4,16.3
343,3,2.4
1303,1,23.0
1933,1,40.0
862,2,0.3
223,2,20.0
915,1,1.2
159,4,1.0
1232,1,11.9
1245,2,24.3
1177,2,37.6
958,1,0.8
232,3,1.7
718,3,11.8
439,2,1.2
827,2,11.9
1717,3,1.9
515,4,9.2
1004,4,3.0
977,3,3.1
684,2,42.7
1990,2,5.1
1099,2,13.7
182,2,3.3
299,2,11.9
1725,3,7.1
1175,1,9.0
1931,2,18.5
544,3,10.8
1276,3,8.0
1397,1,7.9
278,1,0.5
218,2,4.8
445,3,9.0
946,3,2.5
1217,2,36.8
929,3,12.9
160,2,22.0
45,4,6.6
1319,3,23.0
569,2,0.9
615,2,14.9
25,4,32.9
316,2,0.6
193,2,1.3
88,3,10.3
719,2,7.6
1822,2,14.1
1751,1,13.1
1459,2,0.1
714,1,10.3
822,1,24.5
865,3,0.6
1168,4,3.2
738,3,21.7
1358,1,6.3
1586,1,23.3
1972,3,13.5
1413,1,13.7
1387,1,1.1
1411,1,3.2
1171,3,3.3
1101,3,4.2
1516,3,11.4
1003,1,22.1
1924,2,9.4
1180,4,10.8
1573,2,1.4
1543,1,2.3
1746,3,2.1
372,2,2.3
463,1,10.8
1792,3,0.8
777,2,5.5
913,3,6.5
1722,1,5.0
123,3,6.8
1286,2,3.4
1377,3,19.4
396,3,9.4
496,1,12.4
821,3,14.2
1692,3,7.2
1125,1,5.3
192,1,6.1
1499,1,19.1
1375,2,6.7
365,3,2.1
131,3,28.4
683,1,0.7
981,1,21.8
101,1,3.1
1263,1,15.9
308,4,6.3
1255,4,6.1
109,3,25.5
938,3,1.9
615,2,0.7
1383,3,3.2
24,2,9.3
876,3,16.6
799,3,1.3
1471,2,4.0
557,1,5.1
1715,3,0.2
466,3,10.1
214,2,4.6
1127,1,8.4
1502,2,5.0
1657,1,4.4
794,2,21.6
1932,1,19.5
1722,3,6.4
1089,3,9.2
1756,4,3.7
1819,2,20.3
90,4,8.3
668,3,6.9
690,2,3.9
636,2,1.0
783,3,8.8
1300,3,21.0
1419,2,1.5
181,3,4.5
0,2,2.3
400,3,6.3
431,2,29.4
1381,3,21.4
507,2,0.1
804,3,2.8
894,1,5.8
503,3,10.6
1530,3,7.5
1775,2,6.7
288,1,35.3
1914,2,8.9
923,3,30.1
576,2,3.0
1332,1,6.8
1892,3,7.1
593,2,5.9
1573,3,4.6
850,3,12.6
568,2,10.1
436,3,5.0
295,3,4.9
1757,1,1.5
1081,4,6.6
530,4,21.1
1900,2,7.8
668,2,1.9
421,1,16.8
1252,4,12.1
1918,3,34.1
1393,1,9.4
817,2,1.4
495,3,1.8
1112,1,11.0
575,3,3.4
192,3,0.6
1024,3,4.1
1752,2,13.5
1387,3,1.3
1654,2,20.1
1189,2,5.3
1879,3,22.0
1332,2,6.7
1017,1,10.3
1579,4,16.7
216,3,0.7
1631,1,5.7
75,2,8.8
183,3,10.2
1286,1,4.9
1224,4,0.7
1826,2,0.2
1634,3,15.0
988,2,7.3
1885,3,14.0
1942,4,2.9
1978,3,19.6
1446,2,9.1
493,1,1.2
1332,4,5.4
570,1,6.4
861,2,0.0
1347,1,9.9
471,2,1.3
596,2,6.2
1388,1,3.2
665,1,10.9
1170,2,11.4
876,4,1.7
1344,2,33.7
624,1,9.6
993,1,1.5
995,3,9.1
14,2,20.0
1421,3,9.3
1500,2,9.0
1269,1,7.0
351,1,3.8
1079,3,26.4
172,2,8.5
494,3,2.7
29,2,14.6
749,1,13.1
1363,1,7.1
209,3,7.6
1414,1,6.1
151,2,1.2
1489,1,20.3
32,3,1.1
834,2,3.1
1794,2,1.6
1960,4,4.4
942,3,32.1
1894,4,15.8
356,3,1.7
220,3,0.1
1902,2,13.8
1716,3,19.3
1580,4,0.4
758,4,4.7
664,2,12.8
1018,3,4.3
1669,2,0.5
1234,1,3.2
739,4,9.2
667,2,1.8
965,3,17.1
1953,3,7.2
736,2,20.3
270,1,10.2
1122,1,1.8
1987,1,0.1
601,3,7.5
956,4,15.2
38,2,18.9
1418,1,24.0
597,4,7.2
587,4,0.4
1274,3,2.9
663,3,9.5
1889,3,14.5
72,3,29.0
1968,1,18.2
948,1,22.2
1763,2,3.0
778,2,9.1
1120,2,1.3
1426,1,33.8
1402,2,3.4
1659,2,5.7
375,3,5.2
1844,3,0.3
946,1,12.9
1480,2,9.3
1532,3,13.9
133,1,0.3
1678,1,16.4
1796,2,15.8
1465,2,2.0
232,4,13.4
511,3,5.9
1801,3,21.0
421,4,45.3
931,2,9.4
145,1,0.5
470,3,6.1
1766,3,9.0
455,3,8.0
1865,1,53.2
1967,3,3.0
1303,2,19.5
243,2,3.3
906,2,10.9
1059,2,5.5
1443,2,8.5
425,2,3.0
1627,1,37.2
528,1,23.6
1818,3,14.2
1970,2,4.1
778,1,2.4
1406,2,5.1
851,3,2.0
119,4,4.6
718,2,12.7
241,3,6.6
1739,2,18.0
260,2,1.2
389,1,3.4
465,3,3.9
997,2,7.8
967,2,6.4
116,1,9.4
1353,2,0.4
861,2,9.8
1219,3,6.0
1238,2,0.5
192,2,11.2
709,3,14.0
821,3,2.9
1274,3,9.5
1491,2,9.4
154,3,10.7
1349,1,1.5
738,1,6.6
1107,1,1.5
1649,3,7.2
263,3,7.4
1311,3,2.8
1659,2,1.9
818,4,2.1
800,3,11.6
1971,4,2.5
1410,3,1.8
1708,2,6.3
150,3,7.6
1003,3,37.3
171,1,14.9
157,3,2.8
1766,2,3.0
1333,2,6.9
1415,1,14.7
850,1,13.9
1859,2,2.6
332,3,8.6
1135,1,5.5
1948,4,0.8
1223,3,12.6
72,1,11.4
1253,2,3.9
190,1,4.3
686,3,6.0
1751,2,1.0
741,4,3.0
478,3,5.7
1306,4,7.8
1432,2,3.5
1869,1,12.3
767,3,30.5
283,3,7.5
1657,1,4.6
1166,1,11.0
550,2,1.6
40,2,16.7
1300,2,26.2
692,1,30.5
1511,2,1.3
789,3,3.5
1235,4,30.7
245,2,7.3
1053,3,10.3
338,1,28.3
312,2,4.3
1322,1,4.8
1703,3,4.5
160,3,3.4
42,1,0.6
1574,2,1.4
266,3,0.1
988,2,6.8
1526,3,27.3
1700,1,0.4
53,2,39.2
898,1,25.0
85,3,10.6
1533,3,6.6
1663,1,4.8
635,2,3.4
977,1,5.1
1070,3,40.0
363,3,13.6
1954,1,5.8
1571,1,10.9
1225,2,7.2
115,2,1.3
1300,1,11.3
1557,3,12.3
222,1,1.9
1087,3,8.8
248,2,6.4
1720,3,4.1
926,1,3.7
871,3,7.0
927,2,0.4
901,2,4.3
1987,2,0.6
854,3,3.6
1571,3,1.9
918,3,7.5
1363,3,10.4
696,2,22.1
1242,2,1.3
1158,3,8.3
234,1,4.9
1373,3,2.8
1564,2,1.8
639,1,18.1
1145,1,8.9
1628,2,8.2
1075,2,26.4
1346,2,4.8
36,2,2.4
842,2,2.8
447,1,36.3
1288,1,0.7
1485,3,6.2
794,3,0.6
1743,2,35.2
134,2,3.8
1100,3,11.3
396,1,2.3
1063,3,15.9
708,3,0.4
1508,2,22.6
43,4,5.3
855,1,0.2
1378,3,27.9
1980,3,68.5
353,1,18.4
567,1,4.1
1578,3,0.4
561,3,8.8
34,2,10.6
1395,2,6.6
1815,2,1.8
1341,1,23.4
1525,1,1.5
230,2,2.7
51,2,17.5
1615,2,0.9
376,2,3.2
452,2,1.8
1555,3,11.2
1214,4,7.3
1603,3,2.4
1706,2,2.5
1553,3,0.6
1300,3,1.8
1970,2,12.2
707,3,15.5
775,3,5.1
1236,2,22.5
596,3,8.0
1295,3,14.1
368,2,4.2
51,1,5.5
1127,2,5.5
898,1,9.7
866,2,2.4
1992,2,2.4
459,4,1.6
452,1,2.3
1762,1,14.6
1525,1,3.5
190,3,8.9
963,3,3.6
1774,3,0.7
1095,1,8.1
531,2,13.2
866,2,0.2
210,1,13.8
647,1,8.6
1418,3,3.8
740,1,0.4
1313,3,9.0
305,1,11.8
1096,2,23.0
212,2,20.7
673,3,8.8
315,3,13.7
1005,1,16.2
1417,3,6.3
1952,3,0.5
1911,3,18.3
164,4,8.8
1388,2,21.8
1011,3,24.1
1461,4,28.7
296,3,6.9
1598,4,22.9
1438,2,5.4
1800,3,2.3
1956,3,7.2
648,1,4.3
688,2,16.3
939,2,4.4
1718,3,5.3
1279,4,5.1
1466,3,10.1
1092,2,2.4
1536,1,21.3
438,2,7.8
572,3,12.6
1275,2,8.8
750,3,8.1
1034,2,0.7
6,3,5.0
1886,3,23.0
54,1,10.0
709,3,5.3
479,3,6.7
1726,2,25.0
1309,2,16.1
1014,3,12.1
856,3,1.4
1575,3,8.7
1059,3,8.7
1979,3,0.8
53,2,3.6
876,4,20.4
1929,4,23.3
580,1,2.7
1557,3,2.3
155,3,4.3
1314,1,4.5
434,3,12.4
470,2,5.6
140,1,4.8
583,1,4.4
125,2,4.1
1364,1,12.6
1577,1,1.0
696,2,12.4
1409,3,1.7
1848,1,12.2
238,4,32.3
477,2,2.6
675,2,69.1
1433,2,47.5
372,4,10.0
1305,3,19.5
726,3,6.2
479,2,13.1
245,3,3.9
377,1,6.6
6,1,9.5
289,1,2.1
551,1,1.2
1251,2,2.2
805,2,19.3
394,1,6.9
1717,2,5.5
1233,2,3.7
414,3,9.1
727,4,5.2
880,3,14.6
659,2,3.9
1279,1,27.5
548,2,14.8
1209,1,40.4
1855,2,3.7
955,2,10.2
1793,3,3.8
592,2,5.1
46,2,23.8
1339,1,22.5
1657,3,7.4
363,2,8.1
972,3,4.6
1171,2,9.6
768,2,15.3
1365,3,4.7
584,3,0.7
1507,3,0.4
1857,3,7.1
1506,1,24.0
824,1,4.9
24,3,1.7
1918,2,22.2
199,2,12.7
167,3,0.6
1348,3,19.9
1615,3,21.9
1936,2,4.3
633,2,9.0
621,2,10.4
307,2,7.6
1376,4,8.9
1421,4,8.2
1319,2,10.5
71,2,2.6
1744,2,6.2
294,2,9.8
1320,2,4.2
1553,1,3.3
1299,3,7.2
79,3,11.5
1735,1,5.9
517,2,11.6
1237,1,20.3
1807,1,2.6
1040,3,3.5
1737,1,9.4
1806,2,1.0
1718,3,3.3
1811,1,0.2
1807,1,4.9
1738,2,21.6
1385,3,6.4
651,2,29.2
1073,3,5.9
1831,2,13.6
690,3,8.7
1523,2,9.3
1694,3,14.8
500,1,2.8
1577,1,11.6
1726,1,16.4
239,3,8.9
1934,2,25.8
1573,2,0.4
1636,3,19.8
1051,1,5.6
1462,2,2.3
1551,1,22.0
863,3,0.8
1258,3,2.7
1158,2,36.1
605,2,8.5
1515,3,9.2
1409,4,14.5
607,2,1.4
51,2,18.9
733,3,3.6
507,3,0.2
1113,3,4.8
249,2,1.0
1929,2,39.1
411,4,14.3
608,4,6.7
212,1,0.5
491,1,14.4
1354,2,6.5
934,3,6.8
1507,1,6.8
66,1,33.4
913,3,2.1
1841,4,0.2
1819,2,42.0
374,3,13.2
1457,1,21.7
1586,3,0.9
406,2,1.1
1357,1,13.5
147,1,18.8
1499,1,5.8
1114,3,3.6
731,4,12.2
687,3,1.7
1740,1,9.3
1781,3,17.7
824,4,59.4
424,1,12.5
297,1,48.4
974,4,0.8
1536,2,7.0
307,2,3.1
1760,4,11.3
1262,2,19.2
1309,2,2.1
1541,4,17.2
1987,1,10.3
275,3,0.5
1783,2,17.1
1215,2,41.9
1100,2,16.9
564,2,7.5
1039,1,20.6
667,1,6.4
731,3,63.7
402,3,2.5
663,4,3.3
611,1,33.6
1512,2,15.4
1041,3,17.8
1816,4,4.2
115,3,3.9
1737,2,3.3
795,2,5.6
980,4,2.2
1616,3,16.5
528,3,12.7
997,3,4.3
1011,3,7.1
1363,1,4.9
1084,2,14.2
1242,2,22.8
1986,2,3.4
1394,3,3.0
774,3,0.4
413,3,1.3
1117,3,4.4
1626,3,1.6
1087,1,5.3
196,2,6.8
887,1,6.4
900,2,6.6
1513,3,21.3
1810,2,17.5
492,3,4.4
1984,3,20.9
545,4,25.9
209,3,26.3
1552,3,4.1
307,1,3.5
725,2,31.1
880,3,4.3
1670,3,0.8
676,4,9.6
37,2,18.3
574,1,85.9
186,3,5.5
1681,2,1.4
144,2,11.8
1179,3,3.6
682,4,2.7
835,3,3.9
1861,2,3.3
112,2,5.1
1772,2,7.1
803,3,16.9
175,3,6.0
208,1,4.3
196,2,1.6
1837,1,9.8
504,1,10.8
25,4,3.8
1756,2,6.6
622,1,29.1
1899,3,26.3
472,1,5.9
513,3,5.0
1967,2,10.3
1210,2,5.0
1263,3,15.7
541,3,4.9
1517,2,29.3
1737,2,6.1
1565,2,9.8
717,3,3.9
143,3,44.7
429,3,10.4
717,4,8.7
1939,3,0.4
558,4,7.1
534,2,12.4
648,1,11.7
1911,2,6.4
185,3,11.9
1622,3,34.8
866,3,18.5
1695,4,1.3
1907,2,10.4
1814,1,5.6
1695,2,7.2
1488,3,0.6
1474,3,5.1
1088,1,4.5
1972,3,46.3
264,1,9.6
1880,2,30.1
1464,1,7.5
1213,3,21.8
1232,3,49.1
815,2,2.0
415,1,2.1
650,2,8.7
678,1,6.5
