age,bmi,systolic_bp,glucose,cholesterol,readmitted
67,43.8,78.0,,135.0,1
38,29.6,,109.0,230.0,0
43,30.5,84.0,,,0
79,,137.0,,157.0,1
26,22.2,,113.0,,0
73,27.9,,,173.0,1
73,34.2,141.0,67.0,,0
39,35.0,,83.0,180.0,0
52,35.0,,,245.0,0
74,,121.0,123.0,252.0,0
30,,103.0,118.0,,0
78,38.9,,133.0,189.0,1
74,,,94.0,221.0,0
38,24.7,113.0,107.0,,0
73,,,93.0,215.0,1
78,,,,224.0,1
48,,,,208.0,0
45,,123.0,,233.0,0
26,,143.0,,158.0,0
57,27.1,136.0,104.0,,1
37,,117.0,108.0,,1
32,,,85.0,171.0,0
48,27.4,137.0,142.0,212.0,0
74,,,,157.0,1
61,,,122.0,,0
77,,,119.0,189.0,1
21,,144.0,,168.0,0
50,28.8,,,220.0,1
51,,,,,0
55,31.8,164.0,96.0,249.0,1
77,,118.0,121.0,219.0,1
33,11.3,121.0,,224.0,0
38,,107.0,71.0,176.0,0
71,,,59.0,,0
26,,,,,0
24,23.8,145.0,89.0,,0
66,,119.0,,229.0,0
80,22.4,,124.0,173.0,0
63,15.9,106.0,79.0,,1
45,,147.0,114.0,231.0,0
74,28.7,,127.0,286.0,1
47,,117.0,119.0,,1
39,,,117.0,193.0,0
37,,113.0,109.0,,0
59,,117.0,97.0,183.0,1
84,,,,228.0,1
39,,,165.0,,0
55,,,97.0,223.0,1
46,,,91.0,,1
39,25.3,126.0,,,0
62,31.2,110.0,77.0,188.0,0
44,,109.0,,228.0,0
21,27.1,159.0,,133.0,0
70,,128.0,100.0,,1
44,26.2,,113.0,,0
65,22.5,,107.0,,1
81,33.3,88.0,,,1
55,24.7,,123.0,,1
47,26.9,162.0,105.0,209.0,0
46,33.7,133.0,,166.0,1
76,28.3,,,195.0,1
26,22.7,115.0,102.0,232.0,0
75,21.5,,128.0,181.0,0
55,,84.0,,177.0,0
32,,124.0,,235.0,1
54,,,,,1
68,18.5,,,151.0,0
84,,95.0,,,1
68,,140.0,,,0
47,,115.0,,,1
33,,124.0,88.0,189.0,0
72,22.2,,150.0,250.0,1
28,34.1,101.0,,,0
58,,,,,1
65,27.8,,106.0,,1
71,33.9,141.0,,225.0,1
32,16.0,105.0,,,0
62,15.7,,100.0,,0
23,,159.0,101.0,260.0,0
31,25.7,,,241.0,0
60,29.5,106.0,,189.0,0
46,,,,,0
38,,132.0,74.0,201.0,0
50,21.8,138.0,,,0
77,,,,208.0,1
59,,,,,1
83,30.3,130.0,130.0,,1
37,29.4,,,180.0,1
58,,,152.0,,0
80,,,,,1
56,18.0,106.0,77.0,192.0,1
82,,127.0,,184.0,1
77,23.6,,,260.0,1
56,,144.0,123.0,206.0,1
50,,,82.0,154.0,0
82,32.5,,105.0,,0
56,34.4,134.0,79.0,207.0,0
50,,130.0,,,0
78,27.5,151.0,,,1
67,,,,166.0,1
55,27.2,139.0,123.0,208.0,0
68,29.8,,,193.0,1
79,,127.0,,,0
22,28.7,140.0,90.0,,0
36,,,112.0,,0
59,23.9,,143.0,,0
63,17.4,134.0,125.0,,1
26,21.5,116.0,,,0
77,,,,207.0,1
59,,152.0,55.0,234.0,0
57,24.5,,161.0,228.0,0
38,27.9,,,197.0,0
32,19.8,142.0,65.0,,0
76,24.9,,83.0,,0
70,28.4,107.0,80.0,232.0,1
46,,,85.0,,0
47,24.7,120.0,59.0,159.0,1
30,34.3,114.0,131.0,,0
67,,,102.0,,1
30,27.4,133.0,90.0,,0
44,29.7,,96.0,235.0,0
73,24.5,,,202.0,1
72,22.2,,73.0,,0
32,30.4,,,,0
24,20.9,152.0,127.0,,0
76,27.3,,116.0,,1
47,23.5,,,192.0,0
66,,179.0,91.0,253.0,1
78,36.7,107.0,144.0,,1
65,24.9,,,,0
55,28.9,100.0,135.0,,0
39,,,,,0
77,26.1,,,,1
67,28.9,,116.0,,1
56,,,,222.0,0
37,,,148.0,280.0,0
55,,118.0,130.0,163.0,0
28,29.8,106.0,,,0
78,33.3,147.0,104.0,266.0,1
30,24.7,145.0,,,0
38,20.9,102.0,128.0,,0
39,,114.0,91.0,194.0,0
71,,,155.0,,1
22,20.9,117.0,145.0,,0
47,22.6,,102.0,,0
58,,155.0,64.0,167.0,0
46,,101.0,,,0
79,26.3,,,179.0,1
75,27.8,,,284.0,0
62,31.2,,,238.0,1
63,26.7,103.0,87.0,,0
57,22.4,116.0,,173.0,1
52,,,,201.0,0
75,,,114.0,,1
52,22.6,141.0,108.0,100.0,0
83,34.0,,116.0,,1
34,21.4,128.0,85.0,,0
81,,127.0,,,1
25,,146.0,,,0
21,22.9,92.0,96.0,,0
59,31.1,,127.0,283.0,0
72,32.5,172.0,125.0,261.0,1
80,28.7,142.0,93.0,170.0,0
57,,114.0,,187.0,0
20,28.1,149.0,,214.0,1
63,25.1,,134.0,,1
39,,,,,0
37,36.5,130.0,,234.0,0
44,,117.0,,,0
61,,,117.0,199.0,1
64,,,,209.0,0
28,,136.0,,200.0,0
66,26.4,137.0,125.0,,1
60,,142.0,141.0,175.0,0
27,,114.0,,,1
39,,159.0,,193.0,0
53,28.3,,113.0,211.0,1
68,,,,210.0,1
80,26.3,140.0,120.0,195.0,0
33,,150.0,113.0,253.0,0
82,24.9,,111.0,,1
68,,126.0,139.0,,1
84,,,,172.0,1
63,27.9,152.0,,243.0,0
60,25.9,142.0,59.0,,0
45,21.4,,,,0
74,22.6,141.0,63.0,193.0,0
54,27.1,112.0,84.0,207.0,0
26,,,139.0,146.0,1
32,,121.0,,184.0,0
26,27.5,,,,0
38,31.0,118.0,,,0
59,22.9,,142.0,,0
24,,137.0,63.0,,0
70,20.5,119.0,,,1
31,,108.0,,249.0,0
56,29.4,,,177.0,0
66,,,,230.0,1
56,23.2,159.0,135.0,207.0,0
69,26.5,,,219.0,1
56,24.7,,124.0,,1
59,,,98.0,247.0,0
60,30.0,,,210.0,0
69,,128.0,121.0,185.0,1
42,32.4,,87.0,184.0,0
56,32.9,,150.0,222.0,0
25,,122.0,73.0,182.0,0
28,27.2,,107.0,,0
71,23.9,109.0,,174.0,1
40,,,,,0
50,,112.0,101.0,205.0,0
26,,,,,0
65,26.0,155.0,110.0,,0
84,,164.0,138.0,,0
42,,92.0,121.0,162.0,1
81,,114.0,94.0,,1
42,,,88.0,243.0,0
36,24.3,128.0,,199.0,1
70,23.6,145.0,,,0
57,,174.0,137.0,199.0,1
66,,150.0,143.0,,1
35,,138.0,,224.0,0
34,27.1,127.0,93.0,193.0,0
71,,,,224.0,1
67,31.1,,,,1
21,21.0,,74.0,168.0,0
26,,145.0,121.0,210.0,1
75,,125.0,,,1
24,27.2,,68.0,186.0,0
65,21.9,134.0,111.0,186.0,1
48,,140.0,129.0,169.0,0
30,24.9,170.0,,212.0,1
66,21.6,,,,0
67,19.7,124.0,86.0,,0
51,,,134.0,202.0,0
65,,130.0,84.0,230.0,1
59,30.9,122.0,139.0,,1
39,,165.0,119.0,,0
73,22.1,123.0,114.0,176.0,0
67,31.7,116.0,124.0,221.0,0
81,22.9,124.0,130.0,,1
70,,,,,1
51,,,135.0,,0
79,35.8,,,222.0,1
69,,,145.0,201.0,1
43,,114.0,,243.0,0
26,,,82.0,119.0,1
46,,,,206.0,1
22,,,61.0,,0
62,26.6,104.0,91.0,195.0,0
76,,,89.0,165.0,0
74,,,,187.0,1
43,,109.0,88.0,,1
29,21.4,132.0,,,0
58,,,114.0,246.0,1
83,,116.0,,207.0,1
66,36.4,136.0,,,0
58,,125.0,106.0,166.0,0
40,,,,186.0,0
23,,124.0,,172.0,0
26,,,46.0,237.0,0
27,,95.0,,224.0,0
84,27.6,107.0,120.0,,1
62,,136.0,,190.0,0
76,30.7,124.0,111.0,,1
77,20.2,120.0,99.0,,0
34,,137.0,,171.0,0
40,25.5,146.0,,173.0,0
57,,124.0,,,1
27,24.8,159.0,,,0
72,,,,186.0,0
44,32.2,132.0,108.0,151.0,0
81,34.1,143.0,,,1
25,,,,182.0,0
33,,138.0,,,1
48,20.6,105.0,74.0,,0
32,23.3,,,143.0,0
81,20.3,119.0,,209.0,0
44,24.3,97.0,144.0,146.0,0
47,,133.0,,249.0,0
50,28.2,110.0,113.0,198.0,1
81,,128.0,,228.0,0
81,20.1,,,250.0,0
24,38.0,,,,0
40,20.0,,,,0
40,32.1,89.0,,,0
60,23.4,,167.0,135.0,0
53,,,151.0,190.0,0
25,,109.0,,201.0,0
51,,138.0,,,1
68,22.6,,148.0,209.0,0
83,28.1,,192.0,222.0,1
63,,,103.0,,0
83,,,141.0,243.0,0
84,,134.0,101.0,170.0,1
46,22.2,,,228.0,1
46,21.0,139.0,,,0
74,28.0,,,,1
46,,,95.0,,1
29,29.4,145.0,118.0,,0
77,29.8,149.0,,174.0,1
20,27.7,,,167.0,0
29,27.8,,,,0
24,27.5,129.0,,,0
66,,100.0,128.0,202.0,0
71,30.3,,108.0,,1
55,19.9,131.0,,,0
25,,131.0,,,0
68,20.4,174.0,112.0,209.0,0
43,27.5,,91.0,160.0,0
69,28.0,,,,1
29,,115.0,147.0,,0
33,34.7,133.0,76.0,203.0,0
81,,,,163.0,0
48,,,,,0
23,31.5,,,,1
49,,,,225.0,1
65,22.0,105.0,91.0,,1
73,,,103.0,119.0,1
34,27.0,134.0,,263.0,0
28,29.4,144.0,106.0,197.0,0
74,34.5,,163.0,,1
56,16.8,112.0,,200.0,0
39,30.4,,,158.0,0
71,25.3,136.0,93.0,,0
56,29.1,128.0,163.0,,1
57,26.8,,98.0,195.0,1
66,,147.0,144.0,,1
77,,,,,1
35,33.2,,128.0,,1
68,31.4,107.0,82.0,,0
53,18.5,118.0,114.0,247.0,1
84,28.4,,131.0,168.0,0
82,26.1,,106.0,,0
70,,,83.0,174.0,0
67,27.9,,,,0
23,31.7,130.0,95.0,,0
50,25.8,143.0,88.0,141.0,0
52,,127.0,,145.0,0
39,,,114.0,,0
29,27.3,132.0,104.0,,0
81,22.8,,,,1
46,,123.0,153.0,,1
24,30.3,114.0,,201.0,0
52,18.2,143.0,,227.0,1
70,,,120.0,,1
23,21.3,164.0,74.0,218.0,0
33,24.1,132.0,98.0,211.0,0
57,33.2,,,,0
33,30.0,96.0,,,0
26,30.0,154.0,,,0
20,23.9,,,190.0,0
66,,118.0,63.0,193.0,0
64,26.2,148.0,,,1
31,32.8,,,194.0,0
42,29.8,127.0,,207.0,0
41,,174.0,,,0
38,28.1,,95.0,176.0,0
81,,,148.0,192.0,1
38,,,,,1
52,30.8,151.0,,191.0,0
58,25.6,104.0,,,0
59,30.4,140.0,99.0,106.0,0
41,26.2,140.0,,225.0,0
79,26.3,,,,0
57,29.4,133.0,,191.0,1
46,,123.0,100.0,187.0,0
25,,159.0,109.0,223.0,0
84,,,102.0,244.0,1
47,30.4,155.0,71.0,,0
55,,,102.0,,0
26,18.6,,,,1
31,13.6,,,,0
77,24.7,,72.0,,1
75,19.9,124.0,,193.0,0
24,,,,254.0,0
57,,162.0,,250.0,1
35,19.9,146.0,93.0,160.0,0
22,,106.0,133.0,250.0,0
59,29.5,,,,1
71,,122.0,139.0,191.0,1
49,,143.0,165.0,,0
24,19.7,138.0,129.0,,0
21,16.1,143.0,,155.0,0
62,,107.0,,190.0,1
42,,,72.0,210.0,0
25,,125.0,,,0
62,31.5,147.0,105.0,,0
44,27.0,,,,0
40,25.9,148.0,69.0,122.0,1
47,31.5,149.0,,,1
67,37.2,,97.0,,0
65,33.7,114.0,78.0,187.0,0
83,21.1,,,208.0,1
69,24.8,,84.0,200.0,1
67,26.5,,,251.0,1
59,,,,212.0,0
25,,110.0,95.0,,0
24,19.9,,106.0,173.0,0
55,37.5,150.0,,190.0,1
80,,142.0,168.0,232.0,1
64,33.3,,,185.0,0
81,34.6,,142.0,206.0,1
66,27.2,,,180.0,0
49,,,,,0
82,26.7,,134.0,,1
75,,91.0,124.0,254.0,1
21,,108.0,,164.0,0
66,30.0,117.0,,162.0,1
59,,122.0,,,0
82,26.5,151.0,113.0,,0
47,,138.0,85.0,,0
59,26.8,,109.0,195.0,1
68,20.8,,123.0,,0
56,27.2,,,,1
67,,,,163.0,0
83,28.1,,115.0,,1
55,,,,162.0,0
55,29.0,,111.0,,1
69,29.7,117.0,123.0,,0
22,,124.0,,202.0,0
60,34.9,156.0,,176.0,0
68,22.3,134.0,110.0,,1
22,33.4,,,280.0,0
83,,121.0,,172.0,0
63,,,64.0,183.0,0
64,,,134.0,,0
50,,96.0,120.0,267.0,1
67,,114.0,,223.0,1
71,22.1,,105.0,,0
64,29.3,,136.0,,1
42,35.9,,,186.0,1
28,,139.0,77.0,162.0,0
51,29.1,155.0,,,1
61,,134.0,105.0,143.0,0
68,25.6,,,217.0,0
48,,,62.0,,1
66,21.1,,101.0,,0
22,,108.0,101.0,,0
62,25.8,164.0,126.0,206.0,0
52,,,51.0,,0
42,24.0,,86.0,211.0,0
22,27.6,130.0,,210.0,0
35,20.8,145.0,144.0,,0
50,28.9,128.0,85.0,,0
77,32.9,135.0,87.0,217.0,0
50,,124.0,,177.0,0
69,,141.0,,210.0,1
39,,,91.0,,0
21,,,,159.0,0
57,,123.0,119.0,205.0,0
44,17.5,,,,0
74,30.6,,69.0,,0
31,19.6,151.0,,,0
67,17.2,98.0,99.0,,0
51,,,,234.0,0
83,,132.0,84.0,,0
38,,153.0,,,1
66,19.9,,,227.0,1
54,,133.0,116.0,242.0,0
25,38.0,,115.0,126.0,1
60,25.4,,110.0,,1
36,20.0,,111.0,,0
83,,116.0,161.0,134.0,0
38,,119.0,171.0,,0
46,32.5,,83.0,,0
40,,,102.0,,0
75,23.2,,87.0,221.0,0
25,,153.0,105.0,179.0,1
26,,,,,1
69,,136.0,104.0,197.0,1
66,,151.0,109.0,,0
47,26.8,120.0,,,0
62,,168.0,,209.0,1
79,,,97.0,223.0,0
24,26.6,,149.0,202.0,0
72,,,,224.0,1
35,22.1,,60.0,122.0,0
80,26.4,119.0,80.0,182.0,0
37,,118.0,,,0
38,,,152.0,,1
45,,119.0,,,1
30,31.0,112.0,100.0,134.0,0
68,,167.0,,225.0,0
22,29.6,115.0,,140.0,1
61,29.9,,,,1
66,25.3,111.0,,228.0,1
42,27.9,140.0,,,0
82,31.5,124.0,,,1
33,,124.0,,217.0,1
78,35.8,,,200.0,1
52,,130.0,148.0,134.0,0
62,,,,,1
36,,,,231.0,0
22,,111.0,,,1
70,31.3,126.0,116.0,,0
65,,,,168.0,1
74,31.6,,94.0,,1
26,,143.0,94.0,,0
73,29.0,,,,0
62,,129.0,65.0,,0
30,,,,,0
62,,131.0,,192.0,0
42,23.9,125.0,,199.0,0
35,,136.0,,,1
67,24.4,118.0,113.0,,1
78,31.9,,85.0,,1
60,,136.0,89.0,184.0,0
53,26.5,126.0,,,0
81,25.1,,118.0,206.0,1
78,27.0,122.0,,,0
69,26.9,,,,0
35,25.9,,,239.0,0
23,28.9,,,178.0,1
31,24.4,127.0,,201.0,0
54,22.2,142.0,,202.0,0
30,32.0,,42.0,182.0,0
32,26.2,,97.0,,0
43,23.6,124.0,,,0
64,22.6,,101.0,,0
70,19.1,124.0,117.0,77.0,1
22,,87.0,,,0
33,23.5,140.0,,,1
68,,87.0,118.0,,1
36,,,79.0,192.0,0
44,31.7,,91.0,,1
38,,121.0,,,0
82,,,92.0,220.0,0
67,21.4,,,83.0,1
70,21.1,,,189.0,1
56,,136.0,136.0,,1
31,,132.0,,205.0,0
22,28.7,,,172.0,0
21,29.8,151.0,,,0
66,24.7,,,,0
25,26.5,,31.0,,0
56,22.9,,102.0,224.0,1
22,37.1,,125.0,,1
34,27.1,128.0,72.0,,1
49,25.5,144.0,127.0,,0
36,20.9,,,210.0,0
59,,,,246.0,1
79,,122.0,79.0,222.0,0
30,26.9,95.0,,208.0,1
70,28.8,139.0,92.0,225.0,0
46,,,85.0,171.0,0
24,,174.0,155.0,229.0,0
62,,104.0,,,1
74,,,117.0,212.0,1
72,27.8,,129.0,,1
77,26.6,140.0,110.0,,0
33,20.4,,,187.0,0
80,,114.0,85.0,230.0,1
55,,132.0,,,0
79,,,,173.0,1
29,27.8,120.0,,,0
55,22.2,,104.0,,0
47,31.0,126.0,136.0,,0
50,,132.0,,233.0,1
47,32.2,104.0,,176.0,1
45,30.2,136.0,113.0,123.0,0
21,,,,167.0,0
33,26.5,166.0,143.0,168.0,0
41,,,80.0,161.0,0
49,36.7,,89.0,,0
50,,126.0,131.0,245.0,1
62,26.9,,72.0,,1
68,,,127.0,186.0,1
26,25.5,141.0,134.0,,0
40,25.7,,82.0,,0
59,,123.0,,228.0,0
71,35.3,114.0,145.0,,1
27,,,,197.0,0
63,29.4,,,198.0,1
58,30.5,116.0,,190.0,1
80,26.3,,,210.0,0
37,,,105.0,,0
38,28.7,,67.0,204.0,1
44,25.0,,,242.0,0
50,31.8,118.0,47.0,,0
27,,,119.0,185.0,0
32,29.9,115.0,,210.0,0
45,32.1,,110.0,,0
81,,130.0,,,1
36,,,,,0
79,,132.0,133.0,,1
74,36.5,129.0,,221.0,0
69,22.0,155.0,,,1
43,19.8,,,,0
51,,124.0,129.0,192.0,1
29,30.7,135.0,,,0
43,,109.0,,,0
59,23.0,136.0,129.0,214.0,0
66,32.8,149.0,,200.0,0
56,,151.0,,160.0,1
35,,,125.0,,1
40,,,,194.0,0
22,30.2,150.0,,,0
37,,,78.0,133.0,0
21,24.0,117.0,96.0,213.0,0
65,30.8,137.0,110.0,179.0,0
21,27.6,,,,0
41,22.0,,126.0,158.0,0
55,,,,,0
84,,,,,1
25,27.2,,74.0,248.0,0
50,,135.0,149.0,,1
27,,127.0,60.0,215.0,1
30,,138.0,,,0
30,29.9,144.0,,209.0,0
54,36.1,142.0,,,1
63,21.4,,88.0,,0
62,,,,218.0,0
35,23.6,155.0,123.0,228.0,0
51,27.8,140.0,118.0,159.0,0
64,,,54.0,,0
39,,132.0,118.0,272.0,0
32,25.0,,129.0,,0
40,20.3,,,227.0,0
44,23.2,,78.0,135.0,0
55,,,106.0,248.0,1
71,21.8,121.0,146.0,211.0,1
40,,108.0,51.0,215.0,0
37,,169.0,,269.0,0
84,,131.0,106.0,183.0,1
33,,,138.0,,0
72,27.9,,,,0
67,,107.0,124.0,176.0,1
37,30.9,,,177.0,0
55,,125.0,,208.0,0
83,,,,215.0,1
74,24.2,,,245.0,1
55,28.0,,91.0,,0
44,24.7,146.0,117.0,,1
77,,109.0,82.0,,0
77,25.5,149.0,,178.0,1
60,,140.0,,,0
24,,135.0,108.0,,0
84,23.8,167.0,,,0
53,23.8,125.0,,206.0,0
66,,,,,1
53,22.9,130.0,,224.0,0
65,,131.0,,,0
37,,142.0,,,0
48,26.5,128.0,,192.0,0
40,,,75.0,,0
44,30.0,,73.0,,0
22,26.0,,,,1
23,,149.0,136.0,155.0,0
60,28.0,,75.0,174.0,1
83,,,127.0,,1
73,21.8,112.0,112.0,192.0,1
52,,108.0,,,1
68,27.7,134.0,86.0,177.0,0
45,,,84.0,,0
50,,,,148.0,1
74,18.5,,,155.0,1
35,27.0,,98.0,202.0,0
53,26.4,,,141.0,0
45,31.6,161.0,,,0
56,32.7,123.0,108.0,,1
31,32.2,,122.0,,0
57,15.4,138.0,140.0,,1
52,33.5,143.0,78.0,,1
26,26.3,118.0,,216.0,0
62,,132.0,,,0
66,30.8,140.0,,195.0,1
20,22.4,172.0,,169.0,0
61,22.0,,,,0
70,,,,200.0,1
78,,117.0,,251.0,0
55,,,,228.0,1
75,21.7,,102.0,165.0,1
74,25.3,114.0,,142.0,1
84,19.5,,153.0,241.0,1
74,27.9,131.0,,164.0,0
39,23.5,117.0,117.0,177.0,0
23,23.1,,127.0,,0
35,33.4,122.0,,173.0,0
52,,124.0,103.0,225.0,0
44,,,78.0,211.0,0
76,,,,184.0,1
74,27.5,115.0,99.0,158.0,1
45,33.7,141.0,81.0,163.0,1
61,39.1,119.0,,177.0,1
33,28.5,,,155.0,0
75,,,,,1
59,,,101.0,236.0,0
65,24.3,,123.0,184.0,1
77,23.2,117.0,107.0,250.0,0
70,35.8,117.0,118.0,,0
79,,137.0,134.0,265.0,0
24,30.4,132.0,112.0,,0
26,,111.0,,,0
73,37.2,,110.0,259.0,0
26,32.0,,112.0,,0
76,28.6,,85.0,223.0,0
34,,,,230.0,0
21,,115.0,,,0
47,,,114.0,,1
79,26.4,,76.0,,0
50,,,,,1
30,,,76.0,233.0,0
22,16.9,123.0,,,1
65,22.9,159.0,94.0,,0
74,,141.0,120.0,220.0,0
22,,170.0,107.0,194.0,0
61,,,,208.0,1
39,24.3,129.0,68.0,251.0,0
29,36.2,121.0,,209.0,0
44,27.8,110.0,102.0,,0
63,20.4,149.0,,,0
24,,98.0,122.0,,1
37,,,90.0,,0
63,,124.0,85.0,213.0,1
21,,,,,0
51,,117.0,89.0,169.0,0
68,,,,,0
24,32.5,,70.0,,0
76,18.1,,,,1
84,,133.0,106.0,,1
27,,122.0,,,1
44,24.4,,97.0,,1
63,28.5,,,173.0,1
43,,178.0,132.0,119.0,1
43,,,,197.0,0
62,33.5,,,,1
25,33.7,150.0,123.0,,0
20,,,,187.0,0
68,25.0,,,,0
67,21.0,,82.0,,0
42,28.3,,103.0,221.0,0
52,20.8,120.0,82.0,,1
30,,138.0,93.0,,0
54,,133.0,,187.0,0
27,,,,,0
25,29.9,166.0,117.0,237.0,0
55,,129.0,137.0,181.0,0
69,33.4,,112.0,204.0,1
80,,,119.0,255.0,1
76,23.2,,,,0
81,25.4,,,176.0,0
43,,,129.0,,1
36,,,105.0,,1
36,,120.0,91.0,,0
20,23.2,,,,1
45,,121.0,98.0,244.0,0
66,,126.0,,230.0,0
78,31.0,,,164.0,1
70,,,105.0,212.0,0
58,33.5,,,173.0,0
23,22.8,134.0,,168.0,0
20,31.4,,,236.0,0
82,,147.0,,,0
37,,,,146.0,1
25,,102.0,91.0,,0
39,,114.0,,,0
76,36.8,,107.0,,1
44,26.0,119.0,69.0,191.0,0
49,25.0,123.0,119.0,203.0,1
78,30.3,,99.0,,1
32,,137.0,,168.0,0
59,28.8,,107.0,275.0,1
59,26.6,,,,0
44,32.4,129.0,110.0,,1
61,,,128.0,230.0,1
51,,137.0,144.0,136.0,1
73,23.6,,78.0,,0
67,23.0,112.0,96.0,197.0,0
50,,106.0,,185.0,0
64,30.3,134.0,110.0,227.0,1
22,,98.0,,,0
63,,129.0,118.0,169.0,0
61,24.1,,,140.0,0
41,25.6,138.0,,,0
52,26.9,,,,0
71,37.2,,111.0,,0
67,25.4,155.0,,,1
31,,123.0,113.0,,0
38,23.4,118.0,,,0
74,,,60.0,171.0,0
54,,,132.0,,1
45,,,113.0,222.0,1
20,,,,230.0,0
40,,133.0,,,1
44,27.0,,80.0,218.0,1
37,,103.0,118.0,,0
30,19.8,138.0,,236.0,0
39,,120.0,84.0,224.0,0
27,,112.0,,,0
71,,122.0,65.0,154.0,0
39,,120.0,89.0,,1
80,17.7,130.0,,,1
60,34.6,122.0,101.0,,0
34,18.6,,115.0,,0
20,24.4,,88.0,205.0,0
61,24.5,104.0,90.0,241.0,1
28,,124.0,121.0,202.0,0
60,20.8,110.0,98.0,,0
59,20.6,130.0,,,0
62,,170.0,,,1
22,32.1,130.0,112.0,204.0,0
81,,,,186.0,1
60,,,122.0,,1
69,,,108.0,205.0,1
66,,,,248.0,0
26,,147.0,104.0,,0
53,,151.0,,,0
31,,161.0,,113.0,0
28,21.5,,67.0,,0
83,32.1,110.0,,150.0,1
30,24.2,,109.0,216.0,0
21,32.7,130.0,145.0,158.0,0
47,,,,204.0,0
48,36.2,,75.0,,1
75,22.6,,79.0,249.0,0
23,,113.0,109.0,213.0,0
24,32.6,,,,1
82,,141.0,82.0,,1
25,,131.0,80.0,145.0,0
38,,,82.0,,0
81,,113.0,84.0,,0
71,,116.0,139.0,141.0,1
28,,138.0,,,0
78,23.0,,121.0,184.0,1
49,25.7,123.0,,,1
53,,,99.0,250.0,0
68,,,,185.0,0
82,,147.0,,,1
29,37.1,110.0,,137.0,0
47,25.0,,156.0,224.0,0
34,36.4,149.0,,,0
56,,134.0,112.0,199.0,1
82,,128.0,,,1
56,33.0,,70.0,263.0,0
30,25.7,,85.0,250.0,0
68,19.3,115.0,,231.0,0
54,,157.0,164.0,199.0,1
62,,135.0,131.0,211.0,0
72,34.3,,136.0,,0
50,,,106.0,,0
58,,,,230.0,0
69,23.1,146.0,,176.0,0
37,,,99.0,209.0,0
50,33.3,135.0,,,1
38,18.6,136.0,118.0,,1
80,,129.0,140.0,225.0,1
32,,125.0,63.0,200.0,0
33,24.4,,100.0,,0
47,,,85.0,,0
62,28.6,115.0,93.0,207.0,0
27,25.5,,,224.0,0
37,,,,180.0,0
37,26.5,142.0,,175.0,0
69,29.8,156.0,108.0,233.0,1
69,25.4,131.0,103.0,,0
35,,126.0,138.0,,0
54,,136.0,,221.0,1
66,20.0,,,238.0,1
83,,,116.0,126.0,1
30,,,123.0,,1
52,24.4,,,193.0,1
20,20.8,139.0,97.0,233.0,0
20,18.3,129.0,,,0
37,25.2,,95.0,218.0,0
49,,155.0,,,1
31,,174.0,,,1
57,36.2,111.0,92.0,216.0,0
35,,113.0,92.0,251.0,0
79,,125.0,,205.0,0
51,,137.0,,,0
42,27.4,144.0,80.0,211.0,1
36,,,108.0,,0
21,32.1,103.0,111.0,142.0,1
25,,127.0,73.0,235.0,0
22,21.3,,62.0,234.0,0
21,30.7,,,187.0,0
31,,125.0,147.0,151.0,0
58,34.1,,80.0,,1
43,,111.0,106.0,205.0,0
71,33.9,,,,0
43,27.1,127.0,86.0,,0
55,,156.0,137.0,268.0,0
26,,,,269.0,0
63,,138.0,,,0
79,,154.0,,180.0,1
28,23.1,118.0,96.0,,0
24,19.3,110.0,145.0,,1
81,,,98.0,,0
27,,,,,1
30,36.1,,,272.0,1
20,35.3,90.0,,225.0,0
57,,126.0,110.0,,0
24,24.5,,40.0,,0
78,22.4,,,,0
25,22.5,,,195.0,0
24,32.4,121.0,99.0,180.0,0
68,23.2,132.0,,,0
69,,136.0,119.0,236.0,1
52,,137.0,106.0,269.0,0
42,21.9,125.0,,222.0,0
26,,,129.0,201.0,0
53,,,52.0,227.0,0
54,33.2,103.0,,,0
21,26.5,,,,0
26,33.5,138.0,,233.0,0
44,16.2,,95.0,,0
43,31.7,148.0,110.0,,0
76,,,,239.0,0
73,,,,217.0,1
25,29.8,,,180.0,1
25,21.8,,108.0,214.0,0
63,24.8,125.0,,257.0,0
60,28.3,131.0,104.0,200.0,0
68,,128.0,132.0,200.0,1
42,19.5,,144.0,,0
53,,,116.0,194.0,0
58,,130.0,108.0,187.0,0
55,35.7,,,,0
57,,,,164.0,0
25,23.7,160.0,,263.0,0
69,,115.0,97.0,168.0,1
63,31.5,157.0,,,0
40,26.5,,126.0,,1
43,34.5,165.0,71.0,265.0,1
62,17.0,114.0,,191.0,0
60,,,96.0,236.0,1
44,,,,230.0,0
24,29.4,,126.0,204.0,0
46,,,,219.0,1
22,,,,,0
70,,144.0,126.0,204.0,1
40,,,100.0,,0
66,32.1,120.0,,198.0,0
52,27.5,,,267.0,1
83,,157.0,113.0,170.0,1
39,,135.0,84.0,191.0,0
70,30.3,122.0,76.0,,0
84,,,,,0
80,19.8,,,239.0,0
69,31.0,134.0,,,0
62,18.5,,,,1
25,22.7,168.0,,237.0,0
81,22.9,,92.0,,0
43,,,137.0,,0
38,32.1,,123.0,,0
62,,145.0,,,1
53,,127.0,82.0,182.0,1
39,15.7,,153.0,181.0,0
51,29.8,143.0,,,0
33,33.8,141.0,82.0,,0
81,31.6,107.0,107.0,,1
30,30.0,133.0,108.0,201.0,0
72,25.4,158.0,117.0,,0
77,25.5,138.0,,154.0,1
25,,,80.0,,0
25,,120.0,135.0,259.0,0
32,,,,,1
79,,,,,1
38,25.6,132.0,,,0
73,,,115.0,,1
71,,,141.0,186.0,1
23,32.2,,,177.0,0
54,30.1,129.0,114.0,154.0,0
84,35.8,,128.0,,1
63,,,142.0,,0
79,29.4,159.0,104.0,,1
41,,,143.0,,0
30,32.8,,114.0,,0
26,,152.0,,233.0,0
44,18.4,150.0,,180.0,0
82,20.3,,,212.0,1
39,29.2,132.0,142.0,,1
45,24.8,172.0,,199.0,0
65,22.9,128.0,89.0,214.0,1
25,,,,,0
80,,103.0,85.0,,0
38,29.7,115.0,,,0
78,,139.0,125.0,,1
38,20.4,,,,0
20,,,,188.0,0
29,,136.0,,,0
60,26.9,,,172.0,0
30,,144.0,55.0,,0
41,,,116.0,176.0,0
71,16.2,,120.0,253.0,0
30,25.4,,119.0,,0
70,,125.0,86.0,203.0,0
60,,154.0,124.0,258.0,1
61,30.8,127.0,,251.0,1
52,,,115.0,177.0,0
35,35.4,,,139.0,1
32,,,56.0,179.0,0
63,,137.0,80.0,222.0,0
29,20.4,,92.0,234.0,0
64,25.1,89.0,,,0
39,,125.0,,,0
44,,,,,0
75,30.9,,76.0,,0
49,,119.0,104.0,,0
48,27.8,,66.0,173.0,0
78,33.0,,73.0,,0
47,32.7,,,,0
34,25.6,,88.0,,1
83,29.2,,124.0,,0
27,29.2,,94.0,219.0,0
45,,145.0,,200.0,0
40,,139.0,,,0
36,23.7,172.0,107.0,194.0,1
27,25.8,,142.0,205.0,0
41,30.7,,,210.0,1
42,23.8,90.0,,249.0,1
81,30.1,115.0,,231.0,0
51,24.0,115.0,127.0,180.0,1
66,,,85.0,278.0,0
78,29.3,148.0,94.0,,1
79,,,,,1
62,17.0,153.0,114.0,,1
50,,,68.0,,0
29,28.4,107.0,77.0,124.0,0
24,34.2,119.0,,168.0,0
33,29.5,,89.0,,0
28,33.0,,,179.0,0
36,,,101.0,,1
78,,171.0,111.0,,0
43,30.9,,88.0,,1
32,,151.0,89.0,175.0,0
84,,123.0,,193.0,1
32,32.3,148.0,,153.0,1
68,,,,195.0,1
65,20.5,136.0,,228.0,0
50,,,101.0,,0
56,25.0,,,213.0,0
22,,153.0,,,0
48,,95.0,110.0,192.0,1
26,,115.0,90.0,,0
78,,109.0,,173.0,1
42,,99.0,,251.0,0
50,26.1,,,158.0,1
84,30.7,138.0,,216.0,1
43,31.2,,123.0,264.0,1
74,40.4,113.0,80.0,,0
75,28.0,,,246.0,0
75,,142.0,141.0,,1
72,,131.0,119.0,246.0,1
24,26.5,156.0,,,1
71,,120.0,,,1
81,27.8,,57.0,194.0,1
63,,,,190.0,1
55,,128.0,138.0,235.0,0
26,,121.0,,200.0,0
27,33.0,159.0,119.0,212.0,0
49,23.5,,,174.0,0
52,,,77.0,,0
82,,,96.0,189.0,0
75,34.3,142.0,110.0,,1
63,20.7,126.0,145.0,191.0,0
84,,,71.0,218.0,0
67,,143.0,68.0,200.0,0
79,,,79.0,245.0,1
53,,121.0,59.0,243.0,0
37,24.6,120.0,,,0
49,25.0,,113.0,,0
54,,,,,1
74,26.6,150.0,,,1
73,,93.0,,,0
40,32.6,141.0,,181.0,0
22,19.7,,,,0
63,,,145.0,264.0,0
66,29.6,106.0,,231.0,0
31,28.1,,107.0,283.0,0
40,28.9,,128.0,,1
77,34.2,,164.0,193.0,1
43,,147.0,,134.0,0
83,19.0,114.0,44.0,224.0,0
25,,136.0,,,0
26,,105.0,,,0
78,,90.0,79.0,,0
62,20.4,128.0,,,0
23,,126.0,68.0,200.0,1
72,,134.0,120.0,212.0,0
42,,129.0,123.0,183.0,0
68,,119.0,68.0,,0
38,25.7,,,234.0,1
81,26.8,126.0,,200.0,1
46,,,110.0,,1
77,35.8,,,177.0,1
20,31.0,158.0,73.0,208.0,0
50,,140.0,,,0
23,22.2,131.0,,,0
29,23.9,149.0,,188.0,0
61,29.8,,82.0,193.0,0
49,,123.0,119.0,,0
39,26.8,,,,0
68,32.2,124.0,128.0,182.0,1
62,,126.0,75.0,,1
33,16.3,136.0,,209.0,0
23,,142.0,125.0,,1
37,,140.0,119.0,170.0,1
44,22.9,162.0,127.0,242.0,0
31,26.7,135.0,94.0,169.0,0
47,,132.0,81.0,174.0,0
44,,,120.0,168.0,1
70,,,,202.0,1
72,,106.0,,144.0,0
30,,124.0,115.0,211.0,0
44,,128.0,95.0,,0
37,21.8,,145.0,,0
82,27.2,,120.0,,1
39,23.2,110.0,131.0,139.0,0
32,,,92.0,,1
43,,,76.0,167.0,1
57,,127.0,109.0,,0
50,,130.0,98.0,,1
27,30.0,116.0,83.0,,0
65,,115.0,,271.0,0
58,,,,,1
56,,,115.0,186.0,1
64,,144.0,,166.0,0
65,,124.0,,182.0,1
69,26.6,126.0,97.0,203.0,1
45,,148.0,78.0,152.0,0
40,23.4,136.0,77.0,219.0,0
41,,124.0,105.0,182.0,0
81,,,126.0,,1
81,,,124.0,243.0,1
38,,120.0,112.0,,0
72,26.7,130.0,88.0,228.0,1
56,36.6,131.0,94.0,,1
47,,,,,1
55,21.2,112.0,,,0
38,,141.0,,228.0,0
63,30.8,135.0,,244.0,0
31,,146.0,,,0
54,34.0,138.0,109.0,,0
79,,147.0,155.0,234.0,1
32,33.3,132.0,136.0,159.0,1
50,,,,,1
59,,144.0,90.0,196.0,0
65,,,109.0,,0
72,,,,,1
53,,126.0,91.0,,0
41,,121.0,,175.0,0
69,27.7,,78.0,223.0,0
83,22.4,,82.0,209.0,1
40,25.9,,,248.0,1
39,23.8,,97.0,,0
70,35.7,126.0,102.0,,1
64,,,,184.0,1
64,36.2,,,,0
80,,,,,0
59,18.6,,,,0
72,,,,,0
69,25.4,,,,0
26,,124.0,146.0,187.0,0
63,29.2,115.0,101.0,237.0,0
28,,109.0,,,0
72,,,113.0,232.0,0
44,,104.0,153.0,172.0,0
49,,,108.0,,0
36,20.1,,74.0,,0
29,,126.0,,220.0,0
77,27.6,,101.0,258.0,1
35,,135.0,,189.0,0
31,23.5,137.0,,,0
48,25.2,101.0,120.0,184.0,1
54,25.0,,,203.0,0
82,24.8,,92.0,,1
38,,134.0,,225.0,0
83,,,,,0
40,24.4,,,228.0,0
24,,113.0,126.0,240.0,1
23,,143.0,93.0,,0
67,,116.0,136.0,235.0,0
21,,156.0,97.0,130.0,0
31,28.8,,,213.0,0
50,,,,,0
68,22.3,,69.0,,0
51,24.6,,,188.0,1
38,38.3,,108.0,205.0,0
66,,,120.0,,1
31,,101.0,,,1
21,,124.0,,239.0,0
46,,136.0,129.0,268.0,1
54,25.9,,,,1
74,33.0,120.0,139.0,185.0,1
23,26.5,,110.0,,0
55,,134.0,91.0,,0
40,23.0,127.0,,,0
49,,,82.0,,0
64,20.3,138.0,87.0,,1
39,31.0,,86.0,181.0,0
38,31.2,,103.0,220.0,0
37,31.9,118.0,124.0,183.0,0
21,23.6,120.0,113.0,152.0,0
33,,,133.0,213.0,0
21,,,124.0,,0
60,19.4,142.0,,,0
74,32.8,121.0,100.0,159.0,1
64,26.1,,,,1
24,28.8,,141.0,191.0,1
21,23.0,,58.0,211.0,1
68,27.6,141.0,91.0,,1
50,28.8,,101.0,,0
82,23.9,155.0,147.0,163.0,0
59,26.7,,93.0,,1
78,35.5,131.0,113.0,,1
42,30.0,,124.0,,0
81,27.5,,,235.0,0
61,36.7,,,255.0,1
48,,,144.0,227.0,1
65,,,,195.0,0
39,32.6,121.0,,,0
31,,133.0,142.0,,0
80,30.9,138.0,125.0,232.0,1
42,,109.0,,,0
66,24.2,127.0,130.0,196.0,0
59,30.1,,,,0
20,28.0,,,,0
58,25.5,,,153.0,0
75,25.4,,108.0,221.0,1
32,,121.0,141.0,250.0,0
26,,114.0,,,0
44,,155.0,,161.0,0
60,15.0,,,,1
75,29.4,,,159.0,1
43,,106.0,106.0,222.0,1
52,,,,,1
44,,131.0,71.0,,0
80,,166.0,62.0,150.0,1
78,23.9,164.0,139.0,243.0,1
66,26.0,,,287.0,0
72,20.6,,,228.0,0
36,,,,187.0,1
74,35.3,111.0,,222.0,1
65,28.7,,,,0
24,,,,232.0,0
20,,128.0,,193.0,0
28,31.0,,95.0,242.0,0
77,27.8,152.0,108.0,178.0,0
79,,115.0,,116.0,0
33,32.7,,88.0,,0
52,18.8,97.0,,155.0,0
29,,129.0,130.0,,0
65,31.8,,120.0,160.0,1
66,25.4,148.0,111.0,200.0,0
41,32.1,,111.0,,1
68,22.8,115.0,74.0,,1
65,26.8,144.0,,,0
47,,,,192.0,1
29,,112.0,99.0,,0
27,24.0,,67.0,253.0,0
40,,120.0,,229.0,0
73,,,68.0,193.0,0
31,,125.0,,,1
69,24.9,112.0,98.0,,0
44,,133.0,92.0,237.0,1
43,,,78.0,195.0,0
63,,120.0,,217.0,1
75,,,,195.0,1
47,28.6,113.0,112.0,,0
54,33.2,,,219.0,1
70,31.8,102.0,128.0,,0
25,,107.0,81.0,,0
22,,,126.0,262.0,0
61,27.0,156.0,159.0,200.0,1
49,,95.0,105.0,,0
66,,129.0,107.0,,1
41,,159.0,68.0,181.0,0
78,,,134.0,,1
46,32.3,,80.0,,0
33,,137.0,,,0
31,,137.0,91.0,222.0,0
67,,,,,1
33,,117.0,,145.0,1
82,27.6,130.0,122.0,,1
58,,,140.0,235.0,0
32,29.3,107.0,,177.0,0
72,22.0,136.0,,291.0,0
76,22.7,130.0,,,1
70,,131.0,112.0,240.0,1
67,,118.0,81.0,228.0,0
70,29.9,146.0,110.0,,1
72,30.4,,,,0
37,21.1,135.0,102.0,236.0,0
40,,,91.0,246.0,0
51,29.0,100.0,70.0,,0
49,35.4,,,,1
22,,,140.0,,0
24,,,116.0,218.0,1
73,,119.0,75.0,185.0,0
47,31.8,139.0,,,0
72,,159.0,,210.0,1
27,,112.0,67.0,,0
81,26.0,137.0,,192.0,1
27,,138.0,124.0,143.0,0
66,,155.0,116.0,209.0,0
34,33.4,,,,0
38,,131.0,70.0,,0
71,16.8,,128.0,,0
60,,124.0,153.0,190.0,1
26,,143.0,,256.0,0
59,25.8,,86.0,223.0,0
61,31.0,,,206.0,0
53,29.7,,104.0,133.0,1
23,,80.0,115.0,168.0,0
44,23.7,149.0,84.0,,1
60,,164.0,95.0,,0
30,,,93.0,282.0,1
69,,,,,0
71,26.9,,78.0,182.0,1
72,,,,,0
83,,145.0,92.0,239.0,0
35,28.5,,120.0,208.0,0
49,,,113.0,,0
71,,125.0,126.0,282.0,1
26,,,,,0
40,33.3,,,,0
38,,131.0,,211.0,1
69,,,140.0,,1
58,,,,,1
54,29.1,,123.0,196.0,1
26,30.9,101.0,72.0,,0
30,,103.0,104.0,,0
37,29.3,123.0,99.0,187.0,0
72,12.9,114.0,125.0,,1
54,29.2,,90.0,247.0,1
73,31.2,,101.0,222.0,0
64,29.5,102.0,84.0,246.0,0
73,20.5,132.0,86.0,173.0,0
73,23.1,,69.0,178.0,0
64,,,,,1
46,25.3,118.0,50.0,194.0,0
38,30.9,,,195.0,0
29,25.8,144.0,80.0,,0
28,,,,215.0,0
79,29.6,177.0,121.0,193.0,1
44,,120.0,119.0,,0
62,,,88.0,205.0,1
25,,146.0,,210.0,0
54,,127.0,70.0,189.0,1
64,34.5,,58.0,225.0,0
42,28.0,88.0,106.0,,1
31,,98.0,73.0,193.0,1
74,20.8,,,216.0,0
78,,141.0,80.0,209.0,0
55,21.0,139.0,,158.0,0
54,30.0,,,234.0,0
75,28.4,,,,0
25,,128.0,,226.0,1
46,,,,166.0,0
47,33.0,137.0,,186.0,0
71,,,60.0,284.0,0
31,35.0,130.0,,210.0,0
42,29.6,157.0,159.0,,0
33,,,113.0,,0
28,,120.0,143.0,,0
45,31.9,,,,1
20,28.8,126.0,,228.0,0
39,19.6,,115.0,187.0,0
38,,113.0,107.0,243.0,0
59,26.2,120.0,,,1
46,38.2,142.0,,,1
38,,111.0,,192.0,1
76,29.0,,53.0,,1
56,27.7,,55.0,,0
23,27.8,,95.0,270.0,0
38,,,,,0
45,,128.0,86.0,,0
46,,,92.0,,1
45,26.8,,123.0,173.0,0
78,,102.0,,232.0,1
26,23.8,110.0,112.0,,0
50,,118.0,,,1
49,31.8,141.0,,,0
56,,108.0,74.0,206.0,0
65,23.7,,,192.0,1
30,,,50.0,117.0,0
36,,164.0,121.0,,0
27,,,93.0,203.0,1
30,28.8,,113.0,,1
75,22.9,,158.0,202.0,1
27,28.7,130.0,104.0,217.0,0
78,17.5,141.0,75.0,221.0,1
65,,162.0,,212.0,0
73,21.6,,135.0,,1
75,,,73.0,,0
52,26.1,108.0,144.0,,1
45,,,,,0
62,,,,,1
83,31.5,139.0,,223.0,0
22,32.8,119.0,72.0,180.0,0
27,25.2,,138.0,,0
73,,120.0,,,0
36,,,,,0
76,25.4,124.0,122.0,171.0,1
51,24.2,,,,0
26,28.8,167.0,,,0
44,35.9,103.0,119.0,,1
57,30.6,135.0,93.0,,0
70,27.0,95.0,104.0,140.0,0
25,,,,184.0,0
25,,,100.0,,0
68,,120.0,89.0,180.0,0
28,,120.0,100.0,,0
38,,133.0,105.0,170.0,0
78,,121.0,,,0
28,27.4,103.0,80.0,196.0,0
48,36.6,186.0,125.0,,1
58,,93.0,145.0,,1
63,,122.0,,166.0,0
81,,125.0,,,1
27,23.1,,80.0,,0
64,12.9,,53.0,226.0,0
30,34.2,,123.0,220.0,0
23,25.1,114.0,69.0,,0
45,30.0,,79.0,,0
55,31.7,,,194.0,0
65,33.9,161.0,134.0,223.0,0
79,33.4,,,255.0,1
50,25.8,147.0,129.0,220.0,1
54,20.1,,91.0,,0
69,,137.0,,,1
42,27.8,,77.0,,0
24,,122.0,97.0,173.0,0
69,,121.0,,,1
80,27.4,,83.0,,1
72,21.1,127.0,102.0,233.0,1
65,28.9,,,185.0,0
54,21.0,140.0,112.0,,0
48,19.7,,,193.0,0
51,,,91.0,,0
70,,,,,1
29,,179.0,103.0,,0
82,31.9,,144.0,,1
77,,,,185.0,0
73,,,89.0,,0
42,,,,233.0,0
45,23.9,124.0,109.0,186.0,1
40,23.1,,84.0,,0
71,,115.0,,,0
79,18.6,132.0,,190.0,1
22,,131.0,132.0,195.0,0
63,,123.0,,,0
78,,,115.0,231.0,1
24,30.3,,67.0,171.0,0
75,33.5,140.0,,168.0,1
51,,,,,1
30,30.0,,89.0,,0
22,,137.0,79.0,215.0,0
49,23.4,140.0,121.0,,1
44,,,,226.0,0
42,,138.0,133.0,184.0,1
71,,,120.0,,1
83,,,125.0,199.0,1
25,,111.0,,191.0,1
23,,139.0,,216.0,0
29,,,99.0,181.0,1
23,,120.0,126.0,,0
83,22.9,,121.0,136.0,0
70,24.3,,,197.0,1
61,20.8,,123.0,,0
59,,129.0,86.0,,0
24,16.1,,,,0
43,,122.0,82.0,238.0,0
44,26.4,,121.0,,1
43,,111.0,94.0,210.0,0
53,29.5,,,191.0,0
67,22.7,115.0,149.0,261.0,1
70,,,100.0,,1
41,,121.0,88.0,,1
55,,143.0,119.0,,0
49,24.3,,,159.0,1
73,,114.0,,,0
67,23.5,,,162.0,0
53,31.1,,112.0,154.0,0
75,,96.0,87.0,,1
48,26.2,128.0,,219.0,1
48,,,,,0
81,,,108.0,,1
59,21.1,,,,0
45,,154.0,,,0
38,26.9,118.0,52.0,,0
52,,,94.0,,1
68,31.3,129.0,109.0,,1
36,20.0,144.0,123.0,,0
62,19.6,,,,1
45,21.2,,137.0,228.0,1
42,30.2,122.0,,223.0,0
30,28.6,128.0,112.0,,0
27,,172.0,,229.0,0
50,28.0,131.0,,,0
38,,,,267.0,1
21,,,,184.0,0
39,24.6,,155.0,,1
44,25.8,,,,1
48,,146.0,,,0
38,20.0,152.0,152.0,188.0,0
78,,,95.0,230.0,1
56,28.5,116.0,,226.0,1
70,,,,230.0,1
45,32.7,,79.0,215.0,0
63,30.1,,,211.0,1
45,38.4,140.0,90.0,179.0,0
84,27.8,142.0,86.0,,0
78,,138.0,,144.0,0
80,30.7,119.0,118.0,236.0,1
31,26.8,125.0,139.0,221.0,0
84,25.9,,92.0,169.0,0
69,29.9,,107.0,259.0,0
76,,,113.0,239.0,0
51,26.7,151.0,95.0,184.0,0
34,,170.0,,271.0,0
60,30.8,120.0,147.0,208.0,1
81,,,127.0,,0
53,26.9,,,143.0,1
46,23.2,,,,0
23,28.9,,,217.0,0
48,,,,,0
64,26.5,142.0,,144.0,0
63,22.8,156.0,,,1
60,22.7,140.0,91.0,217.0,0
68,25.9,,114.0,,1
70,,,106.0,,0
64,,130.0,,241.0,0
43,,,83.0,,0
77,29.0,111.0,42.0,187.0,1
42,,,,243.0,0
80,23.3,,138.0,141.0,1
76,28.2,,77.0,,1
23,20.5,110.0,122.0,209.0,0
21,,117.0,65.0,194.0,0
60,,128.0,111.0,,0
41,31.5,134.0,122.0,,0
78,,140.0,102.0,225.0,1
67,20.7,100.0,111.0,153.0,0
58,,,,181.0,0
41,27.4,139.0,,159.0,1
76,28.9,,109.0,168.0,0
79,,151.0,128.0,185.0,1
23,25.7,,,157.0,0
74,27.0,148.0,103.0,222.0,1
21,34.6,,,,0
45,33.9,128.0,,198.0,0
62,29.8,153.0,,189.0,0
64,39.2,,112.0,213.0,1
27,,,84.0,,0
64,38.9,149.0,,165.0,0
44,28.7,,,,1
62,26.7,,91.0,218.0,0
39,,125.0,90.0,240.0,0
70,31.5,,117.0,211.0,1
43,,,109.0,,1
61,,,139.0,193.0,1
44,,155.0,124.0,220.0,0
27,39.0,,121.0,,1
65,28.8,,,,0
72,,,91.0,224.0,0
31,,114.0,94.0,261.0,0
53,,102.0,,176.0,1
63,,,86.0,226.0,1
48,,,123.0,175.0,0
21,31.0,131.0,115.0,,0
22,19.9,,114.0,,0
30,,119.0,,204.0,0
31,,,,185.0,0
22,31.5,,,153.0,0
26,,,84.0,247.0,0
56,29.7,,138.0,,1
60,21.6,133.0,75.0,,1
48,25.6,123.0,92.0,200.0,0
57,,,96.0,205.0,0
38,22.3,,,233.0,0
30,,133.0,110.0,202.0,1
45,,,,,0
45,,,,210.0,0
62,25.3,123.0,87.0,,0
41,,122.0,127.0,170.0,1
36,,,,253.0,0
38,,137.0,135.0,210.0,1
77,33.6,123.0,,230.0,0
53,,147.0,139.0,202.0,0
74,30.2,,160.0,,1
65,,125.0,,,0
56,,161.0,,208.0,0
21,,135.0,92.0,215.0,0
80,28.7,132.0,150.0,,0
20,,143.0,112.0,199.0,1
42,,124.0,116.0,,0
70,32.2,155.0,,183.0,1
76,,114.0,,,1
39,,,130.0,,0
71,,,113.0,,1
48,25.3,139.0,127.0,245.0,1
22,32.1,150.0,,139.0,0
78,,,113.0,300.0,1
22,,110.0,101.0,164.0,0
56,,,,192.0,1
77,35.7,97.0,,205.0,1
42,34.9,138.0,115.0,,0
45,15.5,123.0,,,0
67,19.4,,,241.0,0
61,23.4,152.0,,139.0,0
48,,145.0,68.0,,0
41,,126.0,116.0,212.0,0
31,,,118.0,223.0,1
53,,,114.0,163.0,0
63,,,90.0,120.0,1
34,,145.0,59.0,,0
34,28.2,154.0,,,1
58,,120.0,88.0,,0
57,,133.0,,270.0,1
23,,,135.0,244.0,0
78,26.0,142.0,136.0,,0
70,28.5,159.0,69.0,,1
73,20.5,153.0,,,1
45,,105.0,89.0,185.0,0
21,,133.0,,,1
81,,,,,1
70,,,,188.0,0
23,33.6,159.0,109.0,,0
46,,139.0,118.0,,1
67,25.9,,103.0,250.0,1
75,,,142.0,118.0,0
32,24.2,137.0,,,0
44,20.9,140.0,,,0
35,35.5,,,184.0,0
55,24.4,,98.0,210.0,0
43,35.2,146.0,70.0,244.0,0
75,21.7,136.0,105.0,200.0,1
47,,154.0,88.0,,0
33,,,29.0,,0
23,22.6,,,,0
60,23.4,,,243.0,0
53,30.4,169.0,,178.0,0
67,,,,213.0,0
25,,,115.0,,0
44,,116.0,,193.0,0
46,32.1,,73.0,,0
64,22.9,145.0,119.0,,0
44,,,,219.0,1
27,15.2,109.0,96.0,210.0,0
42,31.8,,,160.0,0
42,27.0,119.0,,,1
72,32.1,150.0,,181.0,1
76,,,105.0,180.0,1
44,,146.0,,124.0,1
30,31.7,124.0,,,0
24,29.8,,66.0,,0
39,,109.0,,196.0,0
53,22.0,153.0,,217.0,1
61,30.4,121.0,166.0,151.0,1
36,23.2,,,,0
36,35.9,,,,0
74,30.6,121.0,121.0,183.0,1
22,34.1,127.0,87.0,181.0,0
60,28.9,127.0,,200.0,0
46,26.0,163.0,,113.0,0
30,,161.0,93.0,,0
82,20.1,,75.0,152.0,1
62,,,138.0,168.0,0
47,,121.0,,180.0,0
34,,,129.0,,0
26,,,,,0
39,,110.0,,,0
21,,147.0,80.0,165.0,1
70,22.2,136.0,119.0,253.0,1
78,19.3,,63.0,205.0,0
46,,160.0,,,0
44,34.9,,127.0,106.0,0
62,25.1,164.0,95.0,187.0,0
49,,114.0,164.0,,0
44,27.4,,,204.0,1
57,,,137.0,180.0,1
52,16.4,151.0,141.0,,0
77,19.7,,34.0,,0
24,,,101.0,,0
39,23.3,,,204.0,0
80,20.4,152.0,112.0,245.0,1
80,,137.0,,203.0,0
46,,,,,0
40,,114.0,93.0,198.0,0
77,30.2,126.0,101.0,233.0,0
77,28.9,139.0,162.0,149.0,0
80,,106.0,,,0
52,,,122.0,,1
59,25.2,,,,1
75,30.4,154.0,68.0,184.0,0
28,23.4,157.0,,189.0,0
21,,123.0,,,0
57,,127.0,,,0
73,,107.0,99.0,,0
59,,,,,0
70,,,,258.0,0
58,25.2,,93.0,197.0,1
77,,139.0,,163.0,1
61,,142.0,54.0,240.0,0
26,26.0,,107.0,,0
64,22.7,,,198.0,1
58,,,,184.0,0
38,26.1,131.0,91.0,256.0,0
36,,165.0,112.0,150.0,0
24,26.0,,,179.0,1
43,24.2,95.0,100.0,,1
83,,,138.0,146.0,0
45,,130.0,,,0
37,25.3,,,,0
54,,,,,0
57,28.5,131.0,,207.0,1
63,25.9,,101.0,223.0,1
48,,135.0,,,1
42,,,123.0,,0
33,,101.0,,,0
20,,,,166.0,1
70,18.4,,120.0,,1
79,23.8,,130.0,,1
38,34.8,,,178.0,1
67,32.2,,85.0,148.0,1
71,,108.0,,,0
82,,,,,1
31,21.9,126.0,99.0,220.0,0
75,,121.0,97.0,213.0,1
56,,131.0,101.0,,0
82,35.2,147.0,106.0,,1
69,,128.0,128.0,,0
64,,,110.0,207.0,0
56,,,104.0,196.0,0
53,,135.0,,,0
32,27.9,,95.0,196.0,0
59,,123.0,,,0
68,26.2,131.0,84.0,,0
54,25.4,103.0,120.0,,1
40,30.2,,,231.0,0
27,29.3,,,142.0,1
43,21.9,,112.0,,0
23,,139.0,77.0,,1
28,25.7,129.0,,148.0,0
33,,111.0,,227.0,0
37,,101.0,,228.0,0
29,,119.0,,,0
50,23.8,120.0,89.0,158.0,0
54,,129.0,85.0,204.0,0
36,35.7,,,191.0,1
27,,,,231.0,0
69,24.0,109.0,,,1
71,,165.0,,173.0,1
42,,,,213.0,0
33,30.7,,,280.0,0
49,,,,187.0,0
45,33.2,,82.0,212.0,1
75,23.1,,,189.0,0
46,,,,,0
31,,,91.0,259.0,0
50,,158.0,,,0
83,,136.0,101.0,163.0,0
41,,,97.0,,0
54,22.0,125.0,74.0,245.0,0
36,,,100.0,218.0,1
32,19.7,147.0,,,0
41,17.7,,,181.0,0
53,23.5,,62.0,170.0,0
80,28.5,,59.0,229.0,0
60,,,116.0,,0
54,,,,173.0,0
31,31.0,155.0,,197.0,1
22,,84.0,78.0,,1
58,,,,202.0,0
26,17.3,112.0,94.0,258.0,0
35,,145.0,,199.0,0
45,23.5,,,218.0,0
64,,,,197.0,1
39,26.5,122.0,,,0
30,,155.0,86.0,226.0,0
61,37.8,,,158.0,1
47,27.7,163.0,59.0,201.0,0
77,31.0,,113.0,194.0,1
84,30.6,133.0,,208.0,1
37,25.3,,122.0,194.0,1
42,,,96.0,,0
31,37.1,,107.0,,1
68,29.4,,,,0
53,26.4,131.0,102.0,175.0,1
72,12.4,167.0,,,1
30,22.5,,40.0,227.0,0
39,20.4,139.0,,,0
69,,,,,1
75,,144.0,77.0,164.0,0
31,26.2,149.0,102.0,198.0,0
48,32.2,128.0,,208.0,0
83,31.1,111.0,100.0,,1
28,27.0,,,,0
71,28.7,,,,1
66,29.8,90.0,79.0,208.0,1
44,,,83.0,,0
31,,130.0,105.0,,0
28,,141.0,,175.0,0
65,,143.0,134.0,215.0,0
42,29.4,143.0,,,0
34,22.4,139.0,,,0
70,18.5,,94.0,171.0,1
21,28.4,,,189.0,1
32,26.9,,138.0,210.0,0
39,23.0,143.0,,177.0,0
69,23.8,145.0,,,0
29,,,77.0,126.0,0
33,,,45.0,200.0,0
78,30.1,,,,0
50,25.3,119.0,,,1
68,,121.0,129.0,,1
36,,146.0,97.0,,0
24,30.3,,109.0,,0
47,,137.0,91.0,227.0,1
36,,140.0,127.0,,1
30,,,,195.0,0
59,34.8,,,245.0,0
35,31.9,,96.0,212.0,1
78,,,,,1
45,19.7,,,255.0,0
46,25.3,,,249.0,1
68,,,,200.0,1
82,19.7,145.0,101.0,249.0,1
34,,,118.0,223.0,0
20,27.9,131.0,117.0,231.0,0
41,24.5,,84.0,91.0,0
83,,,127.0,,1
48,,,,,1
56,,118.0,92.0,177.0,1
82,30.2,145.0,,136.0,0
54,27.1,151.0,126.0,,1
84,,,92.0,153.0,0
34,23.8,90.0,139.0,223.0,0
83,23.4,,106.0,,0
72,,,,204.0,1
59,,,108.0,,1
83,31.6,,88.0,188.0,0
42,22.6,,81.0,,0
71,,,119.0,,1
31,30.0,134.0,78.0,243.0,0
50,22.7,,85.0,197.0,0
30,,,,187.0,0
53,,120.0,,,0
61,16.8,130.0,,243.0,1
51,21.4,121.0,97.0,92.0,1
26,,157.0,87.0,212.0,1
21,,122.0,,249.0,0
50,,146.0,94.0,181.0,0
41,,,125.0,222.0,0
84,18.5,,,,0
34,,115.0,88.0,263.0,1
24,,,106.0,193.0,0
32,23.7,131.0,106.0,177.0,0
51,26.8,,88.0,,0
79,20.2,,,,0
52,26.4,144.0,83.0,234.0,0
57,20.6,,104.0,188.0,0
60,,,110.0,213.0,1
50,21.3,,,213.0,1
64,,,,184.0,0
76,22.8,,82.0,,0
62,33.9,131.0,141.0,,0
27,,123.0,,164.0,0
73,,113.0,90.0,,1
24,10.0,,119.0,,0
63,,,,,1
32,23.9,133.0,,169.0,0
50,,,89.0,,0
61,,,,201.0,0
68,,137.0,,210.0,1
59,,131.0,114.0,237.0,1
66,27.8,140.0,,177.0,0
73,,149.0,,,1
46,,101.0,,234.0,0
66,,,103.0,,1
27,28.0,,97.0,,1
78,23.2,,99.0,195.0,1
47,,,124.0,,0
80,,132.0,,215.0,1
57,28.7,109.0,,,0
30,,148.0,142.0,,0
51,22.4,104.0,88.0,183.0,0
51,,112.0,,156.0,0
44,18.4,,,,0
60,35.1,,121.0,,1
23,,,128.0,211.0,0
40,22.5,,,,0
33,37.8,156.0,91.0,183.0,0
56,,,,,1
60,,120.0,100.0,,1
61,,130.0,74.0,184.0,0
41,,115.0,118.0,182.0,0
46,,144.0,98.0,195.0,0
31,,121.0,115.0,220.0,0
56,28.1,123.0,105.0,187.0,0
53,26.7,129.0,,,0
71,,136.0,90.0,182.0,0
20,24.4,,83.0,,0
24,31.5,,61.0,,0
44,27.1,,,237.0,0
75,27.5,114.0,,,1
69,34.8,,38.0,176.0,1
60,22.6,,,130.0,0
46,,133.0,96.0,,0
26,27.2,,,168.0,0
27,,100.0,,149.0,0
34,,,79.0,,0
28,26.5,109.0,90.0,,0
81,20.5,145.0,116.0,,0
83,27.9,,82.0,,0
53,,127.0,,243.0,1
56,,153.0,73.0,,1
75,32.9,121.0,105.0,148.0,1
33,,138.0,94.0,254.0,0
51,24.2,118.0,,191.0,0
48,32.3,,103.0,,1
65,31.5,,,245.0,1
20,,114.0,122.0,,0
76,,,,263.0,0
31,,140.0,,207.0,0
53,31.5,103.0,,,0
66,,151.0,88.0,,1
55,26.7,121.0,,,1
56,28.1,,113.0,,0
54,27.5,122.0,97.0,185.0,0
51,,156.0,57.0,194.0,0
78,,168.0,118.0,184.0,1
71,,,,,0
25,20.0,126.0,121.0,,0
67,39.3,,,183.0,1
65,26.2,131.0,107.0,214.0,1
76,34.0,107.0,98.0,203.0,1
69,25.8,142.0,,210.0,0
58,,,143.0,,1
51,30.2,138.0,,155.0,0
77,24.8,116.0,,219.0,1
54,31.3,,,,1
20,28.5,123.0,,178.0,0
84,13.7,,92.0,204.0,1
64,,,171.0,239.0,1
32,,,108.0,172.0,1
75,,,93.0,,1
29,,,,,0
84,,,50.0,184.0,1
59,29.1,144.0,,180.0,0
74,18.1,139.0,129.0,,0
45,36.6,,105.0,192.0,1
69,,121.0,,180.0,0
38,,,,,1
47,,,,182.0,0
60,,,,214.0,0
83,35.2,92.0,119.0,,0
41,,125.0,74.0,,1
66,,91.0,,158.0,0
31,,111.0,140.0,,0
74,,,112.0,204.0,1
66,22.5,146.0,114.0,208.0,1
29,,125.0,114.0,139.0,0
78,,,72.0,,1
75,32.8,159.0,101.0,,0
50,,133.0,,,1
23,26.0,144.0,,,1
38,29.2,152.0,89.0,,1
75,34.7,113.0,146.0,146.0,1
59,23.1,,159.0,,0
70,31.9,,148.0,,1
44,,,119.0,166.0,0
46,,135.0,91.0,,1
52,28.8,,,176.0,0
74,27.9,146.0,,,0
70,,127.0,,,0
35,23.2,148.0,127.0,164.0,1
52,,,,189.0,0
67,,129.0,115.0,181.0,1
29,26.7,160.0,,,0
51,,119.0,73.0,,1
42,26.2,,,211.0,0
47,,147.0,123.0,,0
74,,109.0,,167.0,0
63,,145.0,,,1
68,32.6,145.0,82.0,190.0,0
24,,108.0,,163.0,0
31,27.0,,98.0,223.0,0
78,,,,178.0,1
43,21.2,137.0,,185.0,1
25,,143.0,66.0,,0
25,,156.0,161.0,184.0,0
36,31.7,94.0,,210.0,0
84,,,97.0,193.0,0
81,28.4,160.0,94.0,253.0,1
46,,,96.0,216.0,1
70,22.1,,90.0,212.0,0
51,23.8,,,262.0,1
55,19.3,120.0,161.0,,1
47,,,,,0
37,28.9,,,,0
81,25.1,,121.0,,1
47,,,,224.0,1
21,,,,220.0,0
48,,,61.0,174.0,1
27,31.2,147.0,112.0,,0
75,21.5,,,,1
52,25.0,122.0,,198.0,1
30,30.5,133.0,95.0,202.0,0
78,25.6,,,,0
78,,,152.0,273.0,1
65,,,92.0,,1
54,26.3,,87.0,,0
62,20.2,,114.0,206.0,0
42,14.6,156.0,96.0,,0
84,31.0,136.0,51.0,,0
67,,120.0,,200.0,1
70,31.3,,88.0,,0
39,,121.0,102.0,,0
28,25.7,118.0,99.0,190.0,1
26,21.6,166.0,123.0,,0
73,,,,207.0,1
71,31.5,123.0,103.0,,0
21,30.8,133.0,81.0,,0
62,26.5,128.0,99.0,,0
80,,,,236.0,1
26,,,,237.0,0
83,,,,,1
58,20.5,,,253.0,1
39,27.4,119.0,,240.0,0
51,31.9,,,232.0,0
66,23.3,91.0,,,0
76,,,,189.0,0
22,,126.0,134.0,,0
67,25.9,,,,1
26,20.4,89.0,,,0
44,,,152.0,,1
36,,141.0,73.0,,0
40,20.8,155.0,,175.0,0
35,28.3,,122.0,,1
59,,,135.0,,1
68,35.3,134.0,,,0
26,27.5,117.0,129.0,,0
67,,,,183.0,1
31,35.7,137.0,,186.0,0
62,,97.0,148.0,190.0,0
51,,129.0,61.0,183.0,1
27,,125.0,81.0,,0
70,,,134.0,,1
60,,137.0,95.0,,0
49,,117.0,112.0,,1
51,21.0,116.0,,214.0,0
56,21.9,128.0,118.0,,0
82,31.2,120.0,,186.0,1
66,,148.0,,,0
66,,131.0,,,0
40,24.3,,,,0
56,34.7,120.0,,,0
23,21.5,148.0,84.0,,0
28,,,,,0
47,,133.0,,,1
35,,147.0,92.0,191.0,0
67,25.0,140.0,91.0,189.0,1
66,,,105.0,,1
22,,128.0,78.0,,0
36,26.3,139.0,,172.0,1
52,,124.0,129.0,173.0,1
69,32.7,99.0,116.0,153.0,1
79,,,,224.0,1
36,,,73.0,197.0,0
21,28.8,,,179.0,0
35,25.5,,,,0
75,27.9,133.0,,218.0,1
35,,,126.0,210.0,0
57,27.1,172.0,,,0
35,,,97.0,193.0,0
41,,,,198.0,0
28,,106.0,109.0,203.0,0
29,,117.0,125.0,,0
61,,88.0,99.0,,0
45,18.8,129.0,,,1
55,,161.0,116.0,,1
21,,,103.0,219.0,0
77,,106.0,,,1
39,,,,,0
55,26.0,93.0,,142.0,1
72,25.6,,105.0,,1
72,,124.0,,148.0,1
26,21.5,131.0,61.0,,0
75,16.7,135.0,,,0
52,,,,,1
50,,,75.0,,0
24,,,119.0,,0
26,,124.0,144.0,,1
30,,115.0,,,0
76,,127.0,113.0,,1
75,,157.0,151.0,126.0,1
29,33.1,141.0,,237.0,0
39,,119.0,,,0
64,,,,198.0,0
64,28.9,,,231.0,0
61,,135.0,,,0
81,26.6,,,,1
47,24.8,110.0,,,0
75,27.2,135.0,,219.0,1
50,30.6,,121.0,,1
41,30.5,,,,0
54,23.3,115.0,,,0
75,,108.0,93.0,,0
83,,114.0,92.0,,0
20,28.5,,109.0,180.0,0
41,18.7,92.0,67.0,,0
50,,124.0,,,0
64,26.1,91.0,,,0
81,32.4,133.0,,,0
81,,144.0,48.0,179.0,0
36,,148.0,82.0,167.0,0
28,,164.0,,261.0,0
30,,,103.0,185.0,0
32,31.3,116.0,,127.0,0
50,32.2,109.0,131.0,,1
36,,150.0,88.0,206.0,0
66,30.2,127.0,,189.0,0
54,,,100.0,,1
32,,142.0,,268.0,0
28,24.4,,109.0,210.0,0
27,23.3,155.0,,,0
47,,149.0,,,0
34,,,85.0,186.0,1
75,34.5,133.0,112.0,,1
25,25.6,148.0,,,0
65,36.4,124.0,70.0,,0
50,,143.0,,,0
71,22.1,146.0,114.0,,0
43,,,,,0
50,,157.0,88.0,,0
73,22.7,,106.0,181.0,1
20,,78.0,123.0,180.0,0
82,13.9,,,,1
35,25.1,121.0,109.0,197.0,0
20,,143.0,114.0,,0
30,,143.0,129.0,,0
24,,150.0,,184.0,1
61,20.8,,118.0,225.0,0
38,23.6,132.0,90.0,,0
48,18.4,,128.0,,0
54,21.2,,,227.0,0
38,,116.0,95.0,200.0,0
47,33.8,112.0,39.0,,0
69,26.6,124.0,81.0,183.0,1
34,,99.0,,132.0,0
55,,,,,0
42,26.7,,,,1
29,,,,189.0,0
42,27.7,,,,1
31,,,108.0,,0
31,35.6,119.0,103.0,,0
54,22.8,119.0,102.0,197.0,1
45,26.2,147.0,121.0,,1
62,34.1,150.0,116.0,189.0,0
41,,119.0,128.0,168.0,0
84,26.1,,138.0,245.0,0
50,25.4,,,,0
81,,143.0,,186.0,0
38,20.9,106.0,,,0
55,30.2,,,201.0,0
43,31.0,,75.0,178.0,0
53,,,,218.0,1
48,,153.0,,187.0,0
68,25.6,,156.0,,1
42,17.1,,,189.0,1
51,,137.0,,,0
67,24.7,104.0,,,1
52,,135.0,,193.0,0
60,29.5,,,,0
23,34.7,105.0,,,0
51,29.0,146.0,,202.0,1
42,31.9,,,178.0,1
52,,136.0,,,1
46,,,,,1
61,,,76.0,195.0,0
42,,,,196.0,0
42,,,83.0,,0
69,,,,,1
43,30.3,,105.0,,1
75,17.9,,,260.0,0
23,30.5,98.0,,211.0,0
65,30.2,,,138.0,0
43,28.9,,,,0
34,,118.0,120.0,,1
35,,,153.0,178.0,1
80,25.5,147.0,131.0,185.0,0
58,24.8,116.0,56.0,141.0,0
67,24.2,,,198.0,0
44,24.3,,92.0,257.0,0
31,,114.0,,265.0,0
48,21.9,,129.0,182.0,0
35,,,101.0,161.0,0
67,,148.0,129.0,210.0,1
78,,121.0,107.0,223.0,1
78,,125.0,59.0,,1
65,,140.0,,215.0,1
46,18.8,143.0,,182.0,0
60,,,95.0,,1
71,27.8,,102.0,204.0,1
29,27.0,,128.0,,0
65,,150.0,124.0,224.0,1
36,,133.0,,154.0,0
25,28.2,,,170.0,0
60,22.0,,102.0,167.0,0
22,31.1,,53.0,,1
72,,,,235.0,1
48,,113.0,,187.0,0
29,,113.0,,146.0,0
37,,151.0,,173.0,0
50,,151.0,,251.0,0
55,,109.0,123.0,195.0,0
63,24.9,,65.0,,0
58,,116.0,,137.0,0
42,28.3,,,,0
66,20.7,136.0,75.0,,1
45,,,44.0,191.0,1
33,34.9,124.0,138.0,218.0,0
81,27.6,,125.0,125.0,1
65,31.4,135.0,57.0,,0
58,23.2,,,216.0,1
66,,122.0,109.0,,1
43,,167.0,135.0,235.0,0
52,33.3,,,,0
65,33.1,126.0,,,1
31,31.6,146.0,,284.0,0
47,,,98.0,265.0,1
67,24.2,103.0,,170.0,0
23,35.1,172.0,,225.0,0
21,30.6,,,,0
28,,,110.0,188.0,0
23,,,,236.0,0
63,24.2,113.0,120.0,210.0,1
50,,,128.0,218.0,1
43,,123.0,58.0,145.0,0
34,32.9,,116.0,220.0,0
67,27.5,,,188.0,0
42,32.9,157.0,,169.0,0
73,29.4,109.0,,,1
84,,102.0,,,0
58,,102.0,74.0,,1
29,20.8,146.0,,195.0,0
64,,,115.0,220.0,0
60,,,87.0,223.0,0
42,,144.0,,,0
49,,132.0,91.0,,0
66,,105.0,108.0,200.0,0
69,,,,,1
70,24.4,,,187.0,0
84,26.5,115.0,,204.0,0
82,26.7,114.0,,,1
48,,,,,0
81,22.2,,93.0,270.0,1
67,31.2,114.0,96.0,178.0,1
37,27.3,,103.0,149.0,0
41,26.2,86.0,137.0,180.0,0
27,39.4,109.0,101.0,,0
38,,179.0,,220.0,0
81,29.2,,119.0,225.0,1
47,28.1,,,173.0,1
32,,124.0,,,0
21,32.7,124.0,,177.0,1
74,,156.0,,,0
70,34.5,133.0,,166.0,1
68,23.9,140.0,,,1
67,27.0,129.0,,,1
39,,139.0,119.0,165.0,0
32,,,95.0,207.0,0
26,31.8,103.0,91.0,,0
21,33.9,,124.0,212.0,0
25,,,100.0,176.0,1
38,30.1,133.0,,,0
23,32.2,126.0,129.0,,0
30,29.1,164.0,101.0,,0
61,,,68.0,200.0,1
63,,133.0,114.0,236.0,0
30,28.3,,64.0,230.0,0
76,23.0,,,,1
74,26.4,119.0,,210.0,0
78,17.9,,64.0,264.0,0
29,27.6,122.0,122.0,180.0,1
55,29.8,127.0,60.0,233.0,0
63,,166.0,,189.0,0
80,,147.0,,166.0,0
31,29.1,,,208.0,0
46,,,95.0,211.0,0
51,22.8,127.0,142.0,257.0,1
47,26.1,131.0,131.0,,0
67,,96.0,,204.0,0
41,,,147.0,226.0,1
65,21.9,130.0,74.0,237.0,0
38,20.6,,,,0
26,29.0,,54.0,,0
37,,115.0,44.0,,0
52,35.4,155.0,,250.0,1
44,,,75.0,148.0,0
77,32.2,,124.0,196.0,1
62,,,100.0,,0
20,28.3,,,139.0,0
40,19.7,,125.0,121.0,1
44,19.8,153.0,,,0
81,25.0,132.0,134.0,166.0,0
69,,,15.0,182.0,0
74,20.7,136.0,129.0,217.0,1
51,,,109.0,178.0,1
41,30.0,,,183.0,1
34,23.6,,,,0
53,,120.0,84.0,187.0,1
50,22.3,,,,0
68,,125.0,,180.0,1
60,26.6,128.0,83.0,261.0,0
43,,113.0,83.0,152.0,0
41,14.7,146.0,62.0,226.0,0
35,26.4,,82.0,177.0,0
83,29.8,,,,1
55,,147.0,67.0,,0
20,,152.0,113.0,,0
70,,,114.0,,0
53,28.9,109.0,113.0,,0
77,29.4,127.0,91.0,,0
28,,122.0,133.0,,1
83,,120.0,,151.0,1
28,,,129.0,202.0,0
73,22.7,144.0,93.0,153.0,0
67,23.1,75.0,,189.0,0
25,27.5,113.0,113.0,195.0,0
28,,97.0,87.0,,0
51,,140.0,85.0,,1
38,24.9,,,159.0,0
30,,87.0,122.0,203.0,0
84,28.9,125.0,44.0,,1
48,20.9,101.0,,,0
46,32.2,141.0,,155.0,0
22,29.2,126.0,109.0,,0
20,,,112.0,220.0,0
72,,156.0,72.0,215.0,0
69,26.6,,,,0
27,24.3,149.0,98.0,277.0,0
41,24.3,115.0,104.0,,0
61,23.9,,,171.0,1
66,24.5,,75.0,263.0,0
64,11.3,123.0,113.0,,0
31,27.6,,,169.0,0
42,,116.0,,,0
36,27.5,153.0,,,1
63,,150.0,,,1
61,29.1,,,,0
64,,123.0,,,0
66,,,,,1
43,,161.0,89.0,,0
57,24.4,154.0,109.0,,0
71,,,,,0
46,31.4,,96.0,,0
35,,136.0,133.0,195.0,0
42,,,99.0,132.0,0
75,25.8,,,173.0,0
38,15.2,,106.0,,0
37,31.8,141.0,,,0
33,,,,182.0,0
21,16.6,,,,0
77,24.1,128.0,99.0,,1
55,26.4,125.0,86.0,,0
37,,91.0,,327.0,0
65,26.4,124.0,,,0
81,26.1,172.0,94.0,,1
75,22.8,,147.0,188.0,1
54,,99.0,,264.0,1
39,,154.0,,200.0,0
56,25.0,106.0,129.0,163.0,0
33,19.5,114.0,106.0,207.0,0
81,22.4,98.0,104.0,224.0,1
26,34.9,,140.0,245.0,0
78,31.0,131.0,68.0,207.0,1
48,,125.0,,237.0,0
56,19.0,95.0,112.0,190.0,0
60,19.9,150.0,,131.0,0
32,34.4,,,159.0,1
28,19.8,140.0,,187.0,1
58,27.8,,,281.0,1
30,34.2,,,170.0,0
32,,118.0,,174.0,0
80,,,,,1
82,,,102.0,,0
84,,,108.0,195.0,1
70,,,124.0,178.0,0
74,,127.0,,254.0,1
32,,145.0,,,0
23,,107.0,90.0,,0
46,,126.0,129.0,186.0,0
31,34.7,,96.0,251.0,1
38,,116.0,131.0,274.0,0
25,32.5,134.0,75.0,175.0,0
41,,136.0,109.0,,0
77,23.9,113.0,,228.0,1
55,,124.0,,,0
39,24.1,,144.0,188.0,0
21,,125.0,100.0,263.0,0
82,,,101.0,210.0,0
29,,,,217.0,0
77,23.5,,,,0
75,,,,,1
63,22.2,,,,0
55,,,,,1
71,31.5,,129.0,,1
82,26.0,,100.0,243.0,1
82,25.8,,109.0,224.0,1
74,,113.0,97.0,179.0,1
62,27.1,137.0,,,1
20,27.2,,113.0,,0
57,17.0,86.0,,,0
79,29.6,109.0,108.0,,0
26,28.6,,,,0
23,17.8,,80.0,241.0,0
32,,,,230.0,0
70,24.3,,,202.0,0
63,,147.0,51.0,,0
79,,,153.0,183.0,1
40,36.0,146.0,,,0
77,,171.0,84.0,,0
34,,,100.0,,1
40,,,,234.0,1
44,,134.0,145.0,136.0,1
33,21.6,,,,1
49,33.0,163.0,,141.0,0
35,,,64.0,,0
38,,166.0,100.0,,1
49,24.7,152.0,111.0,,0
73,25.8,121.0,,,0
51,,,,186.0,0
31,27.4,,,,0
27,25.8,,115.0,197.0,1
35,,132.0,,230.0,0
50,27.7,91.0,,,0
71,,,118.0,,1
36,,140.0,127.0,161.0,1
69,20.0,121.0,,,0
66,22.1,135.0,137.0,220.0,0
57,24.1,,,,1
78,29.2,134.0,89.0,93.0,1
54,25.9,122.0,122.0,212.0,0
75,24.3,,69.0,193.0,1
52,29.5,,131.0,,1
43,27.4,,95.0,185.0,0
61,,,82.0,,0
38,24.2,116.0,115.0,227.0,0
37,24.9,,,,0
63,,147.0,,201.0,0
73,33.8,,,241.0,1
32,31.0,140.0,153.0,211.0,1
74,,91.0,,,0
70,28.3,,,187.0,1
59,,,,,1
48,23.7,118.0,,271.0,0
53,20.3,130.0,71.0,,0
55,22.4,114.0,101.0,196.0,0
54,26.5,,,191.0,0
49,31.9,153.0,,,0
30,,139.0,112.0,196.0,1
73,,,,,1
68,30.5,139.0,104.0,,0
27,,136.0,122.0,275.0,0
54,31.2,,,230.0,1
25,23.2,154.0,104.0,,0
67,,,88.0,253.0,1
66,19.9,,,225.0,0
57,,,,,0
25,26.6,139.0,,,0
68,27.5,130.0,71.0,175.0,0
82,25.8,138.0,,,1
74,34.3,141.0,77.0,208.0,1
70,25.1,,76.0,251.0,0
68,,,,223.0,0
57,28.1,134.0,,,0
55,,127.0,84.0,237.0,0
30,20.0,124.0,137.0,,0
80,,124.0,111.0,203.0,1
79,22.6,112.0,136.0,,1
33,,,97.0,208.0,0
81,35.9,110.0,,,0
84,28.0,95.0,81.0,,1
50,32.8,,92.0,257.0,0
37,33.9,137.0,,177.0,0
72,,,146.0,,0
47,20.3,129.0,93.0,244.0,0
55,,148.0,,,1
81,,117.0,,198.0,1
23,31.3,149.0,117.0,182.0,0
37,,,,219.0,0
82,25.4,137.0,78.0,203.0,0
72,29.4,,106.0,172.0,0
33,20.9,108.0,,,0
26,33.4,147.0,98.0,255.0,0
33,22.1,133.0,119.0,137.0,0
22,25.2,118.0,126.0,221.0,0
55,,123.0,,,1
66,,,145.0,165.0,0
25,34.8,,105.0,121.0,0
53,,109.0,130.0,213.0,1
83,12.6,124.0,,205.0,1
49,,134.0,,192.0,1
26,21.6,127.0,135.0,,0
28,,159.0,,,0
20,,,,,0
35,21.5,119.0,58.0,234.0,0
82,28.6,,,237.0,0
38,20.7,147.0,92.0,,0
74,,,145.0,238.0,0
69,26.5,,,173.0,1
57,31.5,,157.0,125.0,1
23,35.0,,,177.0,0
20,18.6,147.0,98.0,,0
73,23.9,,118.0,,1
23,18.0,142.0,126.0,195.0,0
52,27.1,118.0,111.0,117.0,1
38,,115.0,,,0
25,,77.0,80.0,,0
29,24.0,,111.0,,0
45,29.3,106.0,111.0,218.0,1
52,25.7,,97.0,,0
51,29.5,143.0,,,0
83,,129.0,,,0
33,,140.0,,,0
70,28.8,,96.0,202.0,0
74,,142.0,153.0,188.0,1
26,,115.0,,177.0,0
71,35.2,,139.0,,1
66,,151.0,,,0
47,,131.0,,186.0,0
61,,,,,1
76,,141.0,82.0,,1
81,30.4,85.0,,,0
84,,,149.0,,1
24,27.9,133.0,109.0,158.0,0
26,,,139.0,241.0,1
23,22.9,,,,0
32,29.1,,,215.0,0
76,28.0,,,157.0,0
44,,,105.0,192.0,0
54,27.8,96.0,,,0
36,,,123.0,,0
84,,125.0,134.0,242.0,0
67,29.7,129.0,60.0,197.0,0
31,32.1,125.0,124.0,,0
46,,127.0,132.0,234.0,0
55,21.2,143.0,64.0,,1
50,,137.0,,,1
33,,,95.0,213.0,1
24,,149.0,119.0,230.0,0
59,19.9,129.0,150.0,,0
74,21.9,,120.0,190.0,0
56,32.2,129.0,89.0,152.0,1
71,,,91.0,,1
42,19.4,,,204.0,0
62,30.9,137.0,84.0,206.0,1
59,17.8,124.0,160.0,,1
32,,135.0,112.0,209.0,0
62,,,140.0,236.0,1
41,,,117.0,,0
60,,141.0,,,0
71,26.6,,,156.0,1
78,,123.0,,,0
61,30.3,124.0,79.0,194.0,0
27,,132.0,86.0,224.0,0
32,,115.0,102.0,,0
35,,,128.0,,0
71,31.1,162.0,,163.0,1
65,23.6,130.0,107.0,195.0,0
37,31.2,,69.0,,1
50,,,,228.0,0
43,,,,235.0,1
80,,,157.0,296.0,0
72,37.4,139.0,119.0,157.0,1
66,,125.0,119.0,162.0,1
46,24.3,,149.0,,0
66,,144.0,,182.0,0
38,,,104.0,192.0,0
74,30.1,154.0,63.0,,1
68,,135.0,82.0,,1
29,35.0,121.0,94.0,187.0,0
32,,135.0,60.0,178.0,0
21,,,111.0,,0
38,29.8,146.0,133.0,,0
38,26.1,130.0,93.0,145.0,0
40,20.0,134.0,,,0
61,32.2,,,198.0,0
34,,,179.0,205.0,1
38,,185.0,,222.0,0
36,16.7,143.0,160.0,203.0,0
24,,,79.0,184.0,0
61,19.4,132.0,,,0
20,31.5,148.0,78.0,248.0,0
31,28.4,147.0,,233.0,0
29,,,77.0,,0
20,,115.0,68.0,,0
35,,,,,1
71,30.3,105.0,90.0,233.0,0
33,,140.0,,238.0,0
45,33.4,,,171.0,0
48,20.3,125.0,,198.0,0
38,34.1,,,213.0,1
64,26.9,,89.0,197.0,0
40,,,142.0,,1
24,24.9,,,191.0,0
68,24.9,,,,0
77,28.6,,108.0,210.0,0
53,19.1,131.0,,225.0,0
30,,,,180.0,0
62,29.7,,,232.0,0
41,,132.0,87.0,170.0,0
47,34.6,,,207.0,0
40,36.1,145.0,,187.0,0
43,19.9,,,230.0,0
49,,152.0,100.0,203.0,0
63,29.5,,,195.0,1
69,,137.0,129.0,,1
24,,123.0,,216.0,1
58,31.4,133.0,76.0,237.0,1
64,26.3,,126.0,,0
84,28.9,,86.0,194.0,1
69,29.3,,,,1
81,,,111.0,169.0,0
57,,134.0,129.0,,1
62,28.6,,110.0,,1
56,27.3,120.0,,190.0,1
49,28.9,118.0,,183.0,0
49,,152.0,,235.0,0
38,30.3,150.0,122.0,238.0,0
46,28.3,,105.0,,1
32,,,70.0,191.0,0
42,30.2,159.0,111.0,,0
30,,,120.0,,0
54,,133.0,,219.0,0
71,20.2,143.0,108.0,149.0,1
67,,146.0,,186.0,0
20,23.6,112.0,135.0,,0
24,19.7,123.0,120.0,,0
63,,138.0,117.0,174.0,1
48,28.5,116.0,,,1
82,,122.0,142.0,145.0,1
70,,134.0,111.0,256.0,1
68,21.1,127.0,106.0,,0
23,,,,195.0,0
67,29.9,,,,0
61,25.5,119.0,,117.0,0
80,,,99.0,211.0,1
81,29.0,128.0,114.0,202.0,0
61,,,,245.0,1
83,27.6,,114.0,,0
21,29.3,109.0,,243.0,0
47,,118.0,,,0
75,35.3,,104.0,,0
84,,107.0,,,1
63,,138.0,,249.0,0
77,31.1,,74.0,,0
50,,156.0,62.0,,0
42,20.4,122.0,93.0,,0
46,27.3,,,,1
38,,,98.0,187.0,1
40,21.7,131.0,110.0,,1
60,29.9,,,239.0,0
56,21.4,,71.0,186.0,0
35,18.4,,107.0,200.0,0
25,,,,,0
52,,126.0,114.0,251.0,0
58,29.6,181.0,116.0,178.0,1
70,25.6,147.0,70.0,222.0,1
66,,117.0,146.0,209.0,1
60,30.1,147.0,69.0,,1
81,,131.0,,,0
68,18.6,,53.0,,1
83,,,67.0,239.0,0
32,,148.0,125.0,239.0,0
68,31.3,,89.0,185.0,1
79,,107.0,98.0,,0
35,35.3,173.0,109.0,,0
43,,122.0,117.0,,0
83,,149.0,,,0
47,26.8,,,,0
65,21.1,110.0,,229.0,0
25,,,93.0,,0
33,28.4,144.0,,,1
52,,,,253.0,0
27,22.6,,,,1
28,27.3,130.0,,,1
76,26.2,107.0,,,1
66,26.2,113.0,141.0,,0
61,32.2,,,237.0,0
75,,153.0,135.0,,0
67,29.9,121.0,,189.0,1
43,,,98.0,155.0,0
48,24.7,130.0,,178.0,0
74,26.9,111.0,117.0,,1
82,,155.0,113.0,192.0,0
21,,148.0,95.0,155.0,0
58,36.5,132.0,,,1
20,29.4,,142.0,193.0,0
82,25.8,135.0,110.0,245.0,1
37,25.1,,,,0
32,25.9,,,,0
43,33.0,,,158.0,0
41,21.8,,,234.0,0
21,,127.0,,,0
40,22.8,117.0,146.0,209.0,0
59,,,144.0,184.0,0
31,,,,240.0,0
47,,139.0,100.0,,0
48,,131.0,138.0,,0
36,,153.0,81.0,,0
41,28.6,,79.0,250.0,0
65,32.9,,102.0,,0
36,23.4,143.0,148.0,180.0,0
41,,141.0,86.0,217.0,0
36,,,86.0,206.0,0
28,30.4,,,199.0,0
55,23.9,,,210.0,1
79,14.4,,,217.0,1
82,,,125.0,149.0,0
80,24.7,145.0,67.0,205.0,0
59,,,,,0
28,,,105.0,161.0,0
59,28.2,,63.0,,0
38,22.1,,120.0,202.0,0
77,27.4,136.0,,211.0,1
30,22.0,161.0,,,0
82,,,107.0,,1
29,26.7,,170.0,173.0,0
42,23.1,94.0,130.0,,1
69,20.5,154.0,107.0,,0
74,27.1,125.0,105.0,,1
84,,132.0,,196.0,0
81,30.9,,52.0,,1
23,31.9,,,209.0,0
41,20.6,122.0,110.0,212.0,0
25,19.9,,71.0,,0
51,22.0,,68.0,,1
71,22.8,99.0,,,1
67,35.1,,,,0
41,,144.0,127.0,187.0,0
32,,,,,0
47,,114.0,,168.0,1
26,,109.0,136.0,,0
20,19.2,,,255.0,0
41,,,130.0,179.0,0
37,26.3,,60.0,,0
75,,134.0,166.0,230.0,0
54,37.3,,76.0,,1
55,28.0,137.0,,227.0,1
49,27.3,114.0,,,0
67,24.5,129.0,,178.0,1
28,29.0,143.0,123.0,210.0,1
37,37.9,113.0,,251.0,0
78,,,,,0
64,,110.0,,,1
47,29.0,,,251.0,0
22,,104.0,153.0,,0
41,28.8,126.0,77.0,132.0,0
82,,,84.0,173.0,0
77,20.9,,115.0,237.0,1
32,22.9,,119.0,265.0,0
68,26.6,139.0,127.0,,1
65,,,126.0,,0
76,30.9,,,173.0,0
78,,122.0,,,0
80,35.2,,,,1
68,,131.0,68.0,205.0,0
84,,,96.0,,0
84,,,,,1
61,,,,223.0,1
54,16.2,,,183.0,0
38,27.8,,,,0
40,28.7,,103.0,,0
40,21.4,,85.0,203.0,0
20,,,,199.0,0
21,,,102.0,169.0,0
35,,132.0,,,0
62,,113.0,,199.0,1
67,29.3,149.0,92.0,243.0,1
29,,130.0,,207.0,0
51,,,,,0
56,36.3,147.0,81.0,,1
51,33.7,135.0,96.0,233.0,0
79,,,144.0,184.0,1
31,,125.0,129.0,,1
24,,,,,0
62,,,,,0
44,27.2,,,190.0,1
45,24.8,,116.0,220.0,1
66,24.4,,89.0,,1
20,,,,,0
65,,138.0,108.0,183.0,1
35,29.1,,127.0,179.0,1
73,,117.0,,199.0,1
23,27.6,,96.0,,0
44,27.2,,129.0,,1
63,,,80.0,,0
20,33.0,102.0,141.0,,0
69,29.7,112.0,,195.0,1
45,,,95.0,232.0,1
26,29.1,148.0,102.0,163.0,1
71,,,76.0,140.0,1
53,,151.0,74.0,194.0,0
25,,143.0,86.0,180.0,0
20,,94.0,,207.0,1
63,,,89.0,,0
28,,,98.0,255.0,0
57,29.7,,,250.0,0
39,35.0,116.0,62.0,,0
82,,127.0,,218.0,0
68,,109.0,,,0
65,,110.0,81.0,158.0,0
81,20.6,125.0,72.0,231.0,0
76,,141.0,71.0,216.0,1
64,,110.0,102.0,214.0,0
71,28.5,,126.0,,1
26,,,138.0,256.0,0
38,,,,210.0,1
39,29.8,,118.0,263.0,0
23,27.2,123.0,,142.0,1
32,,137.0,,232.0,1
34,,129.0,69.0,188.0,1
52,36.6,130.0,101.0,,1
56,31.6,167.0,,164.0,0
33,23.7,104.0,114.0,,0
79,,,98.0,,1
67,29.4,,83.0,,0
64,30.7,,,166.0,0
83,,134.0,112.0,217.0,0
79,27.2,148.0,,247.0,0
81,28.9,127.0,,,0
84,,124.0,,258.0,1
23,,115.0,91.0,215.0,0
52,33.3,,,168.0,1
32,,129.0,,158.0,0
82,35.9,143.0,,,1
65,,117.0,,,0
36,26.4,123.0,,,0
64,29.7,124.0,95.0,,0
27,,,93.0,,0
24,,141.0,,244.0,0
54,,139.0,112.0,,0
43,,,,235.0,0
30,29.2,152.0,90.0,229.0,0
30,25.5,,133.0,,0
39,,,,,1
63,29.7,,,,1
30,34.6,111.0,,,0
26,26.5,175.0,,,1
30,,125.0,81.0,,1
50,21.5,,118.0,,0
73,24.1,164.0,,155.0,1
28,26.8,119.0,111.0,,1
23,26.5,,,226.0,0
39,23.4,,125.0,,1
58,,136.0,,217.0,1
84,25.8,,102.0,,1
30,,124.0,,129.0,0
55,,162.0,,,0
64,25.1,110.0,70.0,161.0,1
44,,,,235.0,0
46,33.7,,109.0,,1
36,29.8,,128.0,211.0,0
61,33.4,,,222.0,0
76,29.3,,,150.0,1
74,33.9,116.0,113.0,,1
28,31.7,,131.0,,1
80,31.6,139.0,,229.0,1
42,15.9,,,,0
76,22.3,,125.0,,1
46,,,94.0,,0
79,20.7,121.0,109.0,,1
64,,119.0,,171.0,0
70,27.2,152.0,66.0,,1
20,17.5,,119.0,,0
56,29.7,,,197.0,0
68,,127.0,57.0,198.0,1
36,13.2,126.0,112.0,163.0,0
43,,108.0,,,0
33,28.9,137.0,102.0,,0
41,,160.0,,,1
26,,,128.0,,0
36,32.2,128.0,,138.0,0
25,,,100.0,165.0,0
42,25.8,156.0,145.0,256.0,0
77,27.8,147.0,74.0,153.0,0
40,,148.0,69.0,199.0,0
64,34.0,115.0,,169.0,1
62,,106.0,91.0,140.0,1
69,,,,204.0,1
57,,,86.0,93.0,1
56,,,82.0,218.0,0
58,25.6,114.0,,134.0,0
50,,153.0,,,0
30,,106.0,105.0,179.0,0
78,,,76.0,,0
20,,,,229.0,0
67,,,149.0,,1
33,,145.0,75.0,218.0,0
33,,127.0,126.0,249.0,1
21,,133.0,,,0
81,26.1,108.0,,,1
76,15.9,,99.0,204.0,1
56,,140.0,,,0
72,,134.0,124.0,,0
37,14.7,,98.0,195.0,0
34,31.5,136.0,,174.0,0
72,,,104.0,,0
75,,,,,0
77,27.1,132.0,127.0,208.0,1
31,,117.0,109.0,284.0,0
42,,107.0,94.0,,1
62,26.1,,,,0
58,23.5,,85.0,174.0,0
43,33.0,,79.0,,0
57,25.4,,113.0,,1
58,30.4,146.0,,212.0,0
41,,155.0,,,1
67,26.9,,,165.0,1
56,,111.0,,237.0,0
81,35.1,102.0,91.0,,1
28,20.8,,,,0
24,27.0,,,,0
46,,136.0,,,0
47,,119.0,103.0,,0
63,29.3,136.0,125.0,196.0,0
48,22.4,135.0,,204.0,0
38,32.7,161.0,79.0,216.0,0
74,29.3,136.0,,,1
66,,135.0,,186.0,1
29,,96.0,111.0,,1
38,29.8,114.0,,,0
50,28.9,150.0,72.0,216.0,1
56,28.7,110.0,95.0,230.0,0
56,,124.0,111.0,,0
39,,,,,1
78,,172.0,,,0
67,20.0,,141.0,245.0,1
64,,,,220.0,1
20,,122.0,104.0,,0
64,25.3,,,,0
26,,163.0,,,0
35,,140.0,,213.0,0
33,29.3,,,265.0,1
57,,133.0,145.0,,0
34,,112.0,132.0,167.0,1
54,28.7,137.0,87.0,,0
26,23.7,,,,0
71,21.2,,,170.0,1
83,,115.0,132.0,161.0,0
35,,141.0,,246.0,0
26,28.8,126.0,,,0
71,30.4,,111.0,,0
81,40.7,133.0,72.0,,1
53,26.4,116.0,96.0,,0
21,,134.0,,,0
32,33.1,147.0,101.0,,0
52,,135.0,,178.0,1
24,29.2,,,239.0,0
37,28.0,,,,0
80,,129.0,90.0,190.0,1
50,30.1,125.0,89.0,,1
33,,127.0,,,0
55,28.8,,85.0,201.0,1
77,36.4,109.0,,,1
66,,127.0,95.0,,1
45,,170.0,91.0,,0
44,,,,204.0,0
57,17.2,123.0,69.0,,0
57,,124.0,100.0,,0
26,,122.0,71.0,252.0,0
58,27.3,,105.0,,1
36,,141.0,66.0,,0
64,21.6,148.0,81.0,193.0,0
67,43.8,96.0,,,1
51,34.3,,105.0,232.0,1
49,,,121.0,217.0,0
74,18.6,152.0,,254.0,0
75,31.1,,123.0,247.0,0
84,,,91.0,218.0,1
76,,104.0,99.0,202.0,0
38,,158.0,123.0,,0
41,24.5,,119.0,,0
37,,113.0,,,0
39,20.4,,114.0,167.0,0
39,25.1,132.0,91.0,,0
49,27.1,148.0,,,1
37,,,127.0,257.0,0
72,,,,239.0,1
57,,143.0,,176.0,1
64,32.0,,123.0,255.0,0
63,30.1,142.0,131.0,209.0,1
32,19.6,,73.0,,0
68,27.0,,59.0,,0
54,20.3,135.0,137.0,,0
57,30.1,90.0,102.0,,0
80,32.5,128.0,174.0,,1
41,27.3,,89.0,,0
54,,103.0,,,0
76,22.0,111.0,,,0
53,19.1,125.0,146.0,,1
80,27.1,132.0,119.0,229.0,1
28,,118.0,,239.0,1
84,,,95.0,,0
