date,promo,sales
2023-01-01,0,197.5
2023-01-02,0,190.5
2023-01-03,1,211.3
2023-01-04,1,215.6
2023-01-05,1,200.7
2023-01-06,1,242.4
2023-01-07,1,256.5
2023-01-08,0,196.8
2023-01-09,1,226.6
2023-01-10,1,214.2
2023-01-11,0,205.0
2023-01-12,1,208.7
2023-01-13,0,226.0
2023-01-14,0,209.7
2023-01-15,1,225.6
2023-01-16,0,190.4
2023-01-17,0,193.2
2023-01-18,1,216.0
2023-01-19,1,226.3
2023-01-20,1,229.0
2023-01-21,0,204.5
2023-01-22,0,187.4
2023-01-23,1,201.9
2023-01-24,0,157.4
2023-01-25,0,158.1
2023-01-26,1,173.2
2023-01-27,0,193.1
2023-01-28,1,221.2
2023-01-29,0,203.0
2023-01-30,1,213.0
2023-01-31,0,190.9
2023-02-01,0,195.8
2023-02-02,1,200.2
2023-02-03,1,232.3
2023-02-04,1,248.9
2023-02-05,0,221.1
2023-02-06,1,234.8
2023-02-07,0,198.5
2023-02-08,0,193.9
2023-02-09,1,216.3
2023-02-10,0,242.6
2023-02-11,0,239.6
2023-02-12,0,199.6
2023-02-13,0,199.9
2023-02-14,1,222.8
2023-02-15,1,206.6
2023-02-16,1,215.7
2023-02-17,0,221.5
2023-02-18,0,208.0
2023-02-19,1,220.2
2023-02-20,1,216.0
2023-02-21,1,186.3
2023-02-22,0,192.7
2023-02-23,0,191.9
2023-02-24,0,210.2
2023-02-25,0,219.1
2023-02-26,0,199.9
2023-02-27,0,205.4
2023-02-28,1,217.2
2023-03-01,0,199.4
2023-03-02,1,203.1
2023-03-03,0,223.5
2023-03-04,1,253.5
2023-03-05,1,197.1
2023-03-06,1,194.1
2023-03-07,0,187.9
2023-03-08,1,221.9
2023-03-09,0,203.4
2023-03-10,1,223.6
2023-03-11,0,218.0
2023-03-12,1,209.4
2023-03-13,0,192.3
2023-03-14,1,226.7
2023-03-15,1,225.7
2023-03-16,0,208.0
2023-03-17,1,237.7
2023-03-18,0,209.4
2023-03-19,0,187.7
2023-03-20,1,219.1
2023-03-21,1,233.3
2023-03-22,1,213.2
2023-03-23,0,213.3
2023-03-24,0,224.2
2023-03-25,0,227.9
2023-03-26,0,193.0
2023-03-27,1,212.3
2023-03-28,0,207.0
2023-03-29,0,208.1
2023-03-30,1,226.4
2023-03-31,1,260.0
2023-04-01,0,242.5
2023-04-02,1,234.7
2023-04-03,1,238.2
2023-04-04,0,216.4
2023-04-05,1,218.1
2023-04-06,1,230.6
2023-04-07,0,246.8
2023-04-08,0,240.1
2023-04-09,1,218.7
2023-04-10,1,222.5
2023-04-11,0,220.5
2023-04-12,0,225.6
2023-04-13,1,240.7
2023-04-14,1,249.9
2023-04-15,1,256.7
2023-04-16,1,256.1
2023-04-17,0,245.3
2023-04-18,0,227.7
2023-04-19,1,249.5
2023-04-20,1,252.6
2023-04-21,0,275.0
2023-04-22,1,278.6
2023-04-23,1,247.1
2023-04-24,0,236.8
2023-04-25,1,234.5
2023-04-26,1,245.0
2023-04-27,1,247.7
2023-04-28,0,255.2
2023-04-29,0,270.6
2023-04-30,1,251.9
2023-05-01,0,236.2
2023-05-02,0,227.5
2023-05-03,1,250.2
2023-05-04,0,222.5
2023-05-05,0,244.4
2023-05-06,1,263.8
2023-05-07,1,246.6
2023-05-08,0,205.6
2023-05-09,0,218.2
2023-05-10,1,225.5
2023-05-11,1,200.0
2023-05-12,1,242.8
2023-05-13,0,231.4
2023-05-14,1,204.5
2023-05-15,1,219.0
2023-05-16,0,200.5
2023-05-17,1,194.9
2023-05-18,1,213.2
2023-05-19,0,231.2
2023-05-20,1,232.2
2023-05-21,1,229.1
2023-05-22,1,205.8
2023-05-23,0,194.0
2023-05-24,1,202.9
2023-05-25,1,201.3
2023-05-26,0,229.6
2023-05-27,1,246.7
2023-05-28,1,237.9
2023-05-29,0,195.8
2023-05-30,0,211.2
2023-05-31,0,182.2
2023-06-01,0,197.3
2023-06-02,1,228.4
2023-06-03,1,240.9
2023-06-04,0,190.9
2023-06-05,1,208.2
2023-06-06,0,202.1
2023-06-07,1,227.4
2023-06-08,1,222.9
2023-06-09,1,263.1
2023-06-10,0,243.5
2023-06-11,1,232.2
2023-06-12,0,216.8
2023-06-13,1,226.5
2023-06-14,0,211.2
2023-06-15,0,219.0
2023-06-16,0,255.4
2023-06-17,0,244.6
2023-06-18,0,206.1
2023-06-19,1,247.6
2023-06-20,0,205.6
2023-06-21,0,214.1
2023-06-22,1,237.5
2023-06-23,0,244.2
2023-06-24,1,263.2
2023-06-25,1,215.3
2023-06-26,1,225.3
2023-06-27,1,232.3
2023-06-28,1,225.5
2023-06-29,0,233.9
2023-06-30,1,253.3
2023-07-01,1,267.3
2023-07-02,1,226.4
2023-07-03,1,230.8
2023-07-04,0,209.4
2023-07-05,0,193.5
2023-07-06,1,220.7
2023-07-07,0,228.6
2023-07-08,1,249.1
2023-07-09,0,217.7
2023-07-10,1,205.3
2023-07-11,0,204.9
2023-07-12,0,186.3
2023-07-13,0,218.6
2023-07-14,1,261.8
2023-07-15,1,255.2
2023-07-16,1,224.2
2023-07-17,1,222.3
2023-07-18,0,199.5
2023-07-19,1,209.7
2023-07-20,1,218.6
2023-07-21,1,220.0
2023-07-22,1,231.4
2023-07-23,0,180.1
2023-07-24,1,192.9
2023-07-25,0,193.3
2023-07-26,1,218.5
2023-07-27,1,221.9
2023-07-28,1,261.2
2023-07-29,0,226.4
2023-07-30,0,205.2
2023-07-31,0,217.9
2023-08-01,0,215.0
2023-08-02,1,252.9
2023-08-03,1,255.1
2023-08-04,1,275.9
2023-08-05,1,275.3
2023-08-06,1,252.7
2023-08-07,0,248.7
2023-08-08,0,250.5
2023-08-09,0,242.5
2023-08-10,0,241.1
2023-08-11,1,275.5
2023-08-12,0,268.1
2023-08-13,1,235.3
2023-08-14,0,222.0
2023-08-15,0,244.1
2023-08-16,1,263.6
2023-08-17,1,229.4
2023-08-18,0,269.6
2023-08-19,0,252.9
2023-08-20,0,236.1
2023-08-21,1,258.0
2023-08-22,0,244.9
2023-08-23,1,257.6
2023-08-24,1,270.4
2023-08-25,1,288.7
2023-08-26,0,283.8
2023-08-27,1,263.0
2023-08-28,0,228.8
2023-08-29,1,253.2
2023-08-30,0,240.9
2023-08-31,1,241.2
2023-09-01,1,265.2
2023-09-02,1,265.7
2023-09-03,1,239.5
2023-09-04,1,262.7
2023-09-05,0,240.5
2023-09-06,0,228.3
2023-09-07,1,233.3
2023-09-08,1,254.3
2023-09-09,1,245.9
2023-09-10,0,206.4
2023-09-11,0,195.0
2023-09-12,1,224.6
2023-09-13,1,236.5
2023-09-14,1,220.5
2023-09-15,1,248.4
2023-09-16,1,250.8
2023-09-17,0,209.8
2023-09-18,1,219.9
2023-09-19,0,203.0
2023-09-20,0,205.1
2023-09-21,1,207.3
2023-09-22,1,221.5
2023-09-23,1,232.6
2023-09-24,0,202.8
2023-09-25,0,197.1
2023-09-26,0,198.9
2023-09-27,0,194.2
2023-09-28,0,185.4
2023-09-29,1,243.7
2023-09-30,1,238.8
2023-10-01,0,207.7
2023-10-02,1,208.6
2023-10-03,0,188.5
2023-10-04,0,196.9
2023-10-05,0,184.2
2023-10-06,1,217.5
2023-10-07,1,222.7
2023-10-08,0,153.3
2023-10-09,1,171.8
2023-10-10,0,171.1
2023-10-11,1,180.6
2023-10-12,1,202.0
2023-10-13,0,214.5
2023-10-14,1,240.1
2023-10-15,1,199.5
2023-10-16,1,198.4
2023-10-17,0,189.1
2023-10-18,1,201.7
2023-10-19,1,214.8
2023-10-20,1,240.9
2023-10-21,1,213.0
2023-10-22,1,179.2
2023-10-23,0,183.7
2023-10-24,0,168.4
2023-10-25,1,202.3
2023-10-26,0,191.6
2023-10-27,0,210.7
2023-10-28,1,208.3
2023-10-29,1,189.4
2023-10-30,1,190.8
2023-10-31,1,195.5
2023-11-01,1,192.3
2023-11-02,0,159.5
2023-11-03,1,191.7
2023-11-04,1,197.0
2023-11-05,0,165.3
2023-11-06,0,164.6
2023-11-07,1,175.5
2023-11-08,0,179.4
2023-11-09,1,211.9
2023-11-10,1,222.2
2023-11-11,0,208.0
2023-11-12,0,175.9
2023-11-13,1,196.5
2023-11-14,0,207.1
2023-11-15,0,189.2
2023-11-16,0,180.8
2023-11-17,0,216.7
2023-11-18,0,219.1
2023-11-19,1,193.4
2023-11-20,0,187.3
2023-11-21,1,217.4
2023-11-22,1,215.1
2023-11-23,0,209.3
2023-11-24,0,239.3
2023-11-25,1,238.1
2023-11-26,1,217.6
2023-11-27,1,226.7
2023-11-28,1,210.7
2023-11-29,1,238.3
2023-11-30,0,213.0
2023-12-01,0,253.2
2023-12-02,1,249.3
2023-12-03,1,237.7
2023-12-04,0,218.6
2023-12-05,1,237.1
2023-12-06,0,222.0
2023-12-07,1,236.0
2023-12-08,0,245.1
2023-12-09,0,260.2
2023-12-10,1,236.5
2023-12-11,1,225.9
2023-12-12,1,219.9
2023-12-13,1,228.2
2023-12-14,1,207.3
2023-12-15,1,247.4
2023-12-16,1,248.5
2023-12-17,1,213.4
2023-12-18,0,205.3
2023-12-19,0,200.6
2023-12-20,0,191.5
2023-12-21,1,232.5
2023-12-22,1,243.4
2023-12-23,1,257.1
2023-12-24,0,210.2
2023-12-25,0,207.4
2023-12-26,0,209.2
2023-12-27,0,206.7
2023-12-28,0,203.9
2023-12-29,0,254.7
2023-12-30,1,234.4
2023-12-31,0,213.6
2024-01-01,1,225.3
2024-01-02,1,238.6
2024-01-03,1,240.9
2024-01-04,1,223.8
2024-01-05,1,260.5
2024-01-06,1,267.0
2024-01-07,1,244.4
2024-01-08,0,213.3
2024-01-09,1,220.0
2024-01-10,1,216.2
2024-01-11,1,205.9
2024-01-12,0,219.7
2024-01-13,0,211.8
2024-01-14,1,200.7
2024-01-15,0,174.0
2024-01-16,0,182.0
2024-01-17,1,183.5
2024-01-18,1,191.2
2024-01-19,1,226.0
2024-01-20,1,223.7
2024-01-21,0,195.5
2024-01-22,0,193.8
2024-01-23,0,190.6
2024-01-24,0,193.2
2024-01-25,0,195.4
2024-01-26,0,201.9
2024-01-27,0,230.0
2024-01-28,0,188.6
2024-01-29,1,210.2
2024-01-30,1,204.1
2024-01-31,1,177.7
2024-02-01,0,190.0
2024-02-02,1,243.1
2024-02-03,1,228.7
2024-02-04,0,184.4
2024-02-05,0,199.6
2024-02-06,1,206.4
2024-02-07,1,188.9
2024-02-08,1,211.3
2024-02-09,1,224.1
2024-02-10,1,214.3
2024-02-11,1,180.8
2024-02-12,1,196.9
2024-02-13,0,191.1
2024-02-14,0,188.8
2024-02-15,0,188.1
2024-02-16,1,235.9
2024-02-17,1,215.1
2024-02-18,1,206.4
2024-02-19,1,207.3
2024-02-20,1,221.6
2024-02-21,0,213.2
2024-02-22,1,201.9
2024-02-23,0,222.7
2024-02-24,0,227.3
2024-02-25,1,240.6
2024-02-26,1,219.7
2024-02-27,0,209.8
2024-02-28,0,202.0
2024-02-29,0,197.2
2024-03-01,0,214.0
2024-03-02,1,240.0
2024-03-03,1,212.4
2024-03-04,1,222.6
2024-03-05,1,221.9
2024-03-06,0,208.8
2024-03-07,1,240.7
2024-03-08,0,238.6
2024-03-09,1,247.0
2024-03-10,0,219.2
2024-03-11,0,210.0
2024-03-12,0,227.1
2024-03-13,0,227.2
2024-03-14,0,227.0
2024-03-15,0,235.4
2024-03-16,1,261.5
2024-03-17,1,238.9
2024-03-18,0,223.9
2024-03-19,1,232.0
2024-03-20,1,232.9
2024-03-21,1,214.6
2024-03-22,0,241.5
2024-03-23,0,246.2
2024-03-24,1,248.2
2024-03-25,1,241.9
2024-03-26,0,243.3
2024-03-27,1,262.9
2024-03-28,0,229.7
2024-03-29,1,291.9
2024-03-30,1,266.2
2024-03-31,1,249.1
2024-04-01,0,251.9
2024-04-02,1,282.7
2024-04-03,0,261.2
2024-04-04,1,273.2
2024-04-05,0,283.4
2024-04-06,1,290.9
2024-04-07,0,233.8
2024-04-08,0,237.6
2024-04-09,1,248.1
2024-04-10,0,232.9
2024-04-11,1,256.7
2024-04-12,1,281.7
2024-04-13,1,262.8
2024-04-14,0,240.5
2024-04-15,0,221.9
2024-04-16,1,221.5
2024-04-17,0,209.0
2024-04-18,1,230.1
2024-04-19,0,230.2
2024-04-20,0,244.7
2024-04-21,0,204.0
2024-04-22,0,215.8
2024-04-23,1,221.8
2024-04-24,0,225.2
2024-04-25,1,228.2
2024-04-26,0,224.8
2024-04-27,0,237.2
2024-04-28,1,220.6
2024-04-29,0,218.6
2024-04-30,1,228.0
2024-05-01,1,196.6
2024-05-02,1,190.0
2024-05-03,0,219.3
2024-05-04,1,243.7
2024-05-05,1,200.1
2024-05-06,0,181.5
2024-05-07,0,187.9
2024-05-08,0,189.4
2024-05-09,1,205.4
2024-05-10,0,223.4
2024-05-11,1,223.3
2024-05-12,0,184.6
2024-05-13,1,207.4
2024-05-14,0,175.4
2024-05-15,1,197.1
2024-05-16,0,172.2
2024-05-17,1,225.6
2024-05-18,1,227.6
2024-05-19,1,208.5
2024-05-20,1,199.0
2024-05-21,0,197.3
2024-05-22,1,197.3
2024-05-23,1,231.9
2024-05-24,0,230.8
2024-05-25,0,231.4
2024-05-26,0,214.6
2024-05-27,0,202.6
2024-05-28,1,216.6
2024-05-29,0,208.2
2024-05-30,0,212.6
2024-05-31,1,230.1
2024-06-01,1,258.2
2024-06-02,0,213.9
2024-06-03,0,234.6
2024-06-04,1,246.1
2024-06-05,0,219.5
2024-06-06,1,242.1
2024-06-07,0,261.7
2024-06-08,1,295.3
2024-06-09,0,229.1
2024-06-10,1,253.9
2024-06-11,1,265.2
2024-06-12,0,232.9
2024-06-13,1,252.1
2024-06-14,0,261.7
2024-06-15,1,268.7
2024-06-16,0,218.0
2024-06-17,0,203.6
2024-06-18,0,203.7
2024-06-19,1,214.2
2024-06-20,1,216.8
2024-06-21,0,221.5
2024-06-22,0,232.5
2024-06-23,1,213.8
2024-06-24,0,208.8
2024-06-25,1,208.9
2024-06-26,0,208.2
2024-06-27,1,228.6
2024-06-28,1,252.0
2024-06-29,0,240.7
2024-06-30,0,202.4
2024-07-01,1,229.4
2024-07-02,0,219.2
2024-07-03,0,218.6
2024-07-04,1,205.5
2024-07-05,1,255.9
2024-07-06,1,255.2
2024-07-07,0,196.2
2024-07-08,1,209.8
2024-07-09,1,206.3
2024-07-10,1,209.6
2024-07-11,0,190.1
2024-07-12,1,224.8
2024-07-13,0,221.4
2024-07-14,0,183.0
2024-07-15,0,205.9
2024-07-16,1,213.5
2024-07-17,1,204.3
2024-07-18,1,206.9
2024-07-19,0,213.7
2024-07-20,1,220.9
2024-07-21,0,196.2
2024-07-22,1,207.7
2024-07-23,0,207.0
2024-07-24,0,185.7
2024-07-25,1,234.2
2024-07-26,1,251.1
2024-07-27,1,246.1
2024-07-28,0,201.6
2024-07-29,1,227.9
2024-07-30,1,222.9
2024-07-31,0,208.4
2024-08-01,1,237.0
2024-08-02,1,234.3
2024-08-03,1,231.4
2024-08-04,0,222.4
2024-08-05,1,223.9
2024-08-06,1,232.2
2024-08-07,1,250.2
2024-08-08,1,247.4
2024-08-09,0,248.1
2024-08-10,1,265.8
2024-08-11,0,211.6
2024-08-12,1,236.4
2024-08-13,0,215.0
2024-08-14,1,223.7
2024-08-15,0,203.6
2024-08-16,0,230.6
2024-08-17,1,241.4
2024-08-18,1,204.3
2024-08-19,0,212.4
2024-08-20,0,209.6
2024-08-21,0,205.9
2024-08-22,1,212.7
2024-08-23,1,227.3
2024-08-24,1,240.0
2024-08-25,0,192.0
2024-08-26,0,188.9
2024-08-27,1,210.1
2024-08-28,0,187.2
2024-08-29,0,184.4
2024-08-30,1,230.2
2024-08-31,0,224.8
2024-09-01,0,196.3
2024-09-02,1,205.8
2024-09-03,1,205.0
2024-09-04,0,211.0
2024-09-05,0,206.9
2024-09-06,0,258.6
2024-09-07,0,229.4
2024-09-08,1,234.2
2024-09-09,1,225.2
2024-09-10,1,239.7
2024-09-11,0,235.1
2024-09-12,1,247.3
2024-09-13,1,269.9
2024-09-14,0,259.4
2024-09-15,0,221.4
2024-09-16,1,249.6
2024-09-17,1,257.2
2024-09-18,1,252.5
2024-09-19,1,266.9
2024-09-20,0,254.5
2024-09-21,0,250.1
2024-09-22,1,248.4
2024-09-23,1,257.3
2024-09-24,0,236.3
2024-09-25,0,230.5
2024-09-26,0,218.2
2024-09-27,1,255.4
2024-09-28,0,261.9
2024-09-29,0,244.5
2024-09-30,0,224.3
2024-10-01,1,264.5
2024-10-02,0,257.2
2024-10-03,1,261.9
2024-10-04,0,274.7
2024-10-05,0,257.7
2024-10-06,1,263.9
2024-10-07,1,283.5
2024-10-08,1,289.7
2024-10-09,1,265.2
2024-10-10,1,259.1
2024-10-11,0,273.4
2024-10-12,0,260.0
2024-10-13,1,259.5
2024-10-14,1,247.3
2024-10-15,1,240.0
2024-10-16,0,218.1
2024-10-17,1,253.3
2024-10-18,0,248.7
2024-10-19,1,262.8
2024-10-20,0,220.2
2024-10-21,0,231.2
2024-10-22,1,239.8
2024-10-23,1,231.2
2024-10-24,0,225.6
2024-10-25,0,234.6
2024-10-26,1,255.1
2024-10-27,1,234.3
2024-10-28,0,223.1
2024-10-29,0,232.3
2024-10-30,1,240.3
2024-10-31,0,238.6
2024-11-01,0,254.8
2024-11-02,0,267.6
2024-11-03,0,223.8
2024-11-04,1,261.2
2024-11-05,0,231.8
2024-11-06,0,226.7
2024-11-07,0,236.7
2024-11-08,1,300.8
2024-11-09,0,267.6
2024-11-10,0,266.4
2024-11-11,1,258.2
2024-11-12,1,264.3
2024-11-13,1,278.3
2024-11-14,1,263.2
2024-11-15,0,291.9
2024-11-16,0,266.6
2024-11-17,1,259.9
2024-11-18,1,256.9
2024-11-19,1,287.4
2024-11-20,0,256.8
2024-11-21,1,268.9
2024-11-22,0,269.3
2024-11-23,1,296.3
2024-11-24,1,274.1
2024-11-25,1,264.6
2024-11-26,1,245.2
2024-11-27,0,244.4
2024-11-28,1,255.5
2024-11-29,1,284.0
2024-11-30,1,279.0
2024-12-01,1,233.3
2024-12-02,1,250.8
2024-12-03,0,228.7
2024-12-04,0,236.5
2024-12-05,0,237.0
2024-12-06,1,275.1
2024-12-07,1,274.0
2024-12-08,0,238.4
2024-12-09,0,238.1
2024-12-10,1,224.1
2024-12-11,0,221.0
2024-12-12,1,233.0
2024-12-13,0,255.6
2024-12-14,0,246.5
2024-12-15,0,233.6
2024-12-16,1,238.0
2024-12-17,1,240.0
2024-12-18,0,212.4
2024-12-19,1,234.9
2024-12-20,0,240.1
2024-12-21,0,232.5
2024-12-22,0,209.1
2024-12-23,0,200.0
2024-12-24,0,207.0
2024-12-25,0,211.8
2024-12-26,1,224.4
2024-12-27,0,228.4
2024-12-28,1,222.4
2024-12-29,0,184.2
2024-12-30,1,186.1
